dataset,sampling,replicate,seed,method,returned,parameter,estimate,truth,relative_error,ci_lower,ci_upper,ci_covers_truth,fit_seconds
1cmt_iv__rich__000,rich,0,260925000,nlmixr2_focei,1,theta_CL,4.43072878296241,4.0,0.10768219574060245,3.927485371605089,4.998454657553211,1,33.78
1cmt_iv__rich__000,rich,0,260925000,nlmixr2_focei,1,theta_V,41.276537206748,40.0,0.031913430168700074,37.907817593891345,44.94462176726849,1,33.78
1cmt_iv__rich__000,rich,0,260925000,nlmixr2_focei,1,omega_CL,0.111414035417649,0.09,0.23793372686276665,,,,33.78
1cmt_iv__rich__000,rich,0,260925000,nlmixr2_focei,1,omega_V,0.052689003054594,0.04,0.31722507636485,,,,33.78
1cmt_iv__rich__000,rich,0,260925000,nlmixr2_focei,1,sigma_prop,0.15478569628009,0.15,0.031904641867266756,,,,33.78
1cmt_iv__rich__000,rich,0,260925000,nlmixr2_saem,1,theta_CL,4.39858188129223,4.0,0.0996454703230576,3.897003851285851,4.964717332791039,1,40.08
1cmt_iv__rich__000,rich,0,260925000,nlmixr2_saem,1,theta_V,41.1309146866003,40.0,0.028272867165007477,37.817083515325756,44.73512988569816,1,40.08
1cmt_iv__rich__000,rich,0,260925000,nlmixr2_saem,1,omega_CL,0.112448606848534,0.09,0.24942896498371114,,,,40.08
1cmt_iv__rich__000,rich,0,260925000,nlmixr2_saem,1,omega_V,0.0522657754880015,0.04,0.3066443872000375,,,,40.08
1cmt_iv__rich__000,rich,0,260925000,nlmixr2_saem,1,sigma_prop,0.154745910256512,0.15,0.03163940171007999,,,,40.08
1cmt_iv__rich__000,rich,0,260925000,pkpy2,1,theta_CL,4.395572275177445,4.0,0.09889306879436122,3.890719391776477,4.9659339779543314,1,10.000982599987765
1cmt_iv__rich__000,rich,0,260925000,pkpy2,1,theta_V,41.12104905715793,40.0,0.02802622642894832,37.753667130959236,44.78877958254187,1,10.000982599987765
1cmt_iv__rich__000,rich,0,260925000,pkpy2,1,omega_CL,0.1129273758212256,0.09,0.25474862023584005,,,,10.000982599987765
1cmt_iv__rich__000,rich,0,260925000,pkpy2,1,omega_V,0.05235334846451143,0.04,0.3088337116127857,,,,10.000982599987765
1cmt_iv__rich__000,rich,0,260925000,pkpy2,1,sigma_prop,0.15449447171068972,0.15,0.02996314473793153,,,,10.000982599987765
1cmt_iv__rich__000,rich,0,260925000,saemix,1,theta_CL,4.40326430186763,4.0,0.1008160754669074,3.897287841946046,4.974930592352753,1,4.47000000000001
1cmt_iv__rich__000,rich,0,260925000,saemix,1,theta_V,41.1297524097927,40.0,0.028243810244817525,37.74226989530741,44.82127169307261,1,4.47000000000001
1cmt_iv__rich__000,rich,0,260925000,saemix,1,omega_CL,0.113040190477973,0.09,0.2560021164219222,,,,4.47000000000001
1cmt_iv__rich__000,rich,0,260925000,saemix,1,omega_V,0.053006382994333,0.04,0.32515957485832503,,,,4.47000000000001
1cmt_iv__rich__000,rich,0,260925000,saemix,1,sigma_prop,0.154478105719583,0.15,0.02985403813055343,,,,4.47000000000001
1cmt_iv__rich__001,rich,1,260925001,nlmixr2_focei,1,theta_CL,4.10465831901236,4.0,0.026164579753090056,3.6544279724608124,4.610357638131845,1,33.4
1cmt_iv__rich__001,rich,1,260925001,nlmixr2_focei,1,theta_V,40.1629446627829,40.0,0.004073616569572458,37.8482546240701,42.61919446504444,1,33.4
1cmt_iv__rich__001,rich,1,260925001,nlmixr2_focei,1,omega_CL,0.104786110442726,0.09,0.1642901160302889,,,,33.4
1cmt_iv__rich__001,rich,1,260925001,nlmixr2_focei,1,omega_V,0.0233838315755306,0.04,-0.41540421061173505,,,,33.4
1cmt_iv__rich__001,rich,1,260925001,nlmixr2_focei,1,sigma_prop,0.148304771152728,0.15,-0.011301525648479971,,,,33.4
1cmt_iv__rich__001,rich,1,260925001,nlmixr2_saem,1,theta_CL,4.07731398014426,4.0,0.01932849503606504,3.6260505579572273,4.584737313217553,1,36.15
1cmt_iv__rich__001,rich,1,260925001,nlmixr2_saem,1,theta_V,40.0487184995542,40.0,0.0012179624888549513,37.79266167849319,42.43945205820928,1,36.15
1cmt_iv__rich__001,rich,1,260925001,nlmixr2_saem,1,omega_CL,0.105634425950532,0.09,0.1737158438948001,,,,36.15
1cmt_iv__rich__001,rich,1,260925001,nlmixr2_saem,1,omega_V,0.0237651108691314,0.04,-0.405872228271715,,,,36.15
1cmt_iv__rich__001,rich,1,260925001,nlmixr2_saem,1,sigma_prop,0.147918595255523,0.15,-0.013876031629846594,,,,36.15
1cmt_iv__rich__001,rich,1,260925001,pkpy2,1,theta_CL,4.076679826105201,4.0,0.019169956526300158,3.622370319216467,4.587967805612969,1,9.48997289998806
1cmt_iv__rich__001,rich,1,260925001,pkpy2,1,theta_V,40.061420121250904,40.0,0.0015355030312726114,37.74623214273194,42.51861155472691,1,9.48997289998806
1cmt_iv__rich__001,rich,1,260925001,pkpy2,1,omega_CL,0.10602540531897858,0.09,0.17806005909976208,,,,9.48997289998806
1cmt_iv__rich__001,rich,1,260925001,pkpy2,1,omega_V,0.023386504319831886,0.04,-0.4153373920042029,,,,9.48997289998806
1cmt_iv__rich__001,rich,1,260925001,pkpy2,1,sigma_prop,0.14818965310629925,0.15,-0.012068979291338286,,,,9.48997289998806
1cmt_iv__rich__001,rich,1,260925001,saemix,1,theta_CL,4.07781847278294,4.0,0.019454618195734907,3.6238132947646977,4.58870315449006,1,4.84
1cmt_iv__rich__001,rich,1,260925001,saemix,1,theta_V,40.0902655200176,40.0,0.00225663800044007,37.7614982471984,42.56264883729171,1,4.84
1cmt_iv__rich__001,rich,1,260925001,saemix,1,omega_CL,0.105836453035877,0.09,0.17596058928752234,,,,4.84
1cmt_iv__rich__001,rich,1,260925001,saemix,1,omega_V,0.0236549584539141,0.04,-0.40862603865214747,,,,4.84
1cmt_iv__rich__001,rich,1,260925001,saemix,1,sigma_prop,0.148128115182572,0.15,-0.012479232116186697,,,,4.84
1cmt_iv__rich__002,rich,2,260925002,nlmixr2_focei,1,theta_CL,4.25945753125742,4.0,0.06486438281435492,3.80043540841135,4.773921014531765,1,33.92
1cmt_iv__rich__002,rich,2,260925002,nlmixr2_focei,1,theta_V,40.4246184742605,40.0,0.010615461856512454,37.44274938439637,43.6439579266187,1,33.92
1cmt_iv__rich__002,rich,2,260925002,nlmixr2_focei,1,omega_CL,0.108288780330595,0.09,0.20320867033994444,,,,33.92
1cmt_iv__rich__002,rich,2,260925002,nlmixr2_focei,1,omega_V,0.0411924077328882,0.04,0.029810193322205025,,,,33.92
1cmt_iv__rich__002,rich,2,260925002,nlmixr2_focei,1,sigma_prop,0.1657544734526,0.15,0.10502982301733337,,,,33.92
1cmt_iv__rich__002,rich,2,260925002,nlmixr2_saem,1,theta_CL,4.21429093283273,4.0,0.053572733208182566,3.7385432069425866,4.750579860512205,1,44.04
1cmt_iv__rich__002,rich,2,260925002,nlmixr2_saem,1,theta_V,40.2003351990117,40.0,0.005008379975292421,37.2969703727113,43.32971107206365,1,44.04
1cmt_iv__rich__002,rich,2,260925002,nlmixr2_saem,1,omega_CL,0.109603765155834,0.09,0.2178196128426001,,,,44.04
1cmt_iv__rich__002,rich,2,260925002,nlmixr2_saem,1,omega_V,0.040332700610971,0.04,0.00831751527427503,,,,44.04
1cmt_iv__rich__002,rich,2,260925002,nlmixr2_saem,1,sigma_prop,0.165153787912365,0.15,0.10102525274910013,,,,44.04
1cmt_iv__rich__002,rich,2,260925002,pkpy2,1,theta_CL,4.214971677977375,4.0,0.05374291949434373,3.735457596415851,4.756040133663346,1,9.490497699996922
1cmt_iv__rich__002,rich,2,260925002,pkpy2,1,theta_V,40.26476127193135,40.0,0.006619031798283714,37.28921254719541,43.47774837652237,1,9.490497699996922
1cmt_iv__rich__002,rich,2,260925002,pkpy2,1,omega_CL,0.1100809429642353,0.09,0.22312158849150343,,,,9.490497699996922
1cmt_iv__rich__002,rich,2,260925002,pkpy2,1,omega_V,0.040625675243775757,0.04,0.015641881094393892,,,,9.490497699996922
1cmt_iv__rich__002,rich,2,260925002,pkpy2,1,sigma_prop,0.16534722733614612,0.15,0.10231484890764087,,,,9.490497699996922
1cmt_iv__rich__002,rich,2,260925002,saemix,1,theta_CL,4.22890201290737,4.0,0.0572255032268425,3.7444294625818006,4.776057985197344,1,3.44000000000001
1cmt_iv__rich__002,rich,2,260925002,saemix,1,theta_V,40.385574147353,40.0,0.009639353683824936,37.43300855316817,43.57102627470499,1,3.44000000000001
1cmt_iv__rich__002,rich,2,260925002,saemix,1,omega_CL,0.111767972639663,0.09,0.24186636266292222,,,,3.44000000000001
1cmt_iv__rich__002,rich,2,260925002,saemix,1,omega_V,0.0395902150263971,0.04,-0.010244624340072575,,,,3.44000000000001
1cmt_iv__rich__002,rich,2,260925002,saemix,1,sigma_prop,0.166178808513065,0.15,0.10785872342043332,,,,3.44000000000001
1cmt_iv__rich__003,rich,3,260925003,nlmixr2_focei,1,theta_CL,3.97081214383035,4.0,-0.007296964042412535,3.5819837372604595,4.401848315941718,1,33.86
1cmt_iv__rich__003,rich,3,260925003,nlmixr2_focei,1,theta_V,40.414531136889,40.0,0.010363278422225087,37.45380917348046,43.60929804093383,1,33.86
1cmt_iv__rich__003,rich,3,260925003,nlmixr2_focei,1,omega_CL,0.0808813015111145,0.09,-0.10131887209872774,,,,33.86
1cmt_iv__rich__003,rich,3,260925003,nlmixr2_focei,1,omega_V,0.0445993606440392,0.04,0.11498401610098001,,,,33.86
1cmt_iv__rich__003,rich,3,260925003,nlmixr2_focei,1,sigma_prop,0.142178418654421,0.15,-0.05214387563719336,,,,33.86
1cmt_iv__rich__003,rich,3,260925003,nlmixr2_saem,1,theta_CL,3.93620754826446,4.0,-0.015948112933884984,3.5487385660423216,4.365982327149353,1,36.37
1cmt_iv__rich__003,rich,3,260925003,nlmixr2_saem,1,theta_V,40.2905307405642,40.0,0.0072632685141050144,37.304068447406635,43.516081084962785,1,36.37
1cmt_iv__rich__003,rich,3,260925003,nlmixr2_saem,1,omega_CL,0.0821585435674933,0.09,-0.08712729369451883,,,,36.37
1cmt_iv__rich__003,rich,3,260925003,nlmixr2_saem,1,omega_V,0.0438121266707109,0.04,0.09530316676777256,,,,36.37
1cmt_iv__rich__003,rich,3,260925003,nlmixr2_saem,1,sigma_prop,0.141933525110506,0.15,-0.05377649926329331,,,,36.37
1cmt_iv__rich__003,rich,3,260925003,pkpy2,1,theta_CL,3.935169575429828,4.0,-0.01620760614254302,3.5455182228743194,4.36764349072632,1,10.676911100003053
1cmt_iv__rich__003,rich,3,260925003,pkpy2,1,theta_V,40.29579524745724,40.0,0.007394881186431057,37.2646167954389,43.5735358165213,1,10.676911100003053
1cmt_iv__rich__003,rich,3,260925003,pkpy2,1,omega_CL,0.08207341673458729,0.09,-0.08807314739347452,,,,10.676911100003053
1cmt_iv__rich__003,rich,3,260925003,pkpy2,1,omega_V,0.043745655430388365,0.04,0.09364138575970911,,,,10.676911100003053
1cmt_iv__rich__003,rich,3,260925003,pkpy2,1,sigma_prop,0.14201052909087974,0.15,-0.053263139394135,,,,10.676911100003053
1cmt_iv__rich__003,rich,3,260925003,saemix,1,theta_CL,3.93840778354753,4.0,-0.015398054113117454,3.5503673430041593,4.368859436495104,1,4.70999999999999
1cmt_iv__rich__003,rich,3,260925003,saemix,1,theta_V,40.3122202168608,40.0,0.0078055054215200315,37.275463798260105,43.59637502051775,1,4.70999999999999
1cmt_iv__rich__003,rich,3,260925003,saemix,1,omega_CL,0.081231991945216,0.09,-0.09742231171982212,,,,4.70999999999999
1cmt_iv__rich__003,rich,3,260925003,saemix,1,omega_V,0.043937444151716,0.04,0.09843610379289998,,,,4.70999999999999
1cmt_iv__rich__003,rich,3,260925003,saemix,1,sigma_prop,0.142053804073779,0.15,-0.05297463950814004,,,,4.70999999999999
1cmt_iv__rich__004,rich,4,260925004,nlmixr2_focei,1,theta_CL,4.16285546471543,4.0,0.04071386617885753,3.7424730705364486,4.630458334233817,1,33.69
1cmt_iv__rich__004,rich,4,260925004,nlmixr2_focei,1,theta_V,37.3604964506023,40.0,-0.06598758873494255,34.30247511168165,40.691136441058944,1,33.69
1cmt_iv__rich__004,rich,4,260925004,nlmixr2_focei,1,omega_CL,0.088072632740178,0.09,-0.021415191775799963,,,,33.69
1cmt_iv__rich__004,rich,4,260925004,nlmixr2_focei,1,omega_V,0.0522084504455,0.04,0.3052112611375,,,,33.69
1cmt_iv__rich__004,rich,4,260925004,nlmixr2_focei,1,sigma_prop,0.150883460486421,0.15,0.005889736576140114,,,,33.69
1cmt_iv__rich__004,rich,4,260925004,nlmixr2_saem,1,theta_CL,4.13156674879957,4.0,0.03289168719989255,3.7111302288106027,4.599634814016495,1,43.06
1cmt_iv__rich__004,rich,4,260925004,nlmixr2_saem,1,theta_V,37.2602320270361,40.0,-0.06849419932409742,34.28045655912764,40.49901985155757,1,43.06
1cmt_iv__rich__004,rich,4,260925004,nlmixr2_saem,1,omega_CL,0.0883049549687433,0.09,-0.018833833680629977,,,,43.06
1cmt_iv__rich__004,rich,4,260925004,nlmixr2_saem,1,omega_V,0.0517099696339907,0.04,0.2927492408497675,,,,43.06
1cmt_iv__rich__004,rich,4,260925004,nlmixr2_saem,1,sigma_prop,0.150819422616557,0.15,0.005462817443713427,,,,43.06
1cmt_iv__rich__004,rich,4,260925004,pkpy2,1,theta_CL,4.129330050518638,4.0,0.032332512629659416,3.7053250040796195,4.6018545329606555,1,9.313722899998538
1cmt_iv__rich__004,rich,4,260925004,pkpy2,1,theta_V,37.25442298057889,40.0,-0.06863942548552782,34.213057242543854,40.56615057160236,1,9.313722899998538
1cmt_iv__rich__004,rich,4,260925004,pkpy2,1,omega_CL,0.08883884917250369,0.09,-0.012901675861070081,,,,9.313722899998538
1cmt_iv__rich__004,rich,4,260925004,pkpy2,1,omega_V,0.05214111142334595,0.04,0.3035277855836488,,,,9.313722899998538
1cmt_iv__rich__004,rich,4,260925004,pkpy2,1,sigma_prop,0.15077649894047732,0.15,0.005176659603182143,,,,9.313722899998538
1cmt_iv__rich__004,rich,4,260925004,saemix,1,theta_CL,4.13471360450196,4.0,0.03367840112549003,3.710402661173597,4.607547523116046,1,3.81999999999999
1cmt_iv__rich__004,rich,4,260925004,saemix,1,theta_V,37.2462671921705,40.0,-0.06884332019573751,34.20998345136917,40.55203422482317,1,3.81999999999999
1cmt_iv__rich__004,rich,4,260925004,saemix,1,omega_CL,0.088787880044344,0.09,-0.01346799950728885,,,,3.81999999999999
1cmt_iv__rich__004,rich,4,260925004,saemix,1,omega_V,0.0520268458447966,0.04,0.300671146119915,,,,3.81999999999999
1cmt_iv__rich__004,rich,4,260925004,saemix,1,sigma_prop,0.150321111230217,0.15,0.0021407415347799814,,,,3.81999999999999
1cmt_iv__rich__005,rich,5,260925005,nlmixr2_focei,1,theta_CL,3.59023973309989,4.0,-0.10244006672502748,3.230071828139937,3.9905680204492167,0,6.76000000000001
1cmt_iv__rich__005,rich,5,260925005,nlmixr2_focei,1,theta_V,38.5262735549453,40.0,-0.03684316112636754,35.853943122691184,41.39778291473644,1,6.76000000000001
1cmt_iv__rich__005,rich,5,260925005,nlmixr2_focei,1,omega_CL,0.0797677116322318,0.09,-0.11369209297520219,,,,6.76000000000001
1cmt_iv__rich__005,rich,5,260925005,nlmixr2_focei,1,omega_V,0.036859250479062,0.04,-0.07851873802344998,,,,6.76000000000001
1cmt_iv__rich__005,rich,5,260925005,nlmixr2_focei,1,sigma_prop,0.144708689648143,0.15,-0.03527540234571321,,,,6.76000000000001
1cmt_iv__rich__005,rich,5,260925005,nlmixr2_saem,1,theta_CL,3.56204813740952,4.0,-0.10948796564761998,3.2146040549057404,3.9470450221884876,0,22.66
1cmt_iv__rich__005,rich,5,260925005,nlmixr2_saem,1,theta_V,38.371483195495,40.0,-0.04071292011262493,35.7274307909081,41.21121194633574,1,22.66
1cmt_iv__rich__005,rich,5,260925005,nlmixr2_saem,1,omega_CL,0.0802404847382154,0.09,-0.10843905846427324,,,,22.66
1cmt_iv__rich__005,rich,5,260925005,nlmixr2_saem,1,omega_V,0.0371824768205177,0.04,-0.07043807948705748,,,,22.66
1cmt_iv__rich__005,rich,5,260925005,nlmixr2_saem,1,sigma_prop,0.144294202223594,0.15,-0.03803865184270672,,,,22.66
1cmt_iv__rich__005,rich,5,260925005,pkpy2,1,theta_CL,3.562723535669201,4.0,-0.10931911608269973,3.2124185291088776,3.951228296249518,0,8.581707599994843
1cmt_iv__rich__005,rich,5,260925005,pkpy2,1,theta_V,38.409870909023795,40.0,-0.03975322727440513,35.726970421785744,41.29424258006066,1,8.581707599994843
1cmt_iv__rich__005,rich,5,260925005,pkpy2,1,omega_CL,0.08049996131179453,0.09,-0.1055559854245052,,,,8.581707599994843
1cmt_iv__rich__005,rich,5,260925005,pkpy2,1,omega_V,0.036831801593513756,0.04,-0.07920496016215611,,,,8.581707599994843
1cmt_iv__rich__005,rich,5,260925005,pkpy2,1,sigma_prop,0.1444455435016073,0.15,-0.037029709989284676,,,,8.581707599994843
1cmt_iv__rich__005,rich,5,260925005,saemix,1,theta_CL,3.56897267378618,4.0,-0.10775683155345495,3.2168044123466344,3.9596954969794136,0,3.75
1cmt_iv__rich__005,rich,5,260925005,saemix,1,theta_V,38.5075896359422,40.0,-0.03731025910144492,35.8144778469204,41.403213133753084,1,3.75
1cmt_iv__rich__005,rich,5,260925005,saemix,1,omega_CL,0.0811176652755896,0.09,-0.09869260804900443,,,,3.75
1cmt_iv__rich__005,rich,5,260925005,saemix,1,omega_V,0.0369464559761603,0.04,-0.07633860059599248,,,,3.75
1cmt_iv__rich__005,rich,5,260925005,saemix,1,sigma_prop,0.144611177830304,0.15,-0.035925481131306634,,,,3.75
1cmt_iv__rich__006,rich,6,260925006,nlmixr2_focei,1,theta_CL,3.79338864722895,4.0,-0.05165283819276245,3.4451980515890908,4.176769292635649,1,7.47000000000001
1cmt_iv__rich__006,rich,6,260925006,nlmixr2_focei,1,theta_V,38.2461335376233,40.0,-0.04384666155941748,35.91882731190189,40.72423405908406,1,7.47000000000001
1cmt_iv__rich__006,rich,6,260925006,nlmixr2_focei,1,omega_CL,0.0713537438800872,0.09,-0.2071806235545867,,,,7.47000000000001
1cmt_iv__rich__006,rich,6,260925006,nlmixr2_focei,1,omega_V,0.0262119601085388,0.04,-0.34470099728653003,,,,7.47000000000001
1cmt_iv__rich__006,rich,6,260925006,nlmixr2_focei,1,sigma_prop,0.151848729719639,0.15,0.01232486479759339,,,,7.47000000000001
1cmt_iv__rich__006,rich,6,260925006,nlmixr2_saem,1,theta_CL,3.76233921392098,4.0,-0.05941519651975502,3.4147108880050547,4.145357198564268,1,20.93
1cmt_iv__rich__006,rich,6,260925006,nlmixr2_saem,1,theta_V,38.1273963594,40.0,-0.04681509101499994,35.89624630537444,40.49722471759223,1,20.93
1cmt_iv__rich__006,rich,6,260925006,nlmixr2_saem,1,omega_CL,0.0715952877546101,0.09,-0.20449680272655438,,,,20.93
1cmt_iv__rich__006,rich,6,260925006,nlmixr2_saem,1,omega_V,0.0259507130308937,0.04,-0.3512321742276575,,,,20.93
1cmt_iv__rich__006,rich,6,260925006,nlmixr2_saem,1,sigma_prop,0.151640413028739,0.15,0.010936086858260124,,,,20.93
1cmt_iv__rich__006,rich,6,260925006,pkpy2,1,theta_CL,3.7609963200776573,4.0,-0.05975091998058568,3.409734374709586,4.148444355241733,1,9.320342300008633
1cmt_iv__rich__006,rich,6,260925006,pkpy2,1,theta_V,38.12938701479162,40.0,-0.04676532463020955,35.813276813974035,40.595284304073495,1,9.320342300008633
1cmt_iv__rich__006,rich,6,260925006,pkpy2,1,omega_CL,0.07214844126890993,0.09,-0.19835065256766743,,,,9.320342300008633
1cmt_iv__rich__006,rich,6,260925006,pkpy2,1,omega_V,0.026192176717377846,0.04,-0.3451955820655539,,,,9.320342300008633
1cmt_iv__rich__006,rich,6,260925006,pkpy2,1,sigma_prop,0.15156246071660848,0.15,0.010416404777389884,,,,9.320342300008633
1cmt_iv__rich__006,rich,6,260925006,saemix,1,theta_CL,3.76585509009082,4.0,-0.05853622747729503,3.4134076728760396,4.154694053175862,1,3.05
1cmt_iv__rich__006,rich,6,260925006,saemix,1,theta_V,38.1739215393875,40.0,-0.0456519615153125,35.849974594485246,40.64851655207252,1,3.05
1cmt_iv__rich__006,rich,6,260925006,saemix,1,omega_CL,0.0725082972025595,0.09,-0.19435225330489445,,,,3.05
1cmt_iv__rich__006,rich,6,260925006,saemix,1,omega_V,0.0262924709151626,0.04,-0.342688227120935,,,,3.05
1cmt_iv__rich__006,rich,6,260925006,saemix,1,sigma_prop,0.151552774673314,0.15,0.010351831155426632,,,,3.05
1cmt_iv__rich__007,rich,7,260925007,nlmixr2_focei,1,theta_CL,3.75708611739413,4.0,-0.06072847065146747,3.4241568379562533,4.122385965807808,1,5.38
1cmt_iv__rich__007,rich,7,260925007,nlmixr2_focei,1,theta_V,40.8271512768747,40.0,0.02067878192186754,37.769541031390986,44.13228850198247,1,5.38
1cmt_iv__rich__007,rich,7,260925007,nlmixr2_focei,1,omega_CL,0.0622352808625918,0.09,-0.3084968793045355,,,,5.38
1cmt_iv__rich__007,rich,7,260925007,nlmixr2_focei,1,omega_V,0.0440211693847794,0.04,0.10052923461948501,,,,5.38
1cmt_iv__rich__007,rich,7,260925007,nlmixr2_focei,1,sigma_prop,0.143903074178376,0.15,-0.04064617214415996,,,,5.38
1cmt_iv__rich__007,rich,7,260925007,nlmixr2_saem,1,theta_CL,3.72782767655002,4.0,-0.068043080862495,3.4027033309168675,4.084017275260908,1,20.8
1cmt_iv__rich__007,rich,7,260925007,nlmixr2_saem,1,theta_V,40.7241073306392,40.0,0.01810268326597999,37.6938425410796,43.997979671878824,1,20.8
1cmt_iv__rich__007,rich,7,260925007,nlmixr2_saem,1,omega_CL,0.0632009269808682,0.09,-0.29776747799035336,,,,20.8
1cmt_iv__rich__007,rich,7,260925007,nlmixr2_saem,1,omega_V,0.044331369793387,0.04,0.10828424483467491,,,,20.8
1cmt_iv__rich__007,rich,7,260925007,nlmixr2_saem,1,sigma_prop,0.143519372176564,0.15,-0.04320418548957335,,,,20.8
1cmt_iv__rich__007,rich,7,260925007,pkpy2,1,theta_CL,3.7267888263016995,4.0,-0.06830279342457513,3.3991968989927637,4.085951878798994,1,9.584451699993224
1cmt_iv__rich__007,rich,7,260925007,pkpy2,1,theta_V,40.724765071735234,40.0,0.018119126793380857,37.651768921792964,44.04856764081746,1,9.584451699993224
1cmt_iv__rich__007,rich,7,260925007,pkpy2,1,omega_CL,0.06316034317699856,0.09,-0.2982184091444604,,,,9.584451699993224
1cmt_iv__rich__007,rich,7,260925007,pkpy2,1,omega_V,0.044120190054626265,0.04,0.10300475136565661,,,,9.584451699993224
1cmt_iv__rich__007,rich,7,260925007,pkpy2,1,sigma_prop,0.14378393227467953,0.15,-0.04144045150213642,,,,9.584451699993224
1cmt_iv__rich__007,rich,7,260925007,saemix,1,theta_CL,3.72955473580442,4.0,-0.06761131604889503,3.399067776990679,4.09217451370618,1,3.27000000000001
1cmt_iv__rich__007,rich,7,260925007,saemix,1,theta_V,40.8002013144479,40.0,0.020005032861197414,37.69811045695625,44.157556098207706,1,3.27000000000001
1cmt_iv__rich__007,rich,7,260925007,saemix,1,omega_CL,0.0642506235143419,0.09,-0.2861041831739789,,,,3.27000000000001
1cmt_iv__rich__007,rich,7,260925007,saemix,1,omega_V,0.0447658836003448,0.04,0.11914709000862,,,,3.27000000000001
1cmt_iv__rich__007,rich,7,260925007,saemix,1,sigma_prop,0.143916934911093,0.15,-0.040553767259379946,,,,3.27000000000001
1cmt_iv__rich__008,rich,8,260925008,nlmixr2_focei,1,theta_CL,3.72687973811126,4.0,-0.06828006547218501,3.4315307550516043,4.04764916120805,1,7.91
1cmt_iv__rich__008,rich,8,260925008,nlmixr2_focei,1,theta_V,39.8240642223864,40.0,-0.00439839444034007,36.97525928986923,42.89235888126115,1,7.91
1cmt_iv__rich__008,rich,8,260925008,nlmixr2_focei,1,omega_CL,0.0516610132970541,0.09,-0.4259887411438433,,,,7.91
1cmt_iv__rich__008,rich,8,260925008,nlmixr2_focei,1,omega_V,0.0388813878950101,0.04,-0.02796530262474759,,,,7.91
1cmt_iv__rich__008,rich,8,260925008,nlmixr2_focei,1,sigma_prop,0.15310851556876,0.15,0.020723437125066784,,,,7.91
1cmt_iv__rich__008,rich,8,260925008,nlmixr2_saem,1,theta_CL,3.68634424963726,4.0,-0.07841393759068505,3.3905326961830697,4.007964277156747,1,21.48
1cmt_iv__rich__008,rich,8,260925008,nlmixr2_saem,1,theta_V,39.6619522890836,40.0,-0.008451192772909977,36.8578021875112,42.67944277791363,1,21.48
1cmt_iv__rich__008,rich,8,260925008,nlmixr2_saem,1,omega_CL,0.0525550436394548,0.09,-0.41605507067272446,,,,21.48
1cmt_iv__rich__008,rich,8,260925008,nlmixr2_saem,1,omega_V,0.039069691547824,0.04,-0.023257711304400068,,,,21.48
1cmt_iv__rich__008,rich,8,260925008,nlmixr2_saem,1,sigma_prop,0.152732294356544,0.15,0.01821529571029342,,,,21.48
1cmt_iv__rich__008,rich,8,260925008,pkpy2,1,theta_CL,3.6872340657494265,4.0,-0.07819148356264338,3.38860985223972,4.0121747998333,1,9.212684199999785
1cmt_iv__rich__008,rich,8,260925008,pkpy2,1,theta_V,39.69010853357105,40.0,-0.007747286660723773,36.830570881145455,42.7716616310471,1,9.212684199999785
1cmt_iv__rich__008,rich,8,260925008,pkpy2,1,omega_CL,0.05255053585261281,0.09,-0.41610515719319097,,,,9.212684199999785
1cmt_iv__rich__008,rich,8,260925008,pkpy2,1,omega_V,0.03913497810704421,0.04,-0.02162554732389483,,,,9.212684199999785
1cmt_iv__rich__008,rich,8,260925008,pkpy2,1,sigma_prop,0.1528174638982139,0.15,0.018783092654759415,,,,9.212684199999785
1cmt_iv__rich__008,rich,8,260925008,saemix,1,theta_CL,3.69012362164548,4.0,-0.07746909458863005,3.3900007180708247,4.01681694945926,1,4.25
1cmt_iv__rich__008,rich,8,260925008,saemix,1,theta_V,39.7589379782105,40.0,-0.006026550544737575,36.88942992272286,42.851655676616375,1,4.25
1cmt_iv__rich__008,rich,8,260925008,saemix,1,omega_CL,0.053033514819163,0.09,-0.41073872423152225,,,,4.25
1cmt_iv__rich__008,rich,8,260925008,saemix,1,omega_V,0.0392223819982895,0.04,-0.019440450042762514,,,,4.25
1cmt_iv__rich__008,rich,8,260925008,saemix,1,sigma_prop,0.153034014695037,0.15,0.020226764633580013,,,,4.25
1cmt_iv__rich__009,rich,9,260925009,nlmixr2_focei,1,theta_CL,4.25675601569391,4.0,0.0641890039234776,3.7729890613658204,4.802550837660493,1,5.24000000000001
1cmt_iv__rich__009,rich,9,260925009,nlmixr2_focei,1,theta_V,40.5359763123243,40.0,0.013399407808107533,38.2256414906817,42.98594638349948,1,5.24000000000001
1cmt_iv__rich__009,rich,9,260925009,nlmixr2_focei,1,omega_CL,0.111213192391037,0.09,0.2357021376781889,,,,5.24000000000001
1cmt_iv__rich__009,rich,9,260925009,nlmixr2_focei,1,omega_V,0.0219784670657487,0.04,-0.4505383233562825,,,,5.24000000000001
1cmt_iv__rich__009,rich,9,260925009,nlmixr2_focei,1,sigma_prop,0.147955322895173,0.15,-0.013631180698846687,,,,5.24000000000001
1cmt_iv__rich__009,rich,9,260925009,nlmixr2_saem,1,theta_CL,4.22312283784959,4.0,0.05578070946239744,3.7392048971908762,4.769668149762363,1,19.89
1cmt_iv__rich__009,rich,9,260925009,nlmixr2_saem,1,theta_V,40.4355354356423,40.0,0.010888385891057516,38.22955209919556,42.768811984106115,1,19.89
1cmt_iv__rich__009,rich,9,260925009,nlmixr2_saem,1,omega_CL,0.113766297264421,0.09,0.2640699696046778,,,,19.89
1cmt_iv__rich__009,rich,9,260925009,nlmixr2_saem,1,omega_V,0.022098210708945,0.04,-0.44754473227637503,,,,19.89
1cmt_iv__rich__009,rich,9,260925009,nlmixr2_saem,1,sigma_prop,0.148127835105558,0.15,-0.012481099296280015,,,,19.89
1cmt_iv__rich__009,rich,9,260925009,pkpy2,1,theta_CL,4.219441216012611,4.0,0.05486030400315278,3.7336370770988485,4.768456014267995,1,8.902128400004585
1cmt_iv__rich__009,rich,9,260925009,pkpy2,1,theta_V,40.42621508575516,40.0,0.010655377143879008,38.14812118487568,42.84035007227747,1,8.902128400004585
1cmt_iv__rich__009,rich,9,260925009,pkpy2,1,omega_CL,0.11398684683343996,0.09,0.26652052037155516,,,,8.902128400004585
1cmt_iv__rich__009,rich,9,260925009,pkpy2,1,omega_V,0.021979564045945015,0.04,-0.45051089885137463,,,,8.902128400004585
1cmt_iv__rich__009,rich,9,260925009,pkpy2,1,sigma_prop,0.14790442432226666,0.15,-0.013970504518222201,,,,8.902128400004585
1cmt_iv__rich__009,rich,9,260925009,saemix,1,theta_CL,4.22373160024011,4.0,0.05593290006002749,3.7367818867492812,4.774136990475047,1,3.36999999999999
1cmt_iv__rich__009,rich,9,260925009,saemix,1,theta_V,40.4622682296984,40.0,0.011556705742460061,38.22267667217766,42.83308477670736,1,3.36999999999999
1cmt_iv__rich__009,rich,9,260925009,saemix,1,omega_CL,0.114306172231965,0.09,0.27006858035516673,,,,3.36999999999999
1cmt_iv__rich__009,rich,9,260925009,saemix,1,omega_V,0.0210019794472167,0.04,-0.4749505138195825,,,,3.36999999999999
1cmt_iv__rich__009,rich,9,260925009,saemix,1,sigma_prop,0.148200933857896,0.15,-0.011993774280693223,,,,3.36999999999999
1cmt_iv__rich__010,rich,10,260925010,nlmixr2_focei,1,theta_CL,3.72796455297398,4.0,-0.068008861756505,3.3258292891856387,4.178723109277048,1,5.48
1cmt_iv__rich__010,rich,10,260925010,nlmixr2_focei,1,theta_V,41.8177415707207,40.0,0.045443539268017474,38.705485583400765,45.18024987201141,1,5.48
1cmt_iv__rich__010,rich,10,260925010,nlmixr2_focei,1,omega_CL,0.0945693952695147,0.09,0.0507710585501634,,,,5.48
1cmt_iv__rich__010,rich,10,260925010,nlmixr2_focei,1,omega_V,0.0423469386356175,0.04,0.0586734658904374,,,,5.48
1cmt_iv__rich__010,rich,10,260925010,nlmixr2_focei,1,sigma_prop,0.144874290174407,0.15,-0.03417139883728659,,,,5.48
1cmt_iv__rich__010,rich,10,260925010,nlmixr2_saem,1,theta_CL,3.68896923764002,4.0,-0.07775769058999504,3.298097702022348,4.1261646154114375,1,26.28
1cmt_iv__rich__010,rich,10,260925010,nlmixr2_saem,1,theta_V,41.6357028993417,40.0,0.04089257248354254,38.59972843703947,44.91046507619446,1,26.28
1cmt_iv__rich__010,rich,10,260925010,nlmixr2_saem,1,omega_CL,0.0957628991462603,0.09,0.06403221273622553,,,,26.28
1cmt_iv__rich__010,rich,10,260925010,nlmixr2_saem,1,omega_V,0.0423004851287184,0.04,0.05751212821796005,,,,26.28
1cmt_iv__rich__010,rich,10,260925010,nlmixr2_saem,1,sigma_prop,0.144723364091515,0.15,-0.03517757272323323,,,,26.28
1cmt_iv__rich__010,rich,10,260925010,pkpy2,1,theta_CL,3.6916920007970417,4.0,-0.07707699980073957,3.297325921080718,4.13322496924478,1,9.874489800000447
1cmt_iv__rich__010,rich,10,260925010,pkpy2,1,theta_V,41.684854158249465,40.0,0.04212135395623662,38.59278020371113,45.02466671285412,1,9.874489800000447
1cmt_iv__rich__010,rich,10,260925010,pkpy2,1,omega_CL,0.09621738902808022,0.09,0.06908210031200247,,,,9.874489800000447
1cmt_iv__rich__010,rich,10,260925010,pkpy2,1,omega_V,0.042280959198837134,0.04,0.05702397997092833,,,,9.874489800000447
1cmt_iv__rich__010,rich,10,260925010,pkpy2,1,sigma_prop,0.14463537107409855,0.15,-0.035764192839343,,,,9.874489800000447
1cmt_iv__rich__010,rich,10,260925010,saemix,1,theta_CL,3.69391208439529,4.0,-0.07652197890117751,3.300871084596155,4.133753223783034,1,4.22
1cmt_iv__rich__010,rich,10,260925010,saemix,1,theta_V,41.6990252426234,40.0,0.04247563106558498,38.570033983116325,45.081855695177524,1,4.22
1cmt_iv__rich__010,rich,10,260925010,saemix,1,omega_CL,0.095458954653127,0.09,0.060655051701411104,,,,4.22
1cmt_iv__rich__010,rich,10,260925010,saemix,1,omega_V,0.0434468212757082,0.04,0.08617053189270504,,,,4.22
1cmt_iv__rich__010,rich,10,260925010,saemix,1,sigma_prop,0.143938491110412,0.15,-0.04041005926392005,,,,4.22
1cmt_iv__rich__011,rich,11,260925011,nlmixr2_focei,1,theta_CL,3.91637809602101,4.0,-0.020905475994747458,3.5253971791797243,4.350720390194997,1,5.3
1cmt_iv__rich__011,rich,11,260925011,nlmixr2_focei,1,theta_V,40.2049084307803,40.0,0.005122710769507499,37.21646974262578,43.433315225921326,1,5.3
1cmt_iv__rich__011,rich,11,260925011,nlmixr2_focei,1,omega_CL,0.0796093773810665,0.09,-0.11545136243259434,,,,5.3
1cmt_iv__rich__011,rich,11,260925011,nlmixr2_focei,1,omega_V,0.0419162138561137,0.04,0.04790534640284252,,,,5.3
1cmt_iv__rich__011,rich,11,260925011,nlmixr2_focei,1,sigma_prop,0.146408293369907,0.15,-0.023944710867286705,,,,5.3
1cmt_iv__rich__011,rich,11,260925011,nlmixr2_saem,1,theta_CL,3.87962127787628,4.0,-0.030094680530930007,3.4977937125284524,4.303130057624273,1,22.39
1cmt_iv__rich__011,rich,11,260925011,nlmixr2_saem,1,theta_V,40.1028907656579,40.0,0.002572269141447414,37.19608236431829,43.23686112989831,1,22.39
1cmt_iv__rich__011,rich,11,260925011,nlmixr2_saem,1,omega_CL,0.0816733551784504,0.09,-0.09251827579499557,,,,22.39
1cmt_iv__rich__011,rich,11,260925011,nlmixr2_saem,1,omega_V,0.0417212611801347,0.04,0.04303152950336751,,,,22.39
1cmt_iv__rich__011,rich,11,260925011,nlmixr2_saem,1,sigma_prop,0.146269319670711,0.15,-0.024871202195259994,,,,22.39
1cmt_iv__rich__011,rich,11,260925011,pkpy2,1,theta_CL,3.880062794109472,4.0,-0.02998430147263198,3.496110594592066,4.3061816492648,1,9.354023599997163
1cmt_iv__rich__011,rich,11,260925011,pkpy2,1,theta_V,40.091764023858595,40.0,0.0022941005964648652,37.13392118316113,43.28520908461551,1,9.354023599997163
1cmt_iv__rich__011,rich,11,260925011,pkpy2,1,omega_CL,0.0816260851964924,0.09,-0.093043497816751,,,,9.354023599997163
1cmt_iv__rich__011,rich,11,260925011,pkpy2,1,omega_V,0.04167474588642012,0.04,0.041868647160502905,,,,9.354023599997163
1cmt_iv__rich__011,rich,11,260925011,pkpy2,1,sigma_prop,0.14635396221154448,0.15,-0.02430691858970343,,,,9.354023599997163
1cmt_iv__rich__011,rich,11,260925011,saemix,1,theta_CL,3.88689699218319,4.0,-0.02827575195420251,3.5013261119321486,4.314927471724605,1,3.16999999999999
1cmt_iv__rich__011,rich,11,260925011,saemix,1,theta_V,40.166187076979,40.0,0.004154676924474998,37.22401655470492,43.34090551275987,1,3.16999999999999
1cmt_iv__rich__011,rich,11,260925011,saemix,1,omega_CL,0.0819979243183351,0.09,-0.08891195201849891,,,,3.16999999999999
1cmt_iv__rich__011,rich,11,260925011,saemix,1,omega_V,0.0409766891747161,0.04,0.024417229367902464,,,,3.16999999999999
1cmt_iv__rich__011,rich,11,260925011,saemix,1,sigma_prop,0.146574593130722,0.15,-0.022836045795186687,,,,3.16999999999999
1cmt_iv__rich__012,rich,12,260925012,nlmixr2_focei,1,theta_CL,3.81947037272114,4.0,-0.045132406819714976,3.4814824393766615,4.1902707200518075,1,5.38999999999999
1cmt_iv__rich__012,rich,12,260925012,nlmixr2_focei,1,theta_V,44.495083958315,40.0,0.112377098957875,41.769722285439244,47.39826812656725,0,5.38999999999999
1cmt_iv__rich__012,rich,12,260925012,nlmixr2_focei,1,omega_CL,0.0630102468275315,0.09,-0.29988614636076116,,,,5.38999999999999
1cmt_iv__rich__012,rich,12,260925012,nlmixr2_focei,1,omega_V,0.0265009203794663,0.04,-0.3374769905133425,,,,5.38999999999999
1cmt_iv__rich__012,rich,12,260925012,nlmixr2_focei,1,sigma_prop,0.169987710594945,0.15,0.13325140396630003,,,,5.38999999999999
1cmt_iv__rich__012,rich,12,260925012,nlmixr2_saem,1,theta_CL,3.76850103817948,4.0,-0.05787474045512997,3.4330012497368596,4.136788495445021,1,22.18
1cmt_iv__rich__012,rich,12,260925012,nlmixr2_saem,1,theta_V,44.3191945156222,40.0,0.10797986289055501,41.679398637739894,47.12618383929896,0,22.18
1cmt_iv__rich__012,rich,12,260925012,nlmixr2_saem,1,omega_CL,0.0651579799662078,0.09,-0.27602244481991334,,,,22.18
1cmt_iv__rich__012,rich,12,260925012,nlmixr2_saem,1,omega_V,0.0260581640849826,0.04,-0.34854589787543505,,,,22.18
1cmt_iv__rich__012,rich,12,260925012,nlmixr2_saem,1,sigma_prop,0.169320129107692,0.15,0.12880086071794677,,,,22.18
1cmt_iv__rich__012,rich,12,260925012,pkpy2,1,theta_CL,3.7697268975953615,4.0,-0.057568275601159624,3.4301726811395015,4.142893726776785,1,9.332567299992661
1cmt_iv__rich__012,rich,12,260925012,pkpy2,1,theta_V,44.34012607808886,40.0,0.10850315195222145,41.614073604548786,47.24475664900803,0,9.332567299992661
1cmt_iv__rich__012,rich,12,260925012,pkpy2,1,omega_CL,0.06511193516189429,0.09,-0.2765340537567301,,,,9.332567299992661
1cmt_iv__rich__012,rich,12,260925012,pkpy2,1,omega_V,0.025729710479394294,0.04,-0.35675723801514264,,,,9.332567299992661
1cmt_iv__rich__012,rich,12,260925012,pkpy2,1,sigma_prop,0.1696334838055178,0.15,0.13088989203678533,,,,9.332567299992661
1cmt_iv__rich__012,rich,12,260925012,saemix,1,theta_CL,3.77615589664812,4.0,-0.055961025837970024,3.431798637612408,4.1550670250603545,1,4.41999999999999
1cmt_iv__rich__012,rich,12,260925012,saemix,1,theta_V,44.4790632631812,40.0,0.11197658157953008,41.72166818049247,47.41869524994442,0,4.41999999999999
1cmt_iv__rich__012,rich,12,260925012,saemix,1,omega_CL,0.0670150708419328,0.09,-0.2553881017563022,,,,4.41999999999999
1cmt_iv__rich__012,rich,12,260925012,saemix,1,omega_V,0.0263308003992115,0.04,-0.34172999001971255,,,,4.41999999999999
1cmt_iv__rich__012,rich,12,260925012,saemix,1,sigma_prop,0.169717420543566,0.15,0.13144947029044007,,,,4.41999999999999
1cmt_iv__rich__013,rich,13,260925013,nlmixr2_focei,1,theta_CL,3.94041344176447,4.0,-0.01489663955888254,3.638552840994308,4.267316917072747,1,5.83
1cmt_iv__rich__013,rich,13,260925013,nlmixr2_focei,1,theta_V,40.5097329292754,40.0,0.01274332323188503,37.39704835446897,43.8814969151199,1,5.83
1cmt_iv__rich__013,rich,13,260925013,nlmixr2_focei,1,omega_CL,0.0462136159689434,0.09,-0.4865153781228511,,,,5.83
1cmt_iv__rich__013,rich,13,260925013,nlmixr2_focei,1,omega_V,0.0450222207761342,0.04,0.125555519403355,,,,5.83
1cmt_iv__rich__013,rich,13,260925013,nlmixr2_focei,1,sigma_prop,0.145313271374319,0.15,-0.031244857504540056,,,,5.83
1cmt_iv__rich__013,rich,13,260925013,nlmixr2_saem,1,theta_CL,3.90986856910131,4.0,-0.022532857724672506,3.613210652647482,4.2308831942707625,1,22.67
1cmt_iv__rich__013,rich,13,260925013,nlmixr2_saem,1,theta_V,40.4156143160382,40.0,0.010390357900955039,37.433640280493385,43.635133219836106,1,22.67
1cmt_iv__rich__013,rich,13,260925013,nlmixr2_saem,1,omega_CL,0.0468915821317225,0.09,-0.47898242075863884,,,,22.67
1cmt_iv__rich__013,rich,13,260925013,nlmixr2_saem,1,omega_V,0.0435296405669722,0.04,0.08824101417430497,,,,22.67
1cmt_iv__rich__013,rich,13,260925013,nlmixr2_saem,1,sigma_prop,0.144948210849218,0.15,-0.03367859433854666,,,,22.67
1cmt_iv__rich__013,rich,13,260925013,pkpy2,1,theta_CL,3.907592584752542,4.0,-0.02310185381186447,3.60821912460988,4.231805021005749,1,9.072649699999602
1cmt_iv__rich__013,rich,13,260925013,pkpy2,1,theta_V,40.41108351537389,40.0,0.010277087884347225,37.35710569649861,43.7147268354782,1,9.072649699999602
1cmt_iv__rich__013,rich,13,260925013,pkpy2,1,omega_CL,0.04700154665534703,0.09,-0.4777605927183663,,,,9.072649699999602
1cmt_iv__rich__013,rich,13,260925013,pkpy2,1,omega_V,0.04416791770254768,0.04,0.104197942563692,,,,9.072649699999602
1cmt_iv__rich__013,rich,13,260925013,pkpy2,1,sigma_prop,0.1450709126396796,0.15,-0.03286058240213589,,,,9.072649699999602
1cmt_iv__rich__013,rich,13,260925013,saemix,1,theta_CL,3.91112273007771,4.0,-0.022219317480572487,3.6138072513202273,4.2328989749362345,1,2.89000000000001
1cmt_iv__rich__013,rich,13,260925013,saemix,1,theta_V,40.4249378205838,40.0,0.010623445514594997,37.37746367919972,43.72087982811613,1,2.89000000000001
1cmt_iv__rich__013,rich,13,260925013,saemix,1,omega_CL,0.0462032781173893,0.09,-0.4866302431401189,,,,2.89000000000001
1cmt_iv__rich__013,rich,13,260925013,saemix,1,omega_V,0.0438135618947761,0.04,0.0953390473694025,,,,2.89000000000001
1cmt_iv__rich__013,rich,13,260925013,saemix,1,sigma_prop,0.145479568552507,0.15,-0.030136209649953376,,,,2.89000000000001
1cmt_iv__rich__014,rich,14,260925014,nlmixr2_focei,1,theta_CL,3.91148218719724,4.0,-0.02212945320069004,3.507445093702062,4.362061983018151,1,5.81
1cmt_iv__rich__014,rich,14,260925014,nlmixr2_focei,1,theta_V,37.5616066024482,40.0,-0.06095983493879498,35.036106730735966,40.26915151846393,1,5.81
1cmt_iv__rich__014,rich,14,260925014,nlmixr2_focei,1,omega_CL,0.0867468934192345,0.09,-0.03614562867517219,,,,5.81
1cmt_iv__rich__014,rich,14,260925014,nlmixr2_focei,1,omega_V,0.0329676807954,0.04,-0.17580798011499996,,,,5.81
1cmt_iv__rich__014,rich,14,260925014,nlmixr2_focei,1,sigma_prop,0.15453726552469,0.15,0.030248436831266656,,,,5.81
1cmt_iv__rich__014,rich,14,260925014,nlmixr2_saem,1,theta_CL,3.87950086954409,4.0,-0.030124782613977552,3.483269714123554,4.32080436831183,1,21.2
1cmt_iv__rich__014,rich,14,260925014,nlmixr2_saem,1,theta_V,37.4664418892866,40.0,-0.06333895276783501,35.004331731218166,40.10173022647329,1,21.2
1cmt_iv__rich__014,rich,14,260925014,nlmixr2_saem,1,omega_CL,0.0886261572808294,0.09,-0.015264919101895535,,,,21.2
1cmt_iv__rich__014,rich,14,260925014,nlmixr2_saem,1,omega_V,0.033228632327003,0.04,-0.16928419182492496,,,,21.2
1cmt_iv__rich__014,rich,14,260925014,nlmixr2_saem,1,sigma_prop,0.154352406657322,0.15,0.029016044382146704,,,,21.2
1cmt_iv__rich__014,rich,14,260925014,pkpy2,1,theta_CL,3.87778329098842,4.0,-0.030554177252895,3.479181021209997,4.322052563576962,1,9.69161670000176
1cmt_iv__rich__014,rich,14,260925014,pkpy2,1,theta_V,37.455065257532524,40.0,-0.06362336856168689,34.9353755968106,40.15648578211064,1,9.69161670000176
1cmt_iv__rich__014,rich,14,260925014,pkpy2,1,omega_CL,0.08877084079905449,0.09,-0.013657324454950043,,,,9.69161670000176
1cmt_iv__rich__014,rich,14,260925014,pkpy2,1,omega_V,0.03317464491439212,0.04,-0.170633877140197,,,,9.69161670000176
1cmt_iv__rich__014,rich,14,260925014,pkpy2,1,sigma_prop,0.15407648564092036,0.15,0.02717657093946909,,,,9.69161670000176
1cmt_iv__rich__014,rich,14,260925014,saemix,1,theta_CL,3.88091398865518,4.0,-0.029771502836205,3.482592947004138,4.324792939208109,1,4.09
1cmt_iv__rich__014,rich,14,260925014,saemix,1,theta_V,37.477774607482,40.0,-0.06305563481295007,34.98295051047977,40.150518153363144,1,4.09
1cmt_iv__rich__014,rich,14,260925014,saemix,1,omega_CL,0.0885193740042785,0.09,-0.016451399952461008,,,,4.09
1cmt_iv__rich__014,rich,14,260925014,saemix,1,omega_V,0.0324014387348868,0.04,-0.18996403162782996,,,,4.09
1cmt_iv__rich__014,rich,14,260925014,saemix,1,sigma_prop,0.153955160304579,0.15,0.026367735363860095,,,,4.09
1cmt_iv__rich__015,rich,15,260925015,nlmixr2_focei,1,theta_CL,4.04426153308576,4.0,0.011065383271440021,3.6971248180775853,4.423992197402177,1,5.66
1cmt_iv__rich__015,rich,15,260925015,nlmixr2_focei,1,theta_V,38.3097092528893,40.0,-0.04225726867776754,35.8062277036099,40.98822794708833,1,5.66
1cmt_iv__rich__015,rich,15,260925015,nlmixr2_focei,1,omega_CL,0.0616210614685003,0.09,-0.31532153923888556,,,,5.66
1cmt_iv__rich__015,rich,15,260925015,nlmixr2_focei,1,omega_V,0.0306375988695719,0.04,-0.23406002826070255,,,,5.66
1cmt_iv__rich__015,rich,15,260925015,nlmixr2_focei,1,sigma_prop,0.148629398481462,0.15,-0.00913734345691993,,,,5.66
1cmt_iv__rich__015,rich,15,260925015,nlmixr2_saem,1,theta_CL,4.00813969572893,4.0,0.0020349239322325907,3.662813226967198,4.386023208117533,1,26.22
1cmt_iv__rich__015,rich,15,260925015,nlmixr2_saem,1,theta_V,38.1980322731002,40.0,-0.045049193172494915,35.82355533277706,40.72989562266586,1,26.22
1cmt_iv__rich__015,rich,15,260925015,nlmixr2_saem,1,omega_CL,0.0617216862347168,0.09,-0.3142034862809244,,,,26.22
1cmt_iv__rich__015,rich,15,260925015,nlmixr2_saem,1,omega_V,0.029561641681039,0.04,-0.260958957974025,,,,26.22
1cmt_iv__rich__015,rich,15,260925015,nlmixr2_saem,1,sigma_prop,0.148590012372365,0.15,-0.009399917517566674,,,,26.22
1cmt_iv__rich__015,rich,15,260925015,pkpy2,1,theta_CL,4.0064291787318345,4.0,0.0016072946829586154,3.6597954429770003,4.385893969838116,1,9.86909989999549
1cmt_iv__rich__015,rich,15,260925015,pkpy2,1,theta_V,38.17395837924927,40.0,-0.04565104051876823,35.737224179341126,40.77684072572876,1,9.86909989999549
1cmt_iv__rich__015,rich,15,260925015,pkpy2,1,omega_CL,0.06125643693640257,0.09,-0.31937292292886027,,,,9.86909989999549
1cmt_iv__rich__015,rich,15,260925015,pkpy2,1,omega_V,0.029616421338494344,0.04,-0.2595894665376414,,,,9.86909989999549
1cmt_iv__rich__015,rich,15,260925015,pkpy2,1,sigma_prop,0.14846139327794589,0.15,-0.010257378147027393,,,,9.86909989999549
1cmt_iv__rich__015,rich,15,260925015,saemix,1,theta_CL,4.01481076202754,4.0,0.003702690506885098,3.6680704040846424,4.394328265058081,1,2.83000000000001
1cmt_iv__rich__015,rich,15,260925015,saemix,1,theta_V,38.232048539681,40.0,-0.04419878650797493,35.78144080794292,40.85049406998871,1,2.83000000000001
1cmt_iv__rich__015,rich,15,260925015,saemix,1,omega_CL,0.0610364835147199,0.09,-0.32181684983644554,,,,2.83000000000001
1cmt_iv__rich__015,rich,15,260925015,saemix,1,omega_V,0.0299338311472539,0.04,-0.2516542213186525,,,,2.83000000000001
1cmt_iv__rich__015,rich,15,260925015,saemix,1,sigma_prop,0.148544206720925,0.15,-0.009705288527166641,,,,2.83000000000001
1cmt_iv__rich__016,rich,16,260925016,nlmixr2_focei,1,theta_CL,3.93007719988187,4.0,-0.017480700029532503,3.4384967996592732,4.491935778030052,1,6.18000000000001
1cmt_iv__rich__016,rich,16,260925016,nlmixr2_focei,1,theta_V,42.5214747595784,40.0,0.06303686898946008,39.82743877647263,45.397742643635745,1,6.18000000000001
1cmt_iv__rich__016,rich,16,260925016,nlmixr2_focei,1,omega_CL,0.13588272864242,0.09,0.5098080960268888,,,,6.18000000000001
1cmt_iv__rich__016,rich,16,260925016,nlmixr2_focei,1,omega_V,0.0299065369810158,0.04,-0.252336575474605,,,,6.18000000000001
1cmt_iv__rich__016,rich,16,260925016,nlmixr2_focei,1,sigma_prop,0.1465273767227,0.15,-0.023150821848666646,,,,6.18000000000001
1cmt_iv__rich__016,rich,16,260925016,nlmixr2_saem,1,theta_CL,3.89120745380158,4.0,-0.027198136549605012,3.4050387005180283,4.446791000119151,1,27.55
1cmt_iv__rich__016,rich,16,260925016,nlmixr2_saem,1,theta_V,42.4408657869898,40.0,0.06102164467474491,39.82267805751876,45.231189277316794,1,27.55
1cmt_iv__rich__016,rich,16,260925016,nlmixr2_saem,1,omega_CL,0.136860645053279,0.09,0.5206738339253222,,,,27.55
1cmt_iv__rich__016,rich,16,260925016,nlmixr2_saem,1,omega_V,0.0293542469747081,0.04,-0.26614382563229755,,,,27.55
1cmt_iv__rich__016,rich,16,260925016,nlmixr2_saem,1,sigma_prop,0.146588431382399,0.15,-0.02274379078400668,,,,27.55
1cmt_iv__rich__016,rich,16,260925016,pkpy2,1,theta_CL,3.8885176718897445,4.0,-0.027870582027563873,3.399787252204621,4.447504671003686,1,8.412506200009375
1cmt_iv__rich__016,rich,16,260925016,pkpy2,1,theta_V,42.412781484846164,40.0,0.0603195371211541,39.71138020949722,45.2979479381355,1,8.412506200009375
1cmt_iv__rich__016,rich,16,260925016,pkpy2,1,omega_CL,0.13701123912259064,0.09,0.5223471013621183,,,,8.412506200009375
1cmt_iv__rich__016,rich,16,260925016,pkpy2,1,omega_V,0.02970923194766224,0.04,-0.25726920130844405,,,,8.412506200009375
1cmt_iv__rich__016,rich,16,260925016,pkpy2,1,sigma_prop,0.14635128501365047,0.15,-0.024324766575663515,,,,8.412506200009375
1cmt_iv__rich__016,rich,16,260925016,saemix,1,theta_CL,3.89227469743531,4.0,-0.02693132564117251,3.404049186212884,4.45052391770807,1,2.84999999999999
1cmt_iv__rich__016,rich,16,260925016,saemix,1,theta_V,42.4685148652045,40.0,0.06171287163011243,39.76675283665053,45.353835206626506,1,2.84999999999999
1cmt_iv__rich__016,rich,16,260925016,saemix,1,omega_CL,0.136263742167865,0.09,0.5140415796429444,,,,2.84999999999999
1cmt_iv__rich__016,rich,16,260925016,saemix,1,omega_V,0.0295308649251567,0.04,-0.26172837687108247,,,,2.84999999999999
1cmt_iv__rich__016,rich,16,260925016,saemix,1,sigma_prop,0.146532478761574,0.15,-0.02311680825617335,,,,2.84999999999999
1cmt_iv__rich__017,rich,17,260925017,nlmixr2_focei,1,theta_CL,3.93580937345992,4.0,-0.016047656635019947,3.54938547714405,4.364303489706956,1,6.16999999999999
1cmt_iv__rich__017,rich,17,260925017,nlmixr2_focei,1,theta_V,38.3458142665978,40.0,-0.04135464333505503,35.26894003595136,41.69111604345248,1,6.16999999999999
1cmt_iv__rich__017,rich,17,260925017,nlmixr2_focei,1,omega_CL,0.0799743838544603,0.09,-0.11139573495044103,,,,6.16999999999999
1cmt_iv__rich__017,rich,17,260925017,nlmixr2_focei,1,omega_V,0.0500343877895422,0.04,0.250859694738555,,,,6.16999999999999
1cmt_iv__rich__017,rich,17,260925017,nlmixr2_focei,1,sigma_prop,0.147422586641731,0.15,-0.017182755721793324,,,,6.16999999999999
1cmt_iv__rich__017,rich,17,260925017,nlmixr2_saem,1,theta_CL,3.90508132728717,4.0,-0.02372966817820754,3.5213412984451073,4.330639628558755,1,23.36
1cmt_iv__rich__017,rich,17,260925017,nlmixr2_saem,1,theta_V,38.2420724970067,40.0,-0.04394818757483243,35.22164378330477,41.52151778786451,1,23.36
1cmt_iv__rich__017,rich,17,260925017,nlmixr2_saem,1,omega_CL,0.0817949967831329,0.09,-0.0911667024096344,,,,23.36
1cmt_iv__rich__017,rich,17,260925017,nlmixr2_saem,1,omega_V,0.0503441411147037,0.04,0.2586035278675925,,,,23.36
1cmt_iv__rich__017,rich,17,260925017,nlmixr2_saem,1,sigma_prop,0.147195527540294,0.15,-0.018696483064706653,,,,23.36
1cmt_iv__rich__017,rich,17,260925017,pkpy2,1,theta_CL,3.9066971065786844,4.0,-0.023325723355328898,3.521813248049283,4.333643270552172,1,9.892894399992656
1cmt_iv__rich__017,rich,17,260925017,pkpy2,1,theta_V,38.213952840454,40.0,-0.04465117898865003,35.14955103962906,41.545514764784116,1,9.892894399992656
1cmt_iv__rich__017,rich,17,260925017,pkpy2,1,omega_CL,0.0811908442198395,0.09,-0.0978795086684499,,,,9.892894399992656
1cmt_iv__rich__017,rich,17,260925017,pkpy2,1,omega_V,0.05031383965474557,0.04,0.2578459913686392,,,,9.892894399992656
1cmt_iv__rich__017,rich,17,260925017,pkpy2,1,sigma_prop,0.14720720678182264,0.15,-0.018618621454515687,,,,9.892894399992656
1cmt_iv__rich__017,rich,17,260925017,saemix,1,theta_CL,3.91079672613772,4.0,-0.02230081846556997,3.525979003182933,4.337612623150387,1,2.73000000000002
1cmt_iv__rich__017,rich,17,260925017,saemix,1,theta_V,38.2588455030077,40.0,-0.04352886242480754,35.190263314789604,41.59500729304969,1,2.73000000000002
1cmt_iv__rich__017,rich,17,260925017,saemix,1,omega_CL,0.0809963842858923,0.09,-0.10004017460119663,,,,2.73000000000002
1cmt_iv__rich__017,rich,17,260925017,saemix,1,omega_V,0.0503195034551993,0.04,0.25798758637998254,,,,2.73000000000002
1cmt_iv__rich__017,rich,17,260925017,saemix,1,sigma_prop,0.147347498037333,0.15,-0.01768334641778002,,,,2.73000000000002
1cmt_iv__rich__018,rich,18,260925018,nlmixr2_focei,1,theta_CL,4.0073516119024,4.0,0.0018379029755999365,3.625773170100551,4.429087587123221,1,6.23000000000002
1cmt_iv__rich__018,rich,18,260925018,nlmixr2_focei,1,theta_V,39.6749656887626,40.0,-0.008125857780935063,36.6635572257619,42.933720061904836,1,6.23000000000002
1cmt_iv__rich__018,rich,18,260925018,nlmixr2_focei,1,omega_CL,0.0784541727152686,0.09,-0.1282869698303489,,,,6.23000000000002
1cmt_iv__rich__018,rich,18,260925018,nlmixr2_focei,1,omega_V,0.0446157130252527,0.04,0.1153928256313174,,,,6.23000000000002
1cmt_iv__rich__018,rich,18,260925018,nlmixr2_focei,1,sigma_prop,0.146400684269666,0.15,-0.023995438202226715,,,,6.23000000000002
1cmt_iv__rich__018,rich,18,260925018,nlmixr2_saem,1,theta_CL,3.96887409498772,4.0,-0.007781476253070019,3.5834743296892246,4.395723293274066,1,26.13
1cmt_iv__rich__018,rich,18,260925018,nlmixr2_saem,1,theta_V,39.5242993110019,40.0,-0.01189251722495257,36.55196790087414,42.738334643490035,1,26.13
1cmt_iv__rich__018,rich,18,260925018,nlmixr2_saem,1,omega_CL,0.0798740003969503,0.09,-0.11251110670055212,,,,26.13
1cmt_iv__rich__018,rich,18,260925018,nlmixr2_saem,1,omega_V,0.0450547942945225,0.04,0.12636985736306244,,,,26.13
1cmt_iv__rich__018,rich,18,260925018,nlmixr2_saem,1,sigma_prop,0.14620881731445,0.15,-0.02527455123699988,,,,26.13
1cmt_iv__rich__018,rich,18,260925018,pkpy2,1,theta_CL,3.9714772766414788,4.0,-0.00713068083963031,3.5835303303330868,4.401422704691761,1,9.726740900005098
1cmt_iv__rich__018,rich,18,260925018,pkpy2,1,theta_V,39.53338305617758,40.0,-0.011665423595560576,36.527610298321044,42.78649391795293,1,9.726740900005098
1cmt_iv__rich__018,rich,18,260925018,pkpy2,1,omega_CL,0.07967141464837241,0.09,-0.11476205946252878,,,,9.726740900005098
1cmt_iv__rich__018,rich,18,260925018,pkpy2,1,omega_V,0.0445926410968556,0.04,0.11481602742139004,,,,9.726740900005098
1cmt_iv__rich__018,rich,18,260925018,pkpy2,1,sigma_prop,0.14624895976326152,0.15,-0.025006934911589822,,,,9.726740900005098
1cmt_iv__rich__018,rich,18,260925018,saemix,1,theta_CL,3.97712248381076,4.0,-0.005719379047310014,3.5892349918756445,4.406928854487523,1,2.89000000000001
1cmt_iv__rich__018,rich,18,260925018,saemix,1,theta_V,39.5377278254074,40.0,-0.011556804364814965,36.54032833975181,42.78100369162179,1,2.89000000000001
1cmt_iv__rich__018,rich,18,260925018,saemix,1,omega_CL,0.0794805884058185,0.09,-0.11688235104646114,,,,2.89000000000001
1cmt_iv__rich__018,rich,18,260925018,saemix,1,omega_V,0.0443562995655533,0.04,0.10890748913883248,,,,2.89000000000001
1cmt_iv__rich__018,rich,18,260925018,saemix,1,sigma_prop,0.145887495565829,0.15,-0.027416696227806625,,,,2.89000000000001
1cmt_iv__rich__019,rich,19,260925019,nlmixr2_focei,1,theta_CL,4.47700922808147,4.0,0.11925230702036749,4.119729556844123,4.865273642787573,0,6.48999999999998
1cmt_iv__rich__019,rich,19,260925019,nlmixr2_focei,1,theta_V,41.7622584154508,40.0,0.04405646038627005,38.744034915625996,45.015606447729006,1,6.48999999999998
1cmt_iv__rich__019,rich,19,260925019,nlmixr2_focei,1,omega_CL,0.0517482882346058,0.09,-0.42501901961549104,,,,6.48999999999998
1cmt_iv__rich__019,rich,19,260925019,nlmixr2_focei,1,omega_V,0.0409420604856163,0.04,0.023551512140407467,,,,6.48999999999998
1cmt_iv__rich__019,rich,19,260925019,nlmixr2_focei,1,sigma_prop,0.147665427423659,0.15,-0.015563817175606547,,,,6.48999999999998
1cmt_iv__rich__019,rich,19,260925019,nlmixr2_saem,1,theta_CL,4.43968263140938,4.0,0.10992065785234506,4.084309698723263,4.825976314626587,0,25.73
1cmt_iv__rich__019,rich,19,260925019,nlmixr2_saem,1,theta_V,41.6129367792562,40.0,0.040323419481405054,38.63540589566065,44.8199382729628,1,25.73
1cmt_iv__rich__019,rich,19,260925019,nlmixr2_saem,1,omega_CL,0.0526451236023718,0.09,-0.41505418219586887,,,,25.73
1cmt_iv__rich__019,rich,19,260925019,nlmixr2_saem,1,omega_V,0.04046667703246,0.04,0.011666925811499966,,,,25.73
1cmt_iv__rich__019,rich,19,260925019,nlmixr2_saem,1,sigma_prop,0.147599461613231,0.15,-0.01600358924512657,,,,25.73
1cmt_iv__rich__019,rich,19,260925019,pkpy2,1,theta_CL,4.440065023027027,4.0,0.11001625575675678,4.0822663593796795,4.829223689290001,0,9.622339299996383
1cmt_iv__rich__019,rich,19,260925019,pkpy2,1,theta_V,41.65149767739132,40.0,0.041287441934782974,38.60357059326579,44.940072436521454,1,9.622339299996383
1cmt_iv__rich__019,rich,19,260925019,pkpy2,1,omega_CL,0.05237117823179928,0.09,-0.41809801964667465,,,,9.622339299996383
1cmt_iv__rich__019,rich,19,260925019,pkpy2,1,omega_V,0.04084031425821255,0.04,0.021007856455313757,,,,9.622339299996383
1cmt_iv__rich__019,rich,19,260925019,pkpy2,1,sigma_prop,0.14749669881102742,0.15,-0.016688674593150488,,,,9.622339299996383
1cmt_iv__rich__019,rich,19,260925019,saemix,1,theta_CL,4.43926138335726,4.0,0.10981534583931496,4.081005540979872,4.828967133682266,0,2.77000000000001
1cmt_iv__rich__019,rich,19,260925019,saemix,1,theta_V,41.6169698414431,40.0,0.04042424603607753,38.57030890591463,44.90428591091715,1,2.77000000000001
1cmt_iv__rich__019,rich,19,260925019,saemix,1,omega_CL,0.0525674779557246,0.09,-0.41591691160306,,,,2.77000000000001
1cmt_iv__rich__019,rich,19,260925019,saemix,1,omega_V,0.0408599912884675,0.04,0.021499782211687433,,,,2.77000000000001
1cmt_iv__rich__019,rich,19,260925019,saemix,1,sigma_prop,0.14760172463704,0.15,-0.01598850241973334,,,,2.77000000000001
1cmt_iv__rich__020,rich,20,260925020,nlmixr2_focei,1,theta_CL,3.91066922746964,4.0,-0.02233269313259001,3.5670558504933774,4.287382773825281,1,5.75
1cmt_iv__rich__020,rich,20,260925020,nlmixr2_focei,1,theta_V,38.0530408411847,40.0,-0.04867397897038241,35.21751246301937,41.116871010733625,1,5.75
1cmt_iv__rich__020,rich,20,260925020,nlmixr2_focei,1,omega_CL,0.0626630689324748,0.09,-0.30374367852805784,,,,5.75
1cmt_iv__rich__020,rich,20,260925020,nlmixr2_focei,1,omega_V,0.0428111559766155,0.04,0.07027889941538748,,,,5.75
1cmt_iv__rich__020,rich,20,260925020,nlmixr2_focei,1,sigma_prop,0.137989476543906,0.15,-0.08007015637395995,,,,5.75
1cmt_iv__rich__020,rich,20,260925020,nlmixr2_saem,1,theta_CL,3.88127786902389,4.0,-0.029680532744027488,3.540262424802868,4.255141593751614,1,28.14
1cmt_iv__rich__020,rich,20,260925020,nlmixr2_saem,1,theta_V,37.9538288570563,40.0,-0.05115427857359247,35.18678562864151,40.93846877954604,1,28.14
1cmt_iv__rich__020,rich,20,260925020,nlmixr2_saem,1,omega_CL,0.0641938735278998,0.09,-0.28673473857889104,,,,28.14
1cmt_iv__rich__020,rich,20,260925020,nlmixr2_saem,1,omega_V,0.0423701264567247,0.04,0.0592531614181175,,,,28.14
1cmt_iv__rich__020,rich,20,260925020,nlmixr2_saem,1,sigma_prop,0.137928163295492,0.15,-0.08047891136338656,,,,28.14
1cmt_iv__rich__020,rich,20,260925020,pkpy2,1,theta_CL,3.8804023628534523,4.0,-0.029899409286636924,3.539087559313582,4.254634067476735,1,8.992467900010524
1cmt_iv__rich__020,rich,20,260925020,pkpy2,1,theta_V,37.942973247679824,40.0,-0.05142566880800441,35.11456157033579,40.999208148745794,1,8.992467900010524
1cmt_iv__rich__020,rich,20,260925020,pkpy2,1,omega_CL,0.06354332627450049,0.09,-0.29396304139443896,,,,8.992467900010524
1cmt_iv__rich__020,rich,20,260925020,pkpy2,1,omega_V,0.043135644714526335,0.04,0.07839111786315835,,,,8.992467900010524
1cmt_iv__rich__020,rich,20,260925020,pkpy2,1,sigma_prop,0.13785751875587443,0.15,-0.0809498749608371,,,,8.992467900010524
1cmt_iv__rich__020,rich,20,260925020,saemix,1,theta_CL,3.88715822183561,4.0,-0.028210444541097446,3.545578891769076,4.261645136894701,1,2.96000000000001
1cmt_iv__rich__020,rich,20,260925020,saemix,1,theta_V,37.9958499183101,40.0,-0.050103752042247506,35.14640873275122,41.07630517792979,1,2.96000000000001
1cmt_iv__rich__020,rich,20,260925020,saemix,1,omega_CL,0.0634127359634218,0.09,-0.29541404485086886,,,,2.96000000000001
1cmt_iv__rich__020,rich,20,260925020,saemix,1,omega_V,0.0437337650001695,0.04,0.0933441250042374,,,,2.96000000000001
1cmt_iv__rich__020,rich,20,260925020,saemix,1,sigma_prop,0.137753564176043,0.15,-0.08164290549304658,,,,2.96000000000001
1cmt_iv__rich__021,rich,21,260925021,nlmixr2_focei,1,theta_CL,3.963942560068,4.0,-0.009014359983000042,3.538267832043598,4.4408284972715535,1,5.86000000000001
1cmt_iv__rich__021,rich,21,260925021,nlmixr2_focei,1,theta_V,39.9722093172709,40.0,-0.000694767068227442,37.64861378333668,42.43921242090716,1,5.86000000000001
1cmt_iv__rich__021,rich,21,260925021,nlmixr2_focei,1,omega_CL,0.100227822428333,0.09,0.11364247142592229,,,,5.86000000000001
1cmt_iv__rich__021,rich,21,260925021,nlmixr2_focei,1,omega_V,0.0225358734434464,0.04,-0.43660316391384,,,,5.86000000000001
1cmt_iv__rich__021,rich,21,260925021,nlmixr2_focei,1,sigma_prop,0.154158681309362,0.15,0.02772454206241337,,,,5.86000000000001
1cmt_iv__rich__021,rich,21,260925021,nlmixr2_saem,1,theta_CL,3.92633705044657,4.0,-0.018415737388357445,3.4991108904418518,4.405725659000991,1,27.2
1cmt_iv__rich__021,rich,21,260925021,nlmixr2_saem,1,theta_V,39.8727233621519,40.0,-0.0031819159462024515,37.6692327947861,42.205108794643344,1,27.2
1cmt_iv__rich__021,rich,21,260925021,nlmixr2_saem,1,omega_CL,0.101349278337882,0.09,0.12610309264313338,,,,27.2
1cmt_iv__rich__021,rich,21,260925021,nlmixr2_saem,1,omega_V,0.0223969418095256,0.04,-0.44007645476186,,,,27.2
1cmt_iv__rich__021,rich,21,260925021,nlmixr2_saem,1,sigma_prop,0.153960552302218,0.15,0.02640368201478671,,,,27.2
1cmt_iv__rich__021,rich,21,260925021,pkpy2,1,theta_CL,3.925541125999802,4.0,-0.018614718500049476,3.4961360384220037,4.407686932820585,1,10.773577899992233
1cmt_iv__rich__021,rich,21,260925021,pkpy2,1,theta_V,39.8739568101489,40.0,-0.0031510797462775742,37.587389201823335,42.299624035087106,1,10.773577899992233
1cmt_iv__rich__021,rich,21,260925021,pkpy2,1,omega_CL,0.10136003453695733,0.09,0.12622260596619256,,,,10.773577899992233
1cmt_iv__rich__021,rich,21,260925021,pkpy2,1,omega_V,0.022443065475202625,0.04,-0.43892336311993435,,,,10.773577899992233
1cmt_iv__rich__021,rich,21,260925021,pkpy2,1,sigma_prop,0.15394713452840053,0.15,0.02631423018933691,,,,10.773577899992233
1cmt_iv__rich__021,rich,21,260925021,saemix,1,theta_CL,3.93297913101894,4.0,-0.016755217245264964,3.5033283759697973,4.415322568997984,1,2.66999999999999
1cmt_iv__rich__021,rich,21,260925021,saemix,1,theta_V,39.9018510965715,40.0,-0.0024537225857125477,37.5950978290918,42.350141717171496,1,2.66999999999999
1cmt_iv__rich__021,rich,21,260925021,saemix,1,omega_CL,0.101118074839797,0.09,0.12353416488663335,,,,2.66999999999999
1cmt_iv__rich__021,rich,21,260925021,saemix,1,omega_V,0.0230530273752905,0.04,-0.4236743156177375,,,,2.66999999999999
1cmt_iv__rich__021,rich,21,260925021,saemix,1,sigma_prop,0.153715366266,0.15,0.024769108439999986,,,,2.66999999999999
1cmt_iv__rich__022,rich,22,260925022,nlmixr2_focei,1,theta_CL,4.36936914709972,4.0,0.09234228677492995,3.9430037169863343,4.841838383611419,1,5.44
1cmt_iv__rich__022,rich,22,260925022,nlmixr2_focei,1,theta_V,38.9967856350304,40.0,-0.025080359124240025,36.09069777570639,42.13687691259243,1,5.44
1cmt_iv__rich__022,rich,22,260925022,nlmixr2_focei,1,omega_CL,0.0769098246229873,0.09,-0.14544639307791885,,,,5.44
1cmt_iv__rich__022,rich,22,260925022,nlmixr2_focei,1,omega_V,0.042045343801347,0.04,0.05113359503367502,,,,5.44
1cmt_iv__rich__022,rich,22,260925022,nlmixr2_focei,1,sigma_prop,0.15911286975302,0.15,0.06075246502013336,,,,5.44
1cmt_iv__rich__022,rich,22,260925022,nlmixr2_saem,1,theta_CL,4.33195410505136,4.0,0.08298852626284003,3.9134470050159837,4.79521668345543,1,24.63
1cmt_iv__rich__022,rich,22,260925022,nlmixr2_saem,1,theta_V,38.9134576841912,40.0,-0.02716355789521998,36.092213812069204,41.955231586070596,1,24.63
1cmt_iv__rich__022,rich,22,260925022,nlmixr2_saem,1,omega_CL,0.0783508426462191,0.09,-0.12943508170867668,,,,24.63
1cmt_iv__rich__022,rich,22,260925022,nlmixr2_saem,1,omega_V,0.0412826858326904,0.04,0.032067145817260036,,,,24.63
1cmt_iv__rich__022,rich,22,260925022,nlmixr2_saem,1,sigma_prop,0.159227670105774,0.15,0.06151780070515996,,,,24.63
1cmt_iv__rich__022,rich,22,260925022,pkpy2,1,theta_CL,4.329628884964791,4.0,0.0824072212411977,3.9102379172090327,4.794001459354003,1,10.821214999989024
1cmt_iv__rich__022,rich,22,260925022,pkpy2,1,theta_V,38.88249474165309,40.0,-0.02793763145867274,35.98446570187868,42.01391816846539,1,10.821214999989024
1cmt_iv__rich__022,rich,22,260925022,pkpy2,1,omega_CL,0.07784079420885665,0.09,-0.13510228656825946,,,,10.821214999989024
1cmt_iv__rich__022,rich,22,260925022,pkpy2,1,omega_V,0.041908987408274194,0.04,0.04772468520685483,,,,10.821214999989024
1cmt_iv__rich__022,rich,22,260925022,pkpy2,1,sigma_prop,0.15888904015971814,0.15,0.059260267731454284,,,,10.821214999989024
1cmt_iv__rich__022,rich,22,260925022,saemix,1,theta_CL,4.33353021604288,4.0,0.08338255401072003,3.9137501748455,4.798334920316673,1,2.75
1cmt_iv__rich__022,rich,22,260925022,saemix,1,theta_V,38.9342348959925,40.0,-0.026644127600187417,36.03564557801248,42.06597724618668,1,2.75
1cmt_iv__rich__022,rich,22,260925022,saemix,1,omega_CL,0.0778358701596069,0.09,-0.13515699822659,,,,2.75
1cmt_iv__rich__022,rich,22,260925022,saemix,1,omega_V,0.0417932250915349,0.04,0.044830627288372504,,,,2.75
1cmt_iv__rich__022,rich,22,260925022,saemix,1,sigma_prop,0.158791213686336,0.15,0.058608091242240055,,,,2.75
1cmt_iv__rich__023,rich,23,260925023,nlmixr2_focei,1,theta_CL,3.96440064357844,4.0,-0.00889983910539005,3.627898992727373,4.33211412288793,1,5.19
1cmt_iv__rich__023,rich,23,260925023,nlmixr2_focei,1,theta_V,41.730704755309,40.0,0.04326761888272497,38.733457664097735,44.95988286088207,1,5.19
1cmt_iv__rich__023,rich,23,260925023,nlmixr2_focei,1,omega_CL,0.0593308600563309,0.09,-0.34076822159632336,,,,5.19
1cmt_iv__rich__023,rich,23,260925023,nlmixr2_focei,1,omega_V,0.0390831922128267,0.04,-0.022920194679332435,,,,5.19
1cmt_iv__rich__023,rich,23,260925023,nlmixr2_focei,1,sigma_prop,0.151421341584257,0.15,0.00947561056171331,,,,5.19
1cmt_iv__rich__023,rich,23,260925023,nlmixr2_saem,1,theta_CL,3.93086863835306,4.0,-0.017282840411735,3.5967136964887487,4.296068454676339,1,25.25
1cmt_iv__rich__023,rich,23,260925023,nlmixr2_saem,1,theta_V,41.6148600248445,40.0,0.04037150062111259,38.661773894686384,44.793510499667384,1,25.25
1cmt_iv__rich__023,rich,23,260925023,nlmixr2_saem,1,omega_CL,0.0596373515959978,0.09,-0.3373627600444689,,,,25.25
1cmt_iv__rich__023,rich,23,260925023,nlmixr2_saem,1,omega_V,0.0394339165579936,0.04,-0.014152086050159968,,,,25.25
1cmt_iv__rich__023,rich,23,260925023,nlmixr2_saem,1,sigma_prop,0.151509332373212,0.15,0.010062215821413461,,,,25.25
1cmt_iv__rich__023,rich,23,260925023,pkpy2,1,theta_CL,3.931136820207522,4.0,-0.017215794948119534,3.5947640494270883,4.298984992256792,1,10.241377900005318
1cmt_iv__rich__023,rich,23,260925023,pkpy2,1,theta_V,41.61502534750191,40.0,0.04037563368754782,38.619097511202625,44.84336626900366,1,10.241377900005318
1cmt_iv__rich__023,rich,23,260925023,pkpy2,1,omega_CL,0.0593147752505087,0.09,-0.34094694166101447,,,,10.241377900005318
1cmt_iv__rich__023,rich,23,260925023,pkpy2,1,omega_V,0.0390684194077967,0.04,-0.02328951480508254,,,,10.241377900005318
1cmt_iv__rich__023,rich,23,260925023,pkpy2,1,sigma_prop,0.1514573252168139,0.15,0.009715501445426064,,,,10.241377900005318
1cmt_iv__rich__023,rich,23,260925023,saemix,1,theta_CL,3.94085299586272,4.0,-0.014786751034320034,3.6021791706732915,4.311368646356746,1,3.16
1cmt_iv__rich__023,rich,23,260925023,saemix,1,theta_V,41.6800622215506,40.0,0.04200155553876499,38.73616729031852,44.847689080135744,1,3.16
1cmt_iv__rich__023,rich,23,260925023,saemix,1,omega_CL,0.0599075302043062,0.09,-0.3343607755077089,,,,3.16
1cmt_iv__rich__023,rich,23,260925023,saemix,1,omega_V,0.0373743103535453,0.04,-0.06564224116136756,,,,3.16
1cmt_iv__rich__023,rich,23,260925023,saemix,1,sigma_prop,0.151827735195839,0.15,0.012184901305593392,,,,3.16
1cmt_iv__rich__024,rich,24,260925024,nlmixr2_focei,1,theta_CL,3.9986775029613,4.0,-0.0003306242596750053,3.4837727588358516,4.589685630939916,1,4.89000000000001
1cmt_iv__rich__024,rich,24,260925024,nlmixr2_focei,1,theta_V,41.4619349368214,40.0,0.036548373420535005,38.034706333874475,45.19798401004488,1,4.89000000000001
1cmt_iv__rich__024,rich,24,260925024,nlmixr2_focei,1,omega_CL,0.130626091145052,0.09,0.45140101272280003,,,,4.89000000000001
1cmt_iv__rich__024,rich,24,260925024,nlmixr2_focei,1,omega_V,0.0525976832998739,0.04,0.3149420824968475,,,,4.89000000000001
1cmt_iv__rich__024,rich,24,260925024,nlmixr2_focei,1,sigma_prop,0.141609664461638,0.15,-0.05593557025574662,,,,4.89000000000001
1cmt_iv__rich__024,rich,24,260925024,nlmixr2_saem,1,theta_CL,3.96406815025419,4.0,-0.008982962436452469,3.473790032548655,4.523542342117531,1,23.77
1cmt_iv__rich__024,rich,24,260925024,nlmixr2_saem,1,theta_V,41.3584963980831,40.0,0.033962409952077444,38.0319858445724,44.97596395046945,1,23.77
1cmt_iv__rich__024,rich,24,260925024,nlmixr2_saem,1,omega_CL,0.133901198288095,0.09,0.4877910920899444,,,,23.77
1cmt_iv__rich__024,rich,24,260925024,nlmixr2_saem,1,omega_V,0.05244590588959,0.04,0.31114764723974997,,,,23.77
1cmt_iv__rich__024,rich,24,260925024,nlmixr2_saem,1,sigma_prop,0.141481244856872,0.15,-0.05679170095418666,,,,23.77
1cmt_iv__rich__024,rich,24,260925024,pkpy2,1,theta_CL,3.9661743886819814,4.0,-0.008456402829504661,3.4752105148072605,4.526499679490445,1,10.77416980000271
1cmt_iv__rich__024,rich,24,260925024,pkpy2,1,theta_V,41.33584610481267,40.0,0.03339615262031668,37.96640109409624,45.00432287395423,1,10.77416980000271
1cmt_iv__rich__024,rich,24,260925024,pkpy2,1,omega_CL,0.1327501164190513,0.09,0.47500129354501447,,,,10.77416980000271
1cmt_iv__rich__024,rich,24,260925024,pkpy2,1,omega_V,0.052511005103505384,0.04,0.3127751275876346,,,,10.77416980000271
1cmt_iv__rich__024,rich,24,260925024,pkpy2,1,sigma_prop,0.14148953660655877,0.15,-0.05673642262294147,,,,10.77416980000271
1cmt_iv__rich__024,rich,24,260925024,saemix,1,theta_CL,3.9690950280981,4.0,-0.007726242975474973,3.4761593717169816,4.531931265939575,1,2.69
1cmt_iv__rich__024,rich,24,260925024,saemix,1,theta_V,41.3649151916902,40.0,0.034122879792255034,38.004221781927015,45.022792957950244,1,2.69
1cmt_iv__rich__024,rich,24,260925024,saemix,1,omega_CL,0.133667089117091,0.09,0.48518987907878885,,,,2.69
1cmt_iv__rich__024,rich,24,260925024,saemix,1,omega_V,0.0520960815876812,0.04,0.30240203969202994,,,,2.69
1cmt_iv__rich__024,rich,24,260925024,saemix,1,sigma_prop,0.142386552186795,0.15,-0.05075631875469999,,,,2.69
1cmt_iv__rich__025,rich,25,260925025,nlmixr2_focei,1,theta_CL,3.79701658582601,4.0,-0.05074585354349748,3.3493419934007735,4.30452757032407,1,6.13999999999999
1cmt_iv__rich__025,rich,25,260925025,nlmixr2_focei,1,theta_V,42.4276142341887,40.0,0.06069035585471756,39.49894625892769,45.573429675943984,1,6.13999999999999
1cmt_iv__rich__025,rich,25,260925025,nlmixr2_focei,1,omega_CL,0.121615638736776,0.09,0.3512848748530667,,,,6.13999999999999
1cmt_iv__rich__025,rich,25,260925025,nlmixr2_focei,1,omega_V,0.0366640687485635,0.04,-0.08339828128591259,,,,6.13999999999999
1cmt_iv__rich__025,rich,25,260925025,nlmixr2_focei,1,sigma_prop,0.141168223749786,0.15,-0.058878508334760014,,,,6.13999999999999
1cmt_iv__rich__025,rich,25,260925025,nlmixr2_saem,1,theta_CL,3.76540119887186,4.0,-0.05864970028203498,3.3193918227663626,4.271338529914667,1,32.08
1cmt_iv__rich__025,rich,25,260925025,nlmixr2_saem,1,theta_V,42.3139180591968,40.0,0.057847951479920036,39.411775908473665,45.42976357316252,1,32.08
1cmt_iv__rich__025,rich,25,260925025,nlmixr2_saem,1,omega_CL,0.122036597452893,0.09,0.35596219392103334,,,,32.08
1cmt_iv__rich__025,rich,25,260925025,nlmixr2_saem,1,omega_V,0.0369660939069149,0.04,-0.07584765232712745,,,,32.08
1cmt_iv__rich__025,rich,25,260925025,nlmixr2_saem,1,sigma_prop,0.14103005610792,0.15,-0.05979962594720001,,,,32.08
1cmt_iv__rich__025,rich,25,260925025,pkpy2,1,theta_CL,3.7660230160053003,4.0,-0.05849424599867492,3.3192662860396083,4.272910979373113,1,10.085996499998146
1cmt_iv__rich__025,rich,25,260925025,pkpy2,1,theta_V,42.30808207369761,40.0,0.0577020518424403,39.35265343707164,45.4854667326832,1,10.085996499998146
1cmt_iv__rich__025,rich,25,260925025,pkpy2,1,omega_CL,0.12140011227301013,0.09,0.3488901363667793,,,,10.085996499998146
1cmt_iv__rich__025,rich,25,260925025,pkpy2,1,omega_V,0.037048487336058214,0.04,-0.07378781659854466,,,,10.085996499998146
1cmt_iv__rich__025,rich,25,260925025,pkpy2,1,sigma_prop,0.1409453982805407,0.15,-0.06036401146306196,,,,10.085996499998146
1cmt_iv__rich__025,rich,25,260925025,saemix,1,theta_CL,3.77089553557952,4.0,-0.057276116105119956,3.321627072934687,4.280930046638368,1,3.38999999999999
1cmt_iv__rich__025,rich,25,260925025,saemix,1,theta_V,42.37164052374,40.0,0.059291013093499954,39.403870344716765,45.56293341153391,1,3.38999999999999
1cmt_iv__rich__025,rich,25,260925025,saemix,1,omega_CL,0.122543644986744,0.09,0.3615960554082667,,,,3.38999999999999
1cmt_iv__rich__025,rich,25,260925025,saemix,1,omega_V,0.0372684534080499,0.04,-0.06828866479875254,,,,3.38999999999999
1cmt_iv__rich__025,rich,25,260925025,saemix,1,sigma_prop,0.141038382804601,0.15,-0.059744114635993384,,,,3.38999999999999
1cmt_iv__rich__026,rich,26,260925026,nlmixr2_focei,1,theta_CL,3.92467907025446,4.0,-0.01883023243638504,3.611048206933861,4.2655497578007076,1,5.31999999999999
1cmt_iv__rich__026,rich,26,260925026,nlmixr2_focei,1,theta_V,42.7340561720025,40.0,0.06835140430006241,39.24092887606518,46.53813274093383,1,5.31999999999999
1cmt_iv__rich__026,rich,26,260925026,nlmixr2_focei,1,omega_CL,0.0518518038729847,0.09,-0.42386884585572554,,,,5.31999999999999
1cmt_iv__rich__026,rich,26,260925026,nlmixr2_focei,1,omega_V,0.053423322911669,0.04,0.33558307279172495,,,,5.31999999999999
1cmt_iv__rich__026,rich,26,260925026,nlmixr2_focei,1,sigma_prop,0.14518706266513,0.15,-0.03208624889913322,,,,5.31999999999999
1cmt_iv__rich__026,rich,26,260925026,nlmixr2_saem,1,theta_CL,3.89084861553166,4.0,-0.027287846117085013,3.576509270537205,4.232815240741917,1,24.98
1cmt_iv__rich__026,rich,26,260925026,nlmixr2_saem,1,theta_V,42.5609037148604,40.0,0.06402259287151005,39.09648086151714,46.33231649267487,1,24.98
1cmt_iv__rich__026,rich,26,260925026,nlmixr2_saem,1,omega_CL,0.0533344191794091,0.09,-0.40739534245101,,,,24.98
1cmt_iv__rich__026,rich,26,260925026,nlmixr2_saem,1,omega_V,0.0536527524790055,0.04,0.34131881197513747,,,,24.98
1cmt_iv__rich__026,rich,26,260925026,nlmixr2_saem,1,sigma_prop,0.144968654668992,0.15,-0.03354230220671994,,,,24.98
1cmt_iv__rich__026,rich,26,260925026,pkpy2,1,theta_CL,3.891134200880963,4.0,-0.027216449779759233,3.5736308088245936,4.236846551657513,1,10.402943099994445
1cmt_iv__rich__026,rich,26,260925026,pkpy2,1,theta_V,42.582309926393556,40.0,0.0645577481598389,39.0805966267119,46.39778496697929,1,10.402943099994445
1cmt_iv__rich__026,rich,26,260925026,pkpy2,1,omega_CL,0.053357075380726884,0.09,-0.40714360688081236,,,,10.402943099994445
1cmt_iv__rich__026,rich,26,260925026,pkpy2,1,omega_V,0.05324387752469977,0.04,0.33109693811749424,,,,10.402943099994445
1cmt_iv__rich__026,rich,26,260925026,pkpy2,1,sigma_prop,0.14495480279517392,0.15,-0.03363464803217383,,,,10.402943099994445
1cmt_iv__rich__026,rich,26,260925026,saemix,1,theta_CL,3.89566314710309,4.0,-0.026084213224227493,3.579138863744002,4.240179532967858,1,4.70000000000002
1cmt_iv__rich__026,rich,26,260925026,saemix,1,theta_V,42.6085209220572,40.0,0.06521302305143006,39.139002309392225,46.38559871337657,1,4.70000000000002
1cmt_iv__rich__026,rich,26,260925026,saemix,1,omega_CL,0.0529170733290263,0.09,-0.4120325185663744,,,,4.70000000000002
1cmt_iv__rich__026,rich,26,260925026,saemix,1,omega_V,0.0521925774909668,0.04,0.30481443727416996,,,,4.70000000000002
1cmt_iv__rich__026,rich,26,260925026,saemix,1,sigma_prop,0.145374694067663,0.15,-0.030835372882246546,,,,4.70000000000002
1cmt_iv__rich__027,rich,27,260925027,nlmixr2_focei,1,theta_CL,3.49009520952138,4.0,-0.127476197619655,3.161433581692002,3.852924395458889,0,5
1cmt_iv__rich__027,rich,27,260925027,nlmixr2_focei,1,theta_V,42.317049874755,40.0,0.057926246868875,39.14459514001146,45.74661466538233,1,5
1cmt_iv__rich__027,rich,27,260925027,nlmixr2_focei,1,omega_CL,0.0727341683603275,0.09,-0.1918425737741388,,,,5
1cmt_iv__rich__027,rich,27,260925027,nlmixr2_focei,1,omega_V,0.0435283010981747,0.04,0.08820752745436755,,,,5
1cmt_iv__rich__027,rich,27,260925027,nlmixr2_focei,1,sigma_prop,0.145462139842798,0.15,-0.030252401048013376,,,,5
1cmt_iv__rich__027,rich,27,260925027,nlmixr2_saem,1,theta_CL,3.45774525946523,4.0,-0.13556368513369255,3.130979564925566,3.818613961358929,0,25.79
1cmt_iv__rich__027,rich,27,260925027,nlmixr2_saem,1,theta_V,42.2250653744398,40.0,0.05562663436099502,39.1133261767833,45.58436523186907,1,25.79
1cmt_iv__rich__027,rich,27,260925027,nlmixr2_saem,1,omega_CL,0.0746018552149389,0.09,-0.17109049761179002,,,,25.79
1cmt_iv__rich__027,rich,27,260925027,nlmixr2_saem,1,omega_V,0.0432074689264785,0.04,0.0801867231619624,,,,25.79
1cmt_iv__rich__027,rich,27,260925027,nlmixr2_saem,1,sigma_prop,0.145499766887325,0.15,-0.030001554084500004,,,,25.79
1cmt_iv__rich__027,rich,27,260925027,pkpy2,1,theta_CL,3.4559268199811024,4.0,-0.1360182950047244,3.126184625902901,3.820449402157496,0,9.541657099995064
1cmt_iv__rich__027,rich,27,260925027,pkpy2,1,theta_V,42.19880469331933,40.0,0.05497011733298329,39.02296352998279,45.633108212724586,1,9.541657099995064
1cmt_iv__rich__027,rich,27,260925027,pkpy2,1,omega_CL,0.0744606547309553,0.09,-0.17265939187827445,,,,9.541657099995064
1cmt_iv__rich__027,rich,27,260925027,pkpy2,1,omega_V,0.04368351732484708,0.04,0.09208793312117693,,,,9.541657099995064
1cmt_iv__rich__027,rich,27,260925027,pkpy2,1,sigma_prop,0.14535706977389484,0.15,-0.030952868174034347,,,,9.541657099995064
1cmt_iv__rich__027,rich,27,260925027,saemix,1,theta_CL,3.46134066673789,4.0,-0.13466483331552748,3.1284977581287663,3.829594948592698,0,4.02000000000001
1cmt_iv__rich__027,rich,27,260925027,saemix,1,theta_V,42.2454448988767,40.0,0.05613612247191746,39.05965959766496,45.69106933053553,1,4.02000000000001
1cmt_iv__rich__027,rich,27,260925027,saemix,1,omega_CL,0.0757636188532809,0.09,-0.15818201274132335,,,,4.02000000000001
1cmt_iv__rich__027,rich,27,260925027,saemix,1,omega_V,0.0438464796435127,0.04,0.09616199108781753,,,,4.02000000000001
1cmt_iv__rich__027,rich,27,260925027,saemix,1,sigma_prop,0.145770492493926,0.15,-0.02819671670715988,,,,4.02000000000001
1cmt_iv__rich__028,rich,28,260925028,nlmixr2_focei,1,theta_CL,3.99228951924808,4.0,-0.0019276201879799837,3.476393942553434,4.584743808922653,1,5.36000000000001
1cmt_iv__rich__028,rich,28,260925028,nlmixr2_focei,1,theta_V,40.2622986167862,40.0,0.006557465419654918,37.49842760563491,43.229884382236534,1,5.36000000000001
1cmt_iv__rich__028,rich,28,260925028,nlmixr2_focei,1,omega_CL,0.134051640431753,0.09,0.4894626714639222,,,,5.36000000000001
1cmt_iv__rich__028,rich,28,260925028,nlmixr2_focei,1,omega_V,0.0346393646850497,0.04,-0.13401588287375743,,,,5.36000000000001
1cmt_iv__rich__028,rich,28,260925028,nlmixr2_focei,1,sigma_prop,0.155684455614918,0.15,0.03789637076612007,,,,5.36000000000001
1cmt_iv__rich__028,rich,28,260925028,nlmixr2_saem,1,theta_CL,3.96407704624349,4.0,-0.0089807384391275,3.4681505175232004,4.530918352348989,1,26.3
1cmt_iv__rich__028,rich,28,260925028,nlmixr2_saem,1,theta_V,40.1269542436185,40.0,0.003173856090462479,37.512734416043344,42.9233560798708,1,26.3
1cmt_iv__rich__028,rich,28,260925028,nlmixr2_saem,1,omega_CL,0.137316298635024,0.09,0.5257366515002668,,,,26.3
1cmt_iv__rich__028,rich,28,260925028,nlmixr2_saem,1,omega_V,0.0327343182485038,0.04,-0.18164204378740503,,,,26.3
1cmt_iv__rich__028,rich,28,260925028,nlmixr2_saem,1,sigma_prop,0.155523398300034,0.15,0.03682265533356007,,,,26.3
1cmt_iv__rich__028,rich,28,260925028,pkpy2,1,theta_CL,3.962453515119699,4.0,-0.009386621220075275,3.4650592216666105,4.5312466122678945,1,10.551369299995713
1cmt_iv__rich__028,rich,28,260925028,pkpy2,1,theta_V,40.11073258401033,40.0,0.0027683146002582147,37.403626712587915,43.01376657372463,1,10.551369299995713
1cmt_iv__rich__028,rich,28,260925028,pkpy2,1,omega_CL,0.1369463944706707,0.09,0.5216266052296744,,,,10.551369299995713
1cmt_iv__rich__028,rich,28,260925028,pkpy2,1,omega_V,0.033455273139117205,0.04,-0.1636181715220699,,,,10.551369299995713
1cmt_iv__rich__028,rich,28,260925028,pkpy2,1,sigma_prop,0.15539610424615521,0.15,0.03597402830770147,,,,10.551369299995713
1cmt_iv__rich__028,rich,28,260925028,saemix,1,theta_CL,3.96368510165633,4.0,-0.00907872458591752,3.4646103155563273,4.534651275079865,1,3.84
1cmt_iv__rich__028,rich,28,260925028,saemix,1,theta_V,40.1090051449195,40.0,0.0027251286229875047,37.406906676450355,43.00629045940229,1,3.84
1cmt_iv__rich__028,rich,28,260925028,saemix,1,omega_CL,0.137781463756737,0.09,0.5309051528526334,,,,3.84
1cmt_iv__rich__028,rich,28,260925028,saemix,1,omega_V,0.0332753770972332,0.04,-0.16811557256916995,,,,3.84
1cmt_iv__rich__028,rich,28,260925028,saemix,1,sigma_prop,0.154912031213243,0.15,0.032746874754953456,,,,3.84
1cmt_iv__rich__029,rich,29,260925029,nlmixr2_focei,1,theta_CL,4.25337746958918,4.0,0.0633443673972951,3.9156892442396956,4.620187857201015,1,5.72
1cmt_iv__rich__029,rich,29,260925029,nlmixr2_focei,1,theta_V,40.2300460201019,40.0,0.005751150502547553,37.230397321820966,43.47137605837286,1,5.72
1cmt_iv__rich__029,rich,29,260925029,nlmixr2_focei,1,omega_CL,0.0543549332736079,0.09,-0.3960562969599122,,,,5.72
1cmt_iv__rich__029,rich,29,260925029,nlmixr2_focei,1,omega_V,0.0429119725143642,0.04,0.07279931285910489,,,,5.72
1cmt_iv__rich__029,rich,29,260925029,nlmixr2_focei,1,sigma_prop,0.141463478570575,0.15,-0.056910142862833246,,,,5.72
1cmt_iv__rich__029,rich,29,260925029,nlmixr2_saem,1,theta_CL,4.21930327197741,4.0,0.0548258179943526,3.8737360319566507,4.595697784788683,1,26.89
1cmt_iv__rich__029,rich,29,260925029,nlmixr2_saem,1,theta_V,40.0968614530224,40.0,0.0024215363255599698,37.154202890842306,43.2725821922868,1,26.89
1cmt_iv__rich__029,rich,29,260925029,nlmixr2_saem,1,omega_CL,0.0553532462273779,0.09,-0.38496393080691216,,,,26.89
1cmt_iv__rich__029,rich,29,260925029,nlmixr2_saem,1,omega_V,0.0428049224482,0.04,0.07012306120499998,,,,26.89
1cmt_iv__rich__029,rich,29,260925029,nlmixr2_saem,1,sigma_prop,0.141057285506527,0.15,-0.05961809662315336,,,,26.89
1cmt_iv__rich__029,rich,29,260925029,pkpy2,1,theta_CL,4.219966103813234,4.0,0.05499152595330847,3.8738345564560683,4.5970249007289015,1,9.956665999998222
1cmt_iv__rich__029,rich,29,260925029,pkpy2,1,theta_V,40.09404573018928,40.0,0.00235114325473198,37.11487345706711,43.31235306174581,1,9.956665999998222
1cmt_iv__rich__029,rich,29,260925029,pkpy2,1,omega_CL,0.05472685625089846,0.09,-0.39192381943446153,,,,9.956665999998222
1cmt_iv__rich__029,rich,29,260925029,pkpy2,1,omega_V,0.042684025818358146,0.04,0.06710064545895361,,,,9.956665999998222
1cmt_iv__rich__029,rich,29,260925029,pkpy2,1,sigma_prop,0.14115763850870436,0.15,-0.058949076608637574,,,,9.956665999998222
1cmt_iv__rich__029,rich,29,260925029,saemix,1,theta_CL,4.22265285009616,4.0,0.05566321252403994,3.8771534013673095,4.598940316918347,1,3.65999999999997
1cmt_iv__rich__029,rich,29,260925029,saemix,1,theta_V,40.1437387697241,40.0,0.003593469243102554,37.18781291531743,43.33462056726855,1,3.65999999999997
1cmt_iv__rich__029,rich,29,260925029,saemix,1,omega_CL,0.0544157668507212,0.09,-0.39538036832532,,,,3.65999999999997
1cmt_iv__rich__029,rich,29,260925029,saemix,1,omega_V,0.0417512440189256,0.04,0.043781100473139906,,,,3.65999999999997
1cmt_iv__rich__029,rich,29,260925029,saemix,1,sigma_prop,0.141510846498896,0.15,-0.05659435667402661,,,,3.65999999999997
1cmt_iv__rich__030,rich,30,260925030,nlmixr2_focei,1,theta_CL,4.20621505364061,4.0,0.05155376341015261,3.903031788643136,4.532949264967037,1,5.15000000000003
1cmt_iv__rich__030,rich,30,260925030,nlmixr2_focei,1,theta_V,38.1659590264746,40.0,-0.04585102433813493,35.55395123514245,40.96986067109067,1,5.15000000000003
1cmt_iv__rich__030,rich,30,260925030,nlmixr2_focei,1,omega_CL,0.0387740120785348,0.09,-0.5691776435718355,,,,5.15000000000003
1cmt_iv__rich__030,rich,30,260925030,nlmixr2_focei,1,omega_V,0.0356098277952065,0.04,-0.10975430511983748,,,,5.15000000000003
1cmt_iv__rich__030,rich,30,260925030,nlmixr2_focei,1,sigma_prop,0.154489204525778,0.15,0.029928030171853342,,,,5.15000000000003
1cmt_iv__rich__030,rich,30,260925030,nlmixr2_saem,1,theta_CL,4.17231700376774,4.0,0.0430792509419351,3.88126427757014,4.48519552779019,1,28.69
1cmt_iv__rich__030,rich,30,260925030,nlmixr2_saem,1,theta_V,38.0244542999659,40.0,-0.04938864250085242,35.4611452394263,40.77305216873438,1,28.69
1cmt_iv__rich__030,rich,30,260925030,nlmixr2_saem,1,omega_CL,0.0390892341466336,0.09,-0.5656751761485155,,,,28.69
1cmt_iv__rich__030,rich,30,260925030,nlmixr2_saem,1,omega_V,0.0352173184213522,0.04,-0.119567039466195,,,,28.69
1cmt_iv__rich__030,rich,30,260925030,nlmixr2_saem,1,sigma_prop,0.153989637634259,0.15,0.02659758422839331,,,,28.69
1cmt_iv__rich__030,rich,30,260925030,pkpy2,1,theta_CL,4.1734007218741045,4.0,0.04335018046852612,3.8789904491790077,4.490156347001494,1,10.309123899991391
1cmt_iv__rich__030,rich,30,260925030,pkpy2,1,theta_V,38.0638252012094,40.0,-0.04840436996976507,35.42728262269571,40.89658256826186,1,10.309123899991391
1cmt_iv__rich__030,rich,30,260925030,pkpy2,1,omega_CL,0.03890656099328181,0.09,-0.5677048778524243,,,,10.309123899991391
1cmt_iv__rich__030,rich,30,260925030,pkpy2,1,omega_V,0.03560454634271559,0.04,-0.1098863414321102,,,,10.309123899991391
1cmt_iv__rich__030,rich,30,260925030,pkpy2,1,sigma_prop,0.15410544546252597,0.15,0.027369636416839836,,,,10.309123899991391
1cmt_iv__rich__030,rich,30,260925030,saemix,1,theta_CL,4.17593810540116,4.0,0.04398452635029004,3.882344666599725,4.491733876738605,1,2.44
1cmt_iv__rich__030,rich,30,260925030,saemix,1,theta_V,38.0799766345027,40.0,-0.04800058413743251,35.41196050777572,40.949007049916474,1,2.44
1cmt_iv__rich__030,rich,30,260925030,saemix,1,omega_CL,0.0386165532652107,0.09,-0.5709271859421033,,,,2.44
1cmt_iv__rich__030,rich,30,260925030,saemix,1,omega_V,0.0365352885545782,0.04,-0.08661778613554497,,,,2.44
1cmt_iv__rich__030,rich,30,260925030,saemix,1,sigma_prop,0.15432567105866,0.15,0.02883780705773331,,,,2.44
1cmt_iv__rich__031,rich,31,260925031,nlmixr2_focei,1,theta_CL,3.90077593007802,4.0,-0.024806017480495046,3.48189367580602,4.370050976112501,1,7.03000000000003
1cmt_iv__rich__031,rich,31,260925031,nlmixr2_focei,1,theta_V,42.0668324866143,40.0,0.05167081216535756,39.36073864812168,44.958973236680244,1,7.03000000000003
1cmt_iv__rich__031,rich,31,260925031,nlmixr2_focei,1,omega_CL,0.0952800226595623,0.09,0.05866691843958115,,,,7.03000000000003
1cmt_iv__rich__031,rich,31,260925031,nlmixr2_focei,1,omega_V,0.0299431030097437,0.04,-0.25142242475640747,,,,7.03000000000003
1cmt_iv__rich__031,rich,31,260925031,nlmixr2_focei,1,sigma_prop,0.145795929186308,0.15,-0.028027138757946712,,,,7.03000000000003
1cmt_iv__rich__031,rich,31,260925031,nlmixr2_saem,1,theta_CL,3.87685793670039,4.0,-0.03078551582490252,3.462464951116088,4.340846094777663,1,25.43
1cmt_iv__rich__031,rich,31,260925031,nlmixr2_saem,1,theta_V,41.9740993638463,40.0,0.04935248409615749,39.37201465315346,44.74815507732549,1,25.43
1cmt_iv__rich__031,rich,31,260925031,nlmixr2_saem,1,omega_CL,0.0978091428596382,0.09,0.08676825399598,,,,25.43
1cmt_iv__rich__031,rich,31,260925031,nlmixr2_saem,1,omega_V,0.0293832660864079,0.04,-0.2654183478398025,,,,25.43
1cmt_iv__rich__031,rich,31,260925031,nlmixr2_saem,1,sigma_prop,0.146133394900698,0.15,-0.025777367328680044,,,,25.43
1cmt_iv__rich__031,rich,31,260925031,pkpy2,1,theta_CL,3.872603659996098,4.0,-0.0318490850009755,3.458285341385423,4.336559198266504,1,10.23821599999792
1cmt_iv__rich__031,rich,31,260925031,pkpy2,1,theta_V,41.93706722485535,40.0,0.04842668062138369,39.26411382724984,44.79198525044675,1,10.23821599999792
1cmt_iv__rich__031,rich,31,260925031,pkpy2,1,omega_CL,0.09697346298721819,0.09,0.07748292208020217,,,,10.23821599999792
1cmt_iv__rich__031,rich,31,260925031,pkpy2,1,omega_V,0.029641029376743573,0.04,-0.2589742655814107,,,,10.23821599999792
1cmt_iv__rich__031,rich,31,260925031,pkpy2,1,sigma_prop,0.14581338714236666,0.15,-0.027910752384222214,,,,10.23821599999792
1cmt_iv__rich__031,rich,31,260925031,saemix,1,theta_CL,3.87582236391128,4.0,-0.031044409022179975,3.463446514784051,4.337297813744774,1,2.93000000000001
1cmt_iv__rich__031,rich,31,260925031,saemix,1,theta_V,41.9273917142887,40.0,0.04818479285721757,39.25930836566768,44.776799417605034,1,2.93000000000001
1cmt_iv__rich__031,rich,31,260925031,saemix,1,omega_CL,0.0958769152331702,0.09,0.06529905814633558,,,,2.93000000000001
1cmt_iv__rich__031,rich,31,260925031,saemix,1,omega_V,0.0296098545456651,0.04,-0.2597536363583725,,,,2.93000000000001
1cmt_iv__rich__031,rich,31,260925031,saemix,1,sigma_prop,0.145301154042502,0.15,-0.031325639716653364,,,,2.93000000000001
1cmt_iv__rich__032,rich,32,260925032,nlmixr2_focei,1,theta_CL,4.32472298759325,4.0,0.08118074689831256,3.9344497660296853,4.753708912718235,1,6.45000000000005
1cmt_iv__rich__032,rich,32,260925032,nlmixr2_focei,1,theta_V,40.640963132674,40.0,0.016024078316850064,37.9954985161003,43.4706201749525,1,6.45000000000005
1cmt_iv__rich__032,rich,32,260925032,nlmixr2_focei,1,omega_CL,0.0694986302578772,0.09,-0.22779299713469778,,,,6.45000000000005
1cmt_iv__rich__032,rich,32,260925032,nlmixr2_focei,1,omega_V,0.0316727707206225,0.04,-0.20818073198443746,,,,6.45000000000005
1cmt_iv__rich__032,rich,32,260925032,nlmixr2_focei,1,sigma_prop,0.146103160845077,0.15,-0.025978927699486697,,,,6.45000000000005
1cmt_iv__rich__032,rich,32,260925032,nlmixr2_saem,1,theta_CL,4.29019406034389,4.0,0.0725485150859726,3.898949964718039,4.720697942257654,1,28.48
1cmt_iv__rich__032,rich,32,260925032,nlmixr2_saem,1,theta_V,40.5216033225236,40.0,0.01304008306309008,37.95986447124499,43.25622229425474,1,28.48
1cmt_iv__rich__032,rich,32,260925032,nlmixr2_saem,1,omega_CL,0.0698518703009547,0.09,-0.22386810776716995,,,,28.48
1cmt_iv__rich__032,rich,32,260925032,nlmixr2_saem,1,omega_V,0.0309621371556621,0.04,-0.22594657110844754,,,,28.48
1cmt_iv__rich__032,rich,32,260925032,nlmixr2_saem,1,sigma_prop,0.145983056125203,0.15,-0.026779625831980052,,,,28.48
1cmt_iv__rich__032,rich,32,260925032,pkpy2,1,theta_CL,4.291130452202364,4.0,0.07278261305059108,3.896213960218214,4.726075299208457,1,9.88875420000113
1cmt_iv__rich__032,rich,32,260925032,pkpy2,1,theta_V,40.53486344401892,40.0,0.013371586100472932,37.89219434821225,43.3618369874845,1,9.88875420000113
1cmt_iv__rich__032,rich,32,260925032,pkpy2,1,omega_CL,0.07018162991854494,0.09,-0.22020411201616727,,,,9.88875420000113
1cmt_iv__rich__032,rich,32,260925032,pkpy2,1,omega_V,0.03132143328649259,0.04,-0.2169641678376853,,,,9.88875420000113
1cmt_iv__rich__032,rich,32,260925032,pkpy2,1,sigma_prop,0.14589721825460475,0.15,-0.02735187830263497,,,,9.88875420000113
1cmt_iv__rich__032,rich,32,260925032,saemix,1,theta_CL,4.2905571007192,4.0,0.07263927517979996,3.894221563476076,4.727229803046886,1,2.53000000000003
1cmt_iv__rich__032,rich,32,260925032,saemix,1,theta_V,40.5663755447483,40.0,0.014159388618707424,37.93357931931747,43.38190211329528,1,2.53000000000003
1cmt_iv__rich__032,rich,32,260925032,saemix,1,omega_CL,0.0707839496610543,0.09,-0.21351167043273003,,,,2.53000000000003
1cmt_iv__rich__032,rich,32,260925032,saemix,1,omega_V,0.030994523775572,0.04,-0.22513690561070004,,,,2.53000000000003
1cmt_iv__rich__032,rich,32,260925032,saemix,1,sigma_prop,0.145627249588162,0.15,-0.02915166941225326,,,,2.53000000000003
1cmt_iv__rich__033,rich,33,260925033,nlmixr2_focei,1,theta_CL,4.49603550857782,4.0,0.12400887714445497,4.111446329871355,4.916599578967412,0,6.47999999999996
1cmt_iv__rich__033,rich,33,260925033,nlmixr2_focei,1,theta_V,40.3918452351436,40.0,0.00979613087858997,37.802097710291164,43.159011280361725,1,6.47999999999996
1cmt_iv__rich__033,rich,33,260925033,nlmixr2_focei,1,omega_CL,0.0653327293262285,0.09,-0.2740807852641278,,,,6.47999999999996
1cmt_iv__rich__033,rich,33,260925033,nlmixr2_focei,1,omega_V,0.0283809567468706,0.04,-0.29047608132823505,,,,6.47999999999996
1cmt_iv__rich__033,rich,33,260925033,nlmixr2_focei,1,sigma_prop,0.152924547649694,0.15,0.019496984331293286,,,,6.47999999999996
1cmt_iv__rich__033,rich,33,260925033,nlmixr2_saem,1,theta_CL,4.4650243354174,4.0,0.11625608385435005,4.069968439948726,4.8984267593290625,0,29.25
1cmt_iv__rich__033,rich,33,260925033,nlmixr2_saem,1,theta_V,40.2764058850612,40.0,0.006910147126530042,37.79751494441146,42.917871013582094,1,29.25
1cmt_iv__rich__033,rich,33,260925033,nlmixr2_saem,1,omega_CL,0.0652739762534982,0.09,-0.2747335971833532,,,,29.25
1cmt_iv__rich__033,rich,33,260925033,nlmixr2_saem,1,omega_V,0.0284742837443976,0.04,-0.28814290639006007,,,,29.25
1cmt_iv__rich__033,rich,33,260925033,nlmixr2_saem,1,sigma_prop,0.152680971476514,0.15,0.017873143176759997,,,,29.25
1cmt_iv__rich__033,rich,33,260925033,pkpy2,1,theta_CL,4.461473420250991,4.0,0.11536835506274778,4.0634300503863745,4.898508115751474,0,10.452831500006141
1cmt_iv__rich__033,rich,33,260925033,pkpy2,1,theta_V,40.25914539919968,40.0,0.006478634979992038,37.72418205074268,42.96445145169137,1,10.452831500006141
1cmt_iv__rich__033,rich,33,260925033,pkpy2,1,omega_CL,0.0654323387969392,0.09,-0.27297401336734217,,,,10.452831500006141
1cmt_iv__rich__033,rich,33,260925033,pkpy2,1,omega_V,0.028520750833725007,0.04,-0.28698122915687485,,,,10.452831500006141
1cmt_iv__rich__033,rich,33,260925033,pkpy2,1,sigma_prop,0.15264425529977707,0.15,0.01762836866518051,,,,10.452831500006141
1cmt_iv__rich__033,rich,33,260925033,saemix,1,theta_CL,4.46877244153486,4.0,0.11719311038371494,4.0707190264039586,4.90574932946495,0,2.44
1cmt_iv__rich__033,rich,33,260925033,saemix,1,theta_V,40.3253326681111,40.0,0.00813331670277755,37.75874628182507,43.06637838705352,1,2.44
1cmt_iv__rich__033,rich,33,260925033,saemix,1,omega_CL,0.0652220962745238,0.09,-0.27531004139417997,,,,2.44
1cmt_iv__rich__033,rich,33,260925033,saemix,1,omega_V,0.0292253934025588,0.04,-0.26936516493602997,,,,2.44
1cmt_iv__rich__033,rich,33,260925033,saemix,1,sigma_prop,0.152131559783835,0.15,0.014210398558900014,,,,2.44
1cmt_iv__rich__034,rich,34,260925034,nlmixr2_focei,1,theta_CL,3.91615601307604,4.0,-0.020960996730989945,3.508278235849913,4.3714542826265514,1,6.54000000000002
1cmt_iv__rich__034,rich,34,260925034,nlmixr2_focei,1,theta_V,38.9288073988346,40.0,-0.026779815029135002,36.32614612324866,41.71794168183652,1,6.54000000000002
1cmt_iv__rich__034,rich,34,260925034,nlmixr2_focei,1,omega_CL,0.0924781808711994,0.09,0.027535343013326677,,,,6.54000000000002
1cmt_iv__rich__034,rich,34,260925034,nlmixr2_focei,1,omega_V,0.0325049954042644,0.04,-0.18737511489338998,,,,6.54000000000002
1cmt_iv__rich__034,rich,34,260925034,nlmixr2_focei,1,sigma_prop,0.147919511857554,0.15,-0.01386992094963994,,,,6.54000000000002
1cmt_iv__rich__034,rich,34,260925034,nlmixr2_saem,1,theta_CL,3.88520147282465,4.0,-0.0286996317938375,3.480595640788933,4.3368411738334975,1,27.74
1cmt_iv__rich__034,rich,34,260925034,nlmixr2_saem,1,theta_V,38.7946024667364,40.0,-0.03013493833159,36.270609694423605,41.49423440167586,1,27.74
1cmt_iv__rich__034,rich,34,260925034,nlmixr2_saem,1,omega_CL,0.0926515005100986,0.09,0.02946111677887337,,,,27.74
1cmt_iv__rich__034,rich,34,260925034,nlmixr2_saem,1,omega_V,0.0326183771219159,0.04,-0.18454057195210258,,,,27.74
1cmt_iv__rich__034,rich,34,260925034,nlmixr2_saem,1,sigma_prop,0.147787707827347,0.15,-0.014748614484353384,,,,27.74
1cmt_iv__rich__034,rich,34,260925034,pkpy2,1,theta_CL,3.885906530634365,4.0,-0.0285233673414087,3.478411546625466,4.3411394432254955,1,9.553185499986284
1cmt_iv__rich__034,rich,34,260925034,pkpy2,1,theta_V,38.79430505552426,40.0,-0.030142373611893446,36.21685711544929,41.55518243738155,1,9.553185499986284
1cmt_iv__rich__034,rich,34,260925034,pkpy2,1,omega_CL,0.09285884131413318,0.09,0.03176490349036865,,,,9.553185499986284
1cmt_iv__rich__034,rich,34,260925034,pkpy2,1,omega_V,0.03257531662559762,0.04,-0.18561708436005947,,,,9.553185499986284
1cmt_iv__rich__034,rich,34,260925034,pkpy2,1,sigma_prop,0.14757398485041573,0.15,-0.01617343433056177,,,,9.553185499986284
1cmt_iv__rich__034,rich,34,260925034,saemix,1,theta_CL,3.89211148830963,4.0,-0.026972127922592515,3.4826106952153872,4.349763198695661,1,3.06999999999999
1cmt_iv__rich__034,rich,34,260925034,saemix,1,theta_V,38.8506444795372,40.0,-0.028733888011569952,36.29925388981008,41.58136641202714,1,3.06999999999999
1cmt_iv__rich__034,rich,34,260925034,saemix,1,omega_CL,0.0935457325402478,0.09,0.03939702822497557,,,,3.06999999999999
1cmt_iv__rich__034,rich,34,260925034,saemix,1,omega_V,0.0317284906026494,0.04,-0.206787734933765,,,,3.06999999999999
1cmt_iv__rich__034,rich,34,260925034,saemix,1,sigma_prop,0.148016231529032,0.15,-0.01322512313978656,,,,3.06999999999999
1cmt_iv__rich__035,rich,35,260925035,nlmixr2_focei,1,theta_CL,4.40543888008232,4.0,0.10135972002058002,3.9004778435547482,4.975772842348297,1,4.88999999999999
1cmt_iv__rich__035,rich,35,260925035,nlmixr2_focei,1,theta_V,38.7724251150584,40.0,-0.03068937212354008,35.777730321343206,42.017784129979226,1,4.88999999999999
1cmt_iv__rich__035,rich,35,260925035,nlmixr2_focei,1,omega_CL,0.110938915947657,0.09,0.2326546216406333,,,,4.88999999999999
1cmt_iv__rich__035,rich,35,260925035,nlmixr2_focei,1,omega_V,0.0468473573239352,0.04,0.1711839330983799,,,,4.88999999999999
1cmt_iv__rich__035,rich,35,260925035,nlmixr2_focei,1,sigma_prop,0.152798468365405,0.15,0.018656455769366736,,,,4.88999999999999
1cmt_iv__rich__035,rich,35,260925035,nlmixr2_saem,1,theta_CL,4.36510761124269,4.0,0.09127690281067258,3.8655081431682294,4.929278054013302,1,35.82
1cmt_iv__rich__035,rich,35,260925035,nlmixr2_saem,1,theta_V,38.6540816644696,40.0,-0.03364795838825998,35.70499016407014,41.84675650259759,1,35.82
1cmt_iv__rich__035,rich,35,260925035,nlmixr2_saem,1,omega_CL,0.113444172489136,0.09,0.26049080543484454,,,,35.82
1cmt_iv__rich__035,rich,35,260925035,nlmixr2_saem,1,omega_V,0.0467810772626156,0.04,0.16952693156538998,,,,35.82
1cmt_iv__rich__035,rich,35,260925035,nlmixr2_saem,1,sigma_prop,0.152519321622738,0.15,0.016795477484920128,,,,35.82
1cmt_iv__rich__035,rich,35,260925035,pkpy2,1,theta_CL,4.365015806777253,4.0,0.09125395169431316,3.862086582799448,4.933437556338877,1,11.11015999999654
1cmt_iv__rich__035,rich,35,260925035,pkpy2,1,theta_V,38.66087509134099,40.0,-0.03347812271647523,35.657512011507485,41.91720561843767,1,11.11015999999654
1cmt_iv__rich__035,rich,35,260925035,pkpy2,1,omega_CL,0.11387259301967761,0.09,0.26525103355197355,,,,11.11015999999654
1cmt_iv__rich__035,rich,35,260925035,pkpy2,1,omega_V,0.04651977983047032,0.04,0.162994495761758,,,,11.11015999999654
1cmt_iv__rich__035,rich,35,260925035,pkpy2,1,sigma_prop,0.15265042117665611,0.15,0.017669474511040804,,,,11.11015999999654
1cmt_iv__rich__035,rich,35,260925035,saemix,1,theta_CL,4.36976867114848,4.0,0.09244216778712011,3.863849882374231,4.941930670354478,1,5.38
1cmt_iv__rich__035,rich,35,260925035,saemix,1,theta_V,38.6834847962341,40.0,-0.03291288009414757,35.67529579619083,41.94532834511919,1,5.38
1cmt_iv__rich__035,rich,35,260925035,saemix,1,omega_CL,0.115088602541855,0.09,0.27876225046505565,,,,5.38
1cmt_iv__rich__035,rich,35,260925035,saemix,1,omega_V,0.0465934313118126,0.04,0.164835782795315,,,,5.38
1cmt_iv__rich__035,rich,35,260925035,saemix,1,sigma_prop,0.152812402569185,0.15,0.01874935046123331,,,,5.38
1cmt_iv__rich__036,rich,36,260925036,nlmixr2_focei,1,theta_CL,4.15116703610447,4.0,0.03779175902611742,3.78201241493591,4.556354096984736,1,4.87
1cmt_iv__rich__036,rich,36,260925036,nlmixr2_focei,1,theta_V,42.0393111414368,40.0,0.05098277853591995,38.71630943888156,45.64752443763881,1,4.87
1cmt_iv__rich__036,rich,36,260925036,nlmixr2_focei,1,omega_CL,0.0651402724536736,0.09,-0.27621919495918223,,,,4.87
1cmt_iv__rich__036,rich,36,260925036,nlmixr2_focei,1,omega_V,0.046309889060855,0.04,0.15774722652137502,,,,4.87
1cmt_iv__rich__036,rich,36,260925036,nlmixr2_focei,1,sigma_prop,0.148085435038234,0.15,-0.012763766411773386,,,,4.87
1cmt_iv__rich__036,rich,36,260925036,nlmixr2_saem,1,theta_CL,4.11582896968278,4.0,0.028957242420694973,3.74775918562343,4.520047118465559,1,25.2
1cmt_iv__rich__036,rich,36,260925036,nlmixr2_saem,1,theta_V,41.9315646553888,40.0,0.04828911638471993,38.72981958519912,45.39799393026301,1,25.2
1cmt_iv__rich__036,rich,36,260925036,nlmixr2_saem,1,omega_CL,0.0666870023738701,0.09,-0.2590333069569989,,,,25.2
1cmt_iv__rich__036,rich,36,260925036,nlmixr2_saem,1,omega_V,0.0464878056527217,0.04,0.16219514131804255,,,,25.2
1cmt_iv__rich__036,rich,36,260925036,nlmixr2_saem,1,sigma_prop,0.147830010503869,0.15,-0.014466596640873205,,,,25.2
1cmt_iv__rich__036,rich,36,260925036,pkpy2,1,theta_CL,4.11548269559895,4.0,0.02887067389973752,3.7468313673819824,4.520405686047435,1,9.329744999995455
1cmt_iv__rich__036,rich,36,260925036,pkpy2,1,theta_V,41.94750999221341,40.0,0.0486877498053353,38.689698203671576,45.47964125447384,1,9.329744999995455
1cmt_iv__rich__036,rich,36,260925036,pkpy2,1,omega_CL,0.06573714991492748,0.09,-0.26958722316747247,,,,9.329744999995455
1cmt_iv__rich__036,rich,36,260925036,pkpy2,1,omega_V,0.04670641543547066,0.04,0.1676603858867665,,,,9.329744999995455
1cmt_iv__rich__036,rich,36,260925036,pkpy2,1,sigma_prop,0.14792961607191202,0.15,-0.01380255952058651,,,,9.329744999995455
1cmt_iv__rich__036,rich,36,260925036,saemix,1,theta_CL,4.1266947349192,4.0,0.03167368372979995,3.7582230343224876,4.531292922129581,1,2.69
1cmt_iv__rich__036,rich,36,260925036,saemix,1,theta_V,42.0070769364775,40.0,0.05017692341193758,38.77593264538354,45.507467966917446,1,2.69
1cmt_iv__rich__036,rich,36,260925036,saemix,1,omega_CL,0.0652540630162726,0.09,-0.2749548553747489,,,,2.69
1cmt_iv__rich__036,rich,36,260925036,saemix,1,omega_V,0.0457209723700416,0.04,0.14302430925103998,,,,2.69
1cmt_iv__rich__036,rich,36,260925036,saemix,1,sigma_prop,0.148154290826044,0.15,-0.012304727826373263,,,,2.69
1cmt_iv__rich__037,rich,37,260925037,nlmixr2_focei,1,theta_CL,4.13337827382468,4.0,0.033344568456169954,3.7164348235948133,4.5970982313636215,1,4.50999999999999
1cmt_iv__rich__037,rich,37,260925037,nlmixr2_focei,1,theta_V,40.558770317071,40.0,0.013969257926775036,37.461150579628814,43.912528691189486,1,4.50999999999999
1cmt_iv__rich__037,rich,37,260925037,nlmixr2_focei,1,omega_CL,0.0853173330768591,0.09,-0.05202963247934332,,,,4.50999999999999
1cmt_iv__rich__037,rich,37,260925037,nlmixr2_focei,1,omega_V,0.0422456161221828,0.04,0.05614040305456994,,,,4.50999999999999
1cmt_iv__rich__037,rich,37,260925037,nlmixr2_focei,1,sigma_prop,0.161878224019403,0.15,0.07918816012935334,,,,4.50999999999999
1cmt_iv__rich__037,rich,37,260925037,nlmixr2_saem,1,theta_CL,4.09634083775327,4.0,0.02408520943831749,3.6814720331276227,4.557961627319379,1,26.96
1cmt_iv__rich__037,rich,37,260925037,nlmixr2_saem,1,theta_V,40.4686357891311,40.0,0.011715894728277476,37.505833445582404,43.665486997096416,1,26.96
1cmt_iv__rich__037,rich,37,260925037,nlmixr2_saem,1,omega_CL,0.0868448672824006,0.09,-0.035057030195548906,,,,26.96
1cmt_iv__rich__037,rich,37,260925037,nlmixr2_saem,1,omega_V,0.0420970927750015,0.04,0.05242731937503756,,,,26.96
1cmt_iv__rich__037,rich,37,260925037,nlmixr2_saem,1,sigma_prop,0.16154619257178,0.15,0.07697461714519997,,,,26.96
1cmt_iv__rich__037,rich,37,260925037,pkpy2,1,theta_CL,4.093661231064119,4.0,0.023415307766029736,3.6767209145905597,4.557882598109457,1,10.064547700007097
1cmt_iv__rich__037,rich,37,260925037,pkpy2,1,theta_V,40.42501133710843,40.0,0.010625283427710741,37.402420326565334,43.691866123558206,1,10.064547700007097
1cmt_iv__rich__037,rich,37,260925037,pkpy2,1,omega_CL,0.08650462182594552,0.09,-0.03883753526727192,,,,10.064547700007097
1cmt_iv__rich__037,rich,37,260925037,pkpy2,1,omega_V,0.04217938064995412,0.04,0.054484516248853,,,,10.064547700007097
1cmt_iv__rich__037,rich,37,260925037,pkpy2,1,sigma_prop,0.16150193789156195,0.15,0.07667958594374635,,,,10.064547700007097
1cmt_iv__rich__037,rich,37,260925037,saemix,1,theta_CL,4.09666638588372,4.0,0.02416659647092989,3.681265124442704,4.5589423499537425,1,2.88999999999999
1cmt_iv__rich__037,rich,37,260925037,saemix,1,theta_V,40.4338817606181,40.0,0.01084704401545249,37.38422414900639,43.732318416325825,1,2.88999999999999
1cmt_iv__rich__037,rich,37,260925037,saemix,1,omega_CL,0.0856395249089568,0.09,-0.04844972323381337,,,,2.88999999999999
1cmt_iv__rich__037,rich,37,260925037,saemix,1,omega_V,0.042912576183074,0.04,0.07281440457685001,,,,2.88999999999999
1cmt_iv__rich__037,rich,37,260925037,saemix,1,sigma_prop,0.161397035534669,0.15,0.07598023689779336,,,,2.88999999999999
1cmt_iv__rich__038,rich,38,260925038,nlmixr2_focei,1,theta_CL,3.94760145549886,4.0,-0.013099636125284975,3.551149378884328,4.388313638428985,1,5.15999999999997
1cmt_iv__rich__038,rich,38,260925038,nlmixr2_focei,1,theta_V,40.8604158589444,40.0,0.021510396473609993,37.62938691373267,44.368875527880896,1,5.15999999999997
1cmt_iv__rich__038,rich,38,260925038,nlmixr2_focei,1,omega_CL,0.0805783864239879,0.09,-0.10468459528902328,,,,5.15999999999997
1cmt_iv__rich__038,rich,38,260925038,nlmixr2_focei,1,omega_V,0.048175545357137,0.04,0.204388633928425,,,,5.15999999999997
1cmt_iv__rich__038,rich,38,260925038,nlmixr2_focei,1,sigma_prop,0.14843128836245,0.15,-0.01045807758366657,,,,5.15999999999997
1cmt_iv__rich__038,rich,38,260925038,nlmixr2_saem,1,theta_CL,3.90867634649986,4.0,-0.022830913375034956,3.5227410850930987,4.336892894665785,1,34.99
1cmt_iv__rich__038,rich,38,260925038,nlmixr2_saem,1,theta_V,40.6804414873938,40.0,0.017011037184845,37.533628285520805,44.09108298884268,1,34.99
1cmt_iv__rich__038,rich,38,260925038,nlmixr2_saem,1,omega_CL,0.0820952161667615,0.09,-0.08783093148042767,,,,34.99
1cmt_iv__rich__038,rich,38,260925038,nlmixr2_saem,1,omega_V,0.0479405894976594,0.04,0.19851473744148493,,,,34.99
1cmt_iv__rich__038,rich,38,260925038,nlmixr2_saem,1,sigma_prop,0.148247790237967,0.15,-0.011681398413553312,,,,34.99
1cmt_iv__rich__038,rich,38,260925038,pkpy2,1,theta_CL,3.908920839843682,4.0,-0.02276979003907953,3.521185577034656,4.339351561536245,1,10.861772200005362
1cmt_iv__rich__038,rich,38,260925038,pkpy2,1,theta_V,40.6912511231721,40.0,0.01728127807930253,37.493427958926084,44.16181736657832,1,10.861772200005362
1cmt_iv__rich__038,rich,38,260925038,pkpy2,1,omega_CL,0.08187764926597059,0.09,-0.09024834148921564,,,,10.861772200005362
1cmt_iv__rich__038,rich,38,260925038,pkpy2,1,omega_V,0.04797368759968089,0.04,0.19934218999202222,,,,10.861772200005362
1cmt_iv__rich__038,rich,38,260925038,pkpy2,1,sigma_prop,0.14832727318644207,0.15,-0.011151512090386192,,,,10.861772200005362
1cmt_iv__rich__038,rich,38,260925038,saemix,1,theta_CL,3.91114403352158,4.0,-0.022213991619605022,3.52069367021441,4.344895944900501,1,2.32999999999998
1cmt_iv__rich__038,rich,38,260925038,saemix,1,theta_V,40.7363891896927,40.0,0.018409729742317537,37.5248626123052,44.22277094946491,1,2.32999999999998
1cmt_iv__rich__038,rich,38,260925038,saemix,1,omega_CL,0.082988645185742,0.09,-0.07790394238064435,,,,2.32999999999998
1cmt_iv__rich__038,rich,38,260925038,saemix,1,omega_V,0.048337537890113,0.04,0.2084384472528249,,,,2.32999999999998
1cmt_iv__rich__038,rich,38,260925038,saemix,1,sigma_prop,0.148489702424344,0.15,-0.01006865050437326,,,,2.32999999999998
1cmt_iv__rich__039,rich,39,260925039,nlmixr2_focei,1,theta_CL,3.64840224770155,4.0,-0.08789943807461253,3.2558907912570754,4.088232626467948,1,5.01999999999998
1cmt_iv__rich__039,rich,39,260925039,nlmixr2_focei,1,theta_V,42.3210735689978,40.0,0.058026839224944914,38.76734280490287,46.20056827330474,1,5.01999999999998
1cmt_iv__rich__039,rich,39,260925039,nlmixr2_focei,1,omega_CL,0.102942086132856,0.09,0.14380095703173346,,,,5.01999999999998
1cmt_iv__rich__039,rich,39,260925039,nlmixr2_focei,1,omega_V,0.0543253865239363,0.04,0.35813466309840747,,,,5.01999999999998
1cmt_iv__rich__039,rich,39,260925039,nlmixr2_focei,1,sigma_prop,0.163308397286148,0.15,0.08872264857431997,,,,5.01999999999998
1cmt_iv__rich__039,rich,39,260925039,nlmixr2_saem,1,theta_CL,3.60687380314159,4.0,-0.09828154921460253,3.2115459837791547,4.050864816352475,1,32.57
1cmt_iv__rich__039,rich,39,260925039,nlmixr2_saem,1,theta_V,42.1988225784547,40.0,0.05497056446136757,38.74153441028416,45.96463857495512,1,32.57
1cmt_iv__rich__039,rich,39,260925039,nlmixr2_saem,1,omega_CL,0.10263165355165,0.09,0.14035170612944456,,,,32.57
1cmt_iv__rich__039,rich,39,260925039,nlmixr2_saem,1,omega_V,0.0536989861570911,0.04,0.3424746539272775,,,,32.57
1cmt_iv__rich__039,rich,39,260925039,nlmixr2_saem,1,sigma_prop,0.163374467986728,0.15,0.08916311991152004,,,,32.57
1cmt_iv__rich__039,rich,39,260925039,pkpy2,1,theta_CL,3.6066232191030427,4.0,-0.09834419522423932,3.2078914335938493,4.05491623199992,1,9.701444599995739
1cmt_iv__rich__039,rich,39,260925039,pkpy2,1,theta_V,42.189948621227316,40.0,0.054748715530682904,38.662948341283766,46.038697022005174,1,9.701444599995739
1cmt_iv__rich__039,rich,39,260925039,pkpy2,1,omega_CL,0.10302910145729877,0.09,0.14476779396998635,,,,9.701444599995739
1cmt_iv__rich__039,rich,39,260925039,pkpy2,1,omega_V,0.054277714345824415,0.04,0.3569428586456104,,,,9.701444599995739
1cmt_iv__rich__039,rich,39,260925039,pkpy2,1,sigma_prop,0.1630611790708192,0.15,0.0870745271387948,,,,9.701444599995739
1cmt_iv__rich__039,rich,39,260925039,saemix,1,theta_CL,3.61286912727573,4.0,-0.09678271818106754,3.215201980292533,4.059721103317587,1,2.59000000000003
1cmt_iv__rich__039,rich,39,260925039,saemix,1,theta_V,42.2136316388573,40.0,0.05534079097143252,38.68652327424526,46.06231176445512,1,2.59000000000003
1cmt_iv__rich__039,rich,39,260925039,saemix,1,omega_CL,0.102127170914666,0.09,0.13474634349628892,,,,2.59000000000003
1cmt_iv__rich__039,rich,39,260925039,saemix,1,omega_V,0.0541947939406704,0.04,0.35486984851676,,,,2.59000000000003
1cmt_iv__rich__039,rich,39,260925039,saemix,1,sigma_prop,0.16354082877685,0.15,0.0902721918456667,,,,2.59000000000003
1cmt_iv__rich__040,rich,40,260925040,nlmixr2_focei,1,theta_CL,4.41684467832398,4.0,0.10421116958099508,4.0314925553154115,4.839030866302216,0,4.54000000000002
1cmt_iv__rich__040,rich,40,260925040,nlmixr2_focei,1,theta_V,38.6978377307922,40.0,-0.03255405673019496,35.92367092949679,41.686236575814824,1,4.54000000000002
1cmt_iv__rich__040,rich,40,260925040,nlmixr2_focei,1,omega_CL,0.0653911684632225,0.09,-0.27343146151974995,,,,4.54000000000002
1cmt_iv__rich__040,rich,40,260925040,nlmixr2_focei,1,omega_V,0.0363247255445858,0.04,-0.09188186138535497,,,,4.54000000000002
1cmt_iv__rich__040,rich,40,260925040,nlmixr2_focei,1,sigma_prop,0.161412569300547,0.15,0.0760837953369801,,,,4.54000000000002
1cmt_iv__rich__040,rich,40,260925040,nlmixr2_saem,1,theta_CL,4.37860766362238,4.0,0.09465191590559496,3.9881315924334113,4.807315061596165,1,15.84
1cmt_iv__rich__040,rich,40,260925040,nlmixr2_saem,1,theta_V,38.5852788862674,40.0,-0.03536802784331492,35.936002075104625,41.429865893803616,1,15.84
1cmt_iv__rich__040,rich,40,260925040,nlmixr2_saem,1,omega_CL,0.0661753156678865,0.09,-0.26471871480126113,,,,15.84
1cmt_iv__rich__040,rich,40,260925040,nlmixr2_saem,1,omega_V,0.0362543273978379,0.04,-0.09364181505405259,,,,15.84
1cmt_iv__rich__040,rich,40,260925040,nlmixr2_saem,1,sigma_prop,0.161473124504359,0.15,0.07648749669572667,,,,15.84
1cmt_iv__rich__040,rich,40,260925040,pkpy2,1,theta_CL,4.375112546655116,4.0,0.0937781366637791,3.9825345468792976,4.80638888892962,1,12.480288099992322
1cmt_iv__rich__040,rich,40,260925040,pkpy2,1,theta_V,38.54699984928292,40.0,-0.03632500376792702,35.836055114885106,41.46302355594481,1,12.480288099992322
1cmt_iv__rich__040,rich,40,260925040,pkpy2,1,omega_CL,0.066002530846258,0.09,-0.2666385461526889,,,,12.480288099992322
1cmt_iv__rich__040,rich,40,260925040,pkpy2,1,omega_V,0.03638844804610927,0.04,-0.09028879884726819,,,,12.480288099992322
1cmt_iv__rich__040,rich,40,260925040,pkpy2,1,sigma_prop,0.16102329213265312,0.15,0.07348861421768753,,,,12.480288099992322
1cmt_iv__rich__040,rich,40,260925040,saemix,1,theta_CL,4.37639756253102,4.0,0.09409939063275496,3.9834922202601635,4.808056490713209,1,1.34999999999997
1cmt_iv__rich__040,rich,40,260925040,saemix,1,theta_V,38.5417176326258,40.0,-0.036457059184355066,35.81352547014558,41.477737211639564,1,1.34999999999997
1cmt_iv__rich__040,rich,40,260925040,saemix,1,omega_CL,0.0661409777567084,0.09,-0.2651002471476845,,,,1.34999999999997
1cmt_iv__rich__040,rich,40,260925040,saemix,1,omega_V,0.0370313336050039,0.04,-0.0742166598749025,,,,1.34999999999997
1cmt_iv__rich__040,rich,40,260925040,saemix,1,sigma_prop,0.160446816285033,0.15,0.06964544190021997,,,,1.34999999999997
1cmt_iv__rich__041,rich,41,260925041,nlmixr2_focei,1,theta_CL,4.60136902074918,4.0,0.15034225518729505,4.030633462681769,5.252920430780909,0,4.87
1cmt_iv__rich__041,rich,41,260925041,nlmixr2_focei,1,theta_V,41.1297808903423,40.0,0.02824452225855758,37.797288815998336,44.75609042550015,1,4.87
1cmt_iv__rich__041,rich,41,260925041,nlmixr2_focei,1,omega_CL,0.135154892387924,0.09,0.501721026532489,,,,4.87
1cmt_iv__rich__041,rich,41,260925041,nlmixr2_focei,1,omega_V,0.0503195524309143,0.04,0.2579888107728575,,,,4.87
1cmt_iv__rich__041,rich,41,260925041,nlmixr2_focei,1,sigma_prop,0.15444454136766,0.15,0.029630275784400067,,,,4.87
1cmt_iv__rich__041,rich,41,260925041,nlmixr2_saem,1,theta_CL,4.56217304119829,4.0,0.14054326029957243,3.9905442678992196,5.215685245058931,1,32.33
1cmt_iv__rich__041,rich,41,260925041,nlmixr2_saem,1,theta_V,41.0022496917128,40.0,0.02505624229281995,37.7278207067541,44.560869095749105,1,32.33
1cmt_iv__rich__041,rich,41,260925041,nlmixr2_saem,1,omega_CL,0.138108208067225,0.09,0.5345356451913891,,,,32.33
1cmt_iv__rich__041,rich,41,260925041,nlmixr2_saem,1,omega_V,0.051389873164078,0.04,0.28474682910194987,,,,32.33
1cmt_iv__rich__041,rich,41,260925041,nlmixr2_saem,1,sigma_prop,0.154407978660193,0.15,0.02938652440128679,,,,32.33
1cmt_iv__rich__041,rich,41,260925041,pkpy2,1,theta_CL,4.560793254197981,4.0,0.1401983135494953,3.988507315705513,5.215192918320728,1,10.209310299993376
1cmt_iv__rich__041,rich,41,260925041,pkpy2,1,theta_V,40.993986369805995,40.0,0.02484965924514988,37.690742618238815,44.58672877606373,1,10.209310299993376
1cmt_iv__rich__041,rich,41,260925041,pkpy2,1,omega_CL,0.13740717889544635,0.09,0.5267464321716261,,,,10.209310299993376
1cmt_iv__rich__041,rich,41,260925041,pkpy2,1,omega_V,0.05047298706351709,0.04,0.26182467658792724,,,,10.209310299993376
1cmt_iv__rich__041,rich,41,260925041,pkpy2,1,sigma_prop,0.15425106579918,0.15,0.02834043866119999,,,,10.209310299993376
1cmt_iv__rich__041,rich,41,260925041,saemix,1,theta_CL,4.56529875511237,4.0,0.14132468877809257,3.9894388874464872,5.224281737718465,1,2.49000000000001
1cmt_iv__rich__041,rich,41,260925041,saemix,1,theta_V,41.0641417343497,40.0,0.02660354335874242,37.71333490669425,44.71266570698957,1,2.49000000000001
1cmt_iv__rich__041,rich,41,260925041,saemix,1,omega_CL,0.139014762219229,0.09,0.5446084691025446,,,,2.49000000000001
1cmt_iv__rich__041,rich,41,260925041,saemix,1,omega_V,0.0519170728104648,0.04,0.29792682026162,,,,2.49000000000001
1cmt_iv__rich__041,rich,41,260925041,saemix,1,sigma_prop,0.154057284958297,0.15,0.0270485663886468,,,,2.49000000000001
1cmt_iv__rich__042,rich,42,260925042,nlmixr2_focei,1,theta_CL,4.47163805425646,4.0,0.11790951356411505,4.006850504217872,4.990340135531857,0,5.62
1cmt_iv__rich__042,rich,42,260925042,nlmixr2_focei,1,theta_V,38.2926963344262,40.0,-0.042682591639344916,36.132865634822956,40.581630236031046,1,5.62
1cmt_iv__rich__042,rich,42,260925042,nlmixr2_focei,1,omega_CL,0.0871925026631182,0.09,-0.03119441485424214,,,,5.62
1cmt_iv__rich__042,rich,42,260925042,nlmixr2_focei,1,omega_V,0.0212521932717676,0.04,-0.46869516820581,,,,5.62
1cmt_iv__rich__042,rich,42,260925042,nlmixr2_focei,1,sigma_prop,0.153275510613258,0.15,0.021836737421720064,,,,5.62
1cmt_iv__rich__042,rich,42,260925042,nlmixr2_saem,1,theta_CL,4.44135871188882,4.0,0.11033967797220501,3.9881179547921817,4.94610927542102,1,29.9
1cmt_iv__rich__042,rich,42,260925042,nlmixr2_saem,1,theta_V,38.184805029069,40.0,-0.04537987427327508,36.13451069497411,40.351434323166714,1,29.9
1cmt_iv__rich__042,rich,42,260925042,nlmixr2_saem,1,omega_CL,0.0887526491304518,0.09,-0.013859454106091018,,,,29.9
1cmt_iv__rich__042,rich,42,260925042,nlmixr2_saem,1,omega_V,0.0211728759135932,0.04,-0.47067810216017003,,,,29.9
1cmt_iv__rich__042,rich,42,260925042,nlmixr2_saem,1,sigma_prop,0.153111511832921,0.15,0.02074341221947329,,,,29.9
1cmt_iv__rich__042,rich,42,260925042,pkpy2,1,theta_CL,4.4406246478053815,4.0,0.11015616195134537,3.9849131236656374,4.948450982679753,1,10.105585400000564
1cmt_iv__rich__042,rich,42,260925042,pkpy2,1,theta_V,38.19412037804527,40.0,-0.04514699054886826,36.05446756283106,40.46075091555356,1,10.105585400000564
1cmt_iv__rich__042,rich,42,260925042,pkpy2,1,omega_CL,0.08876114080216857,0.09,-0.013765102198126964,,,,10.105585400000564
1cmt_iv__rich__042,rich,42,260925042,pkpy2,1,omega_V,0.02131640029490981,0.04,-0.46708999262725476,,,,10.105585400000564
1cmt_iv__rich__042,rich,42,260925042,pkpy2,1,sigma_prop,0.15306564241763215,0.15,0.020437616117547724,,,,10.105585400000564
1cmt_iv__rich__042,rich,42,260925042,saemix,1,theta_CL,4.44193119665776,4.0,0.11048279916443993,3.9867390475052416,4.949095619435697,1,2.5
1cmt_iv__rich__042,rich,42,260925042,saemix,1,theta_V,38.2231631109515,40.0,-0.04442092222621241,36.09888122721725,40.47245090534427,1,2.5
1cmt_iv__rich__042,rich,42,260925042,saemix,1,omega_CL,0.0884910454552914,0.09,-0.01676616160787323,,,,2.5
1cmt_iv__rich__042,rich,42,260925042,saemix,1,omega_V,0.0209378359639345,0.04,-0.4765541009016375,,,,2.5
1cmt_iv__rich__042,rich,42,260925042,saemix,1,sigma_prop,0.152902422660138,0.15,0.019349484400920103,,,,2.5
1cmt_iv__rich__043,rich,43,260925043,nlmixr2_focei,1,theta_CL,4.1380721776994,4.0,0.03451804442485007,3.6349860175952937,4.710786029151747,1,4.77999999999997
1cmt_iv__rich__043,rich,43,260925043,nlmixr2_focei,1,theta_V,39.6394049465922,40.0,-0.009014876335194977,36.8292087804056,42.664028811715724,1,4.77999999999997
1cmt_iv__rich__043,rich,43,260925043,nlmixr2_focei,1,omega_CL,0.121040929161488,0.09,0.3448992129054222,,,,4.77999999999997
1cmt_iv__rich__043,rich,43,260925043,nlmixr2_focei,1,omega_V,0.0370986464685147,0.04,-0.07253383828713256,,,,4.77999999999997
1cmt_iv__rich__043,rich,43,260925043,nlmixr2_focei,1,sigma_prop,0.162074595516514,0.15,0.08049730344342662,,,,4.77999999999997
1cmt_iv__rich__043,rich,43,260925043,nlmixr2_saem,1,theta_CL,4.09802258332395,4.0,0.024505645830987577,3.615648637541922,4.6447514061682345,1,25.11
1cmt_iv__rich__043,rich,43,260925043,nlmixr2_saem,1,theta_V,39.4728430283344,40.0,-0.013178924291639938,36.75547004976209,42.391114428139744,1,25.11
1cmt_iv__rich__043,rich,43,260925043,nlmixr2_saem,1,omega_CL,0.120300538771743,0.09,0.3366726530193667,,,,25.11
1cmt_iv__rich__043,rich,43,260925043,nlmixr2_saem,1,omega_V,0.0368545070062813,0.04,-0.07863732484296761,,,,25.11
1cmt_iv__rich__043,rich,43,260925043,nlmixr2_saem,1,sigma_prop,0.161832389936173,0.15,0.07888259957448666,,,,25.11
1cmt_iv__rich__043,rich,43,260925043,pkpy2,1,theta_CL,4.097889908318281,4.0,0.024472477079570343,3.61195338645999,4.649202219399358,1,10.395023999997647
1cmt_iv__rich__043,rich,43,260925043,pkpy2,1,theta_V,39.489248320029446,40.0,-0.01276879199926384,36.68377728915686,42.50927380212513,1,10.395023999997647
1cmt_iv__rich__043,rich,43,260925043,pkpy2,1,omega_CL,0.12082232668530643,0.09,0.3424702965034048,,,,10.395023999997647
1cmt_iv__rich__043,rich,43,260925043,pkpy2,1,omega_V,0.037275696114063825,0.04,-0.06810759714840439,,,,10.395023999997647
1cmt_iv__rich__043,rich,43,260925043,pkpy2,1,sigma_prop,0.16179789010724063,0.15,0.0786526007149376,,,,10.395023999997647
1cmt_iv__rich__043,rich,43,260925043,saemix,1,theta_CL,4.10228217009414,4.0,0.025570542523535078,3.616138195950557,4.653782043484266,1,2.47000000000003
1cmt_iv__rich__043,rich,43,260925043,saemix,1,theta_V,39.5089726621464,40.0,-0.012275683446340047,36.70172321313181,42.530943622279935,1,2.47000000000003
1cmt_iv__rich__043,rich,43,260925043,saemix,1,omega_CL,0.120679960303875,0.09,0.34088844782083333,,,,2.47000000000003
1cmt_iv__rich__043,rich,43,260925043,saemix,1,omega_V,0.0372583674458831,0.04,-0.06854081385292247,,,,2.47000000000003
1cmt_iv__rich__043,rich,43,260925043,saemix,1,sigma_prop,0.162134073395949,0.15,0.08089382263966013,,,,2.47000000000003
1cmt_iv__rich__044,rich,44,260925044,nlmixr2_focei,1,theta_CL,4.06059042551918,4.0,0.015147606379795064,3.5939591469540413,4.587808021633276,1,4.43000000000001
1cmt_iv__rich__044,rich,44,260925044,nlmixr2_focei,1,theta_V,37.0449945988486,40.0,-0.0738751350287851,33.817828978648265,40.580121973387996,1,4.43000000000001
1cmt_iv__rich__044,rich,44,260925044,nlmixr2_focei,1,omega_CL,0.105812847269052,0.09,0.17569830298946676,,,,4.43000000000001
1cmt_iv__rich__044,rich,44,260925044,nlmixr2_focei,1,omega_V,0.0610836339694877,0.04,0.5270908492371924,,,,4.43000000000001
1cmt_iv__rich__044,rich,44,260925044,nlmixr2_focei,1,sigma_prop,0.14885999059303,0.15,-0.0076000627131332195,,,,4.43000000000001
1cmt_iv__rich__044,rich,44,260925044,nlmixr2_saem,1,theta_CL,4.0242322922418,4.0,0.006058073060450031,3.574482267714643,4.530570955182179,1,25.68
1cmt_iv__rich__044,rich,44,260925044,nlmixr2_saem,1,theta_V,36.9105942393678,40.0,-0.07723514401580492,33.73226376784384,40.38839422339592,1,25.68
1cmt_iv__rich__044,rich,44,260925044,nlmixr2_saem,1,omega_CL,0.107951298982404,0.09,0.19945887758226677,,,,25.68
1cmt_iv__rich__044,rich,44,260925044,nlmixr2_saem,1,omega_V,0.0605538827570361,0.04,0.5138470689259024,,,,25.68
1cmt_iv__rich__044,rich,44,260925044,nlmixr2_saem,1,sigma_prop,0.148699191947719,0.15,-0.008672053681873331,,,,25.68
1cmt_iv__rich__044,rich,44,260925044,pkpy2,1,theta_CL,4.026689707812089,4.0,0.006672426953022281,3.574820384338981,4.535676834011893,1,9.970175099995686
1cmt_iv__rich__044,rich,44,260925044,pkpy2,1,theta_V,36.92340793719298,40.0,-0.07691480157017558,33.69585743747845,40.46010867139955,1,9.970175099995686
1cmt_iv__rich__044,rich,44,260925044,pkpy2,1,omega_CL,0.10767845201897648,0.09,0.19642724465529426,,,,9.970175099995686
1cmt_iv__rich__044,rich,44,260925044,pkpy2,1,omega_V,0.06098253925608173,0.04,0.5245634814020431,,,,9.970175099995686
1cmt_iv__rich__044,rich,44,260925044,pkpy2,1,sigma_prop,0.14860737568529167,0.15,-0.009284162098055493,,,,9.970175099995686
1cmt_iv__rich__044,rich,44,260925044,saemix,1,theta_CL,4.03508016009914,4.0,0.008770040024784986,3.581838235414604,4.545674826250506,1,1.87
1cmt_iv__rich__044,rich,44,260925044,saemix,1,theta_V,36.9842810288336,40.0,-0.07539297427916,33.77972502258318,40.492841262185635,1,1.87
1cmt_iv__rich__044,rich,44,260925044,saemix,1,omega_CL,0.107877172077773,0.09,0.19863524530858898,,,,1.87
1cmt_iv__rich__044,rich,44,260925044,saemix,1,omega_V,0.0597766188304618,0.04,0.49441547076154496,,,,1.87
1cmt_iv__rich__044,rich,44,260925044,saemix,1,sigma_prop,0.149174428355651,0.15,-0.005503810962326587,,,,1.87
1cmt_iv__rich__045,rich,45,260925045,nlmixr2_focei,1,theta_CL,4.16371357420844,4.0,0.04092839355211009,3.6874075877412267,4.701544463292529,1,2.34999999999997
1cmt_iv__rich__045,rich,45,260925045,nlmixr2_focei,1,theta_V,41.9517597336007,40.0,0.04879399334001757,38.99295461117957,45.13508048556984,1,2.34999999999997
1cmt_iv__rich__045,rich,45,260925045,nlmixr2_focei,1,omega_CL,0.100985703162284,0.09,0.12206336846982228,,,,2.34999999999997
1cmt_iv__rich__045,rich,45,260925045,nlmixr2_focei,1,omega_V,0.0381541635074012,0.04,-0.046145912314969964,,,,2.34999999999997
1cmt_iv__rich__045,rich,45,260925045,nlmixr2_focei,1,sigma_prop,0.155153593606771,0.15,0.03435729071180671,,,,2.34999999999997
1cmt_iv__rich__045,rich,45,260925045,nlmixr2_saem,1,theta_CL,4.12149737765113,4.0,0.030374344412782417,3.669818339501077,4.628768800663452,1,8.93000000000001
1cmt_iv__rich__045,rich,45,260925045,nlmixr2_saem,1,theta_V,41.820845489469,40.0,0.04552113723672502,38.8859971843617,44.97719601125226,1,8.93000000000001
1cmt_iv__rich__045,rich,45,260925045,nlmixr2_saem,1,omega_CL,0.103030104830144,0.09,0.14477894255715568,,,,8.93000000000001
1cmt_iv__rich__045,rich,45,260925045,nlmixr2_saem,1,omega_V,0.0385174128212573,0.04,-0.03706467946856754,,,,8.93000000000001
1cmt_iv__rich__045,rich,45,260925045,nlmixr2_saem,1,sigma_prop,0.155143525182011,0.15,0.03429016788007333,,,,8.93000000000001
1cmt_iv__rich__045,rich,45,260925045,pkpy2,1,theta_CL,4.121498040211667,4.0,0.030374510052916692,3.6679640054192606,4.631110357236715,1,10.39905340000405
1cmt_iv__rich__045,rich,45,260925045,pkpy2,1,theta_V,41.81428848940643,40.0,0.04535721223516074,38.81702069237743,45.04299121077704,1,10.39905340000405
1cmt_iv__rich__045,rich,45,260925045,pkpy2,1,omega_CL,0.10260736151333925,0.09,0.14008179459265843,,,,10.39905340000405
1cmt_iv__rich__045,rich,45,260925045,pkpy2,1,omega_V,0.038482563135528336,0.04,-0.03793592161179162,,,,10.39905340000405
1cmt_iv__rich__045,rich,45,260925045,pkpy2,1,sigma_prop,0.154936841455437,0.15,0.03291227636958013,,,,10.39905340000405
1cmt_iv__rich__045,rich,45,260925045,saemix,1,theta_CL,4.13225706813636,4.0,0.033064267034089934,3.6737421645996924,4.647998610709125,1,1.47000000000003
1cmt_iv__rich__045,rich,45,260925045,saemix,1,theta_V,41.9097878347797,40.0,0.04774469586949248,38.91632846710142,45.133505280208446,1,1.47000000000003
1cmt_iv__rich__045,rich,45,260925045,saemix,1,omega_CL,0.104367874951148,0.09,0.15964305501275552,,,,1.47000000000003
1cmt_iv__rich__045,rich,45,260925045,saemix,1,omega_V,0.0381511016022209,0.04,-0.04622245994447757,,,,1.47000000000003
1cmt_iv__rich__045,rich,45,260925045,saemix,1,sigma_prop,0.155347861998581,0.15,0.035652413323873366,,,,1.47000000000003
1cmt_iv__rich__046,rich,46,260925046,nlmixr2_focei,1,theta_CL,4.04761900246925,4.0,0.011904750617312443,3.6563915146091124,4.4807071462919135,1,4.12
1cmt_iv__rich__046,rich,46,260925046,nlmixr2_focei,1,theta_V,39.4629685456033,40.0,-0.013425786359917424,35.926608261630484,43.34742303226257,1,4.12
1cmt_iv__rich__046,rich,46,260925046,nlmixr2_focei,1,omega_CL,0.0767748765562503,0.09,-0.1469458160416633,,,,4.12
1cmt_iv__rich__046,rich,46,260925046,nlmixr2_focei,1,omega_V,0.0649490843718924,0.04,0.6237271092973099,,,,4.12
1cmt_iv__rich__046,rich,46,260925046,nlmixr2_focei,1,sigma_prop,0.1487057519367,0.15,-0.008628320422000013,,,,4.12
1cmt_iv__rich__046,rich,46,260925046,nlmixr2_saem,1,theta_CL,4.01398880441279,4.0,0.0034972011031975114,3.6261513934388105,4.443307621161268,1,11.2
1cmt_iv__rich__046,rich,46,260925046,nlmixr2_saem,1,theta_V,39.3612156972909,40.0,-0.015969607567727452,35.85418303261339,43.211284433936,1,11.2
1cmt_iv__rich__046,rich,46,260925046,nlmixr2_saem,1,omega_CL,0.0785599265048471,0.09,-0.1271119277239211,,,,11.2
1cmt_iv__rich__046,rich,46,260925046,nlmixr2_saem,1,omega_V,0.06556943189269,0.04,0.63923579731725,,,,11.2
1cmt_iv__rich__046,rich,46,260925046,nlmixr2_saem,1,sigma_prop,0.148508900247178,0.15,-0.0099406650188133,,,,11.2
1cmt_iv__rich__046,rich,46,260925046,pkpy2,1,theta_CL,4.012237658950519,4.0,0.0030594147376297176,3.621979531804578,4.44454500378698,1,10.341862400004175
1cmt_iv__rich__046,rich,46,260925046,pkpy2,1,theta_V,39.34819913980908,40.0,-0.01629502150477293,35.799613283181955,43.248533532998465,1,10.341862400004175
1cmt_iv__rich__046,rich,46,260925046,pkpy2,1,omega_CL,0.07844810034759718,0.09,-0.12835444058225354,,,,10.341862400004175
1cmt_iv__rich__046,rich,46,260925046,pkpy2,1,omega_V,0.06540682527910109,0.04,0.6351706319775272,,,,10.341862400004175
1cmt_iv__rich__046,rich,46,260925046,pkpy2,1,sigma_prop,0.1484715560801378,0.15,-0.010189626132414698,,,,10.341862400004175
1cmt_iv__rich__046,rich,46,260925046,saemix,1,theta_CL,4.00835561597314,4.0,0.002088903993284985,3.6214523323129617,4.436594291396275,1,1.27999999999997
1cmt_iv__rich__046,rich,46,260925046,saemix,1,theta_V,39.3151852831947,40.0,-0.017120367920132475,35.74826603110237,43.238007474463934,1,1.27999999999997
1cmt_iv__rich__046,rich,46,260925046,saemix,1,omega_CL,0.0771668160052039,0.09,-0.14259093327551212,,,,1.27999999999997
1cmt_iv__rich__046,rich,46,260925046,saemix,1,omega_V,0.0663066825631837,0.04,0.6576670640795924,,,,1.27999999999997
1cmt_iv__rich__046,rich,46,260925046,saemix,1,sigma_prop,0.148710411328391,0.15,-0.00859725781072666,,,,1.27999999999997
1cmt_iv__rich__047,rich,47,260925047,nlmixr2_focei,1,theta_CL,4.20207120067017,4.0,0.05051780016754259,3.776381110428977,4.675746927855981,1,4.38999999999999
1cmt_iv__rich__047,rich,47,260925047,nlmixr2_focei,1,theta_V,38.9637877811856,40.0,-0.025905305470359963,36.20754459311645,41.92984570806534,1,4.38999999999999
1cmt_iv__rich__047,rich,47,260925047,nlmixr2_focei,1,omega_CL,0.0774039332202454,0.09,-0.13995629755282887,,,,4.38999999999999
1cmt_iv__rich__047,rich,47,260925047,nlmixr2_focei,1,omega_V,0.0396064240565548,0.04,-0.009839398586130102,,,,4.38999999999999
1cmt_iv__rich__047,rich,47,260925047,nlmixr2_focei,1,sigma_prop,0.142150647233597,0.15,-0.05232901844268667,,,,4.38999999999999
1cmt_iv__rich__047,rich,47,260925047,nlmixr2_saem,1,theta_CL,4.16813241771903,4.0,0.042033104429757495,3.7662094862177495,4.612947823326634,1,11.06
1cmt_iv__rich__047,rich,47,260925047,nlmixr2_saem,1,theta_V,38.8467894323549,40.0,-0.02883026419112742,36.103423674195895,41.79861341738336,1,11.06
1cmt_iv__rich__047,rich,47,260925047,nlmixr2_saem,1,omega_CL,0.0786734556522745,0.09,-0.1258504927525055,,,,11.06
1cmt_iv__rich__047,rich,47,260925047,nlmixr2_saem,1,omega_V,0.039253411022014,0.04,-0.018664724449650102,,,,11.06
1cmt_iv__rich__047,rich,47,260925047,nlmixr2_saem,1,sigma_prop,0.141972155005576,0.15,-0.05351896662949329,,,,11.06
1cmt_iv__rich__047,rich,47,260925047,pkpy2,1,theta_CL,4.1673698267747,4.0,0.041842456693675034,3.7636895591042006,4.614347437636627,1,10.033271199994488
1cmt_iv__rich__047,rich,47,260925047,pkpy2,1,theta_V,38.84824237287323,40.0,-0.02879394067816925,36.04864782570627,41.86525782488028,1,10.033271199994488
1cmt_iv__rich__047,rich,47,260925047,pkpy2,1,omega_CL,0.07853026787043127,0.09,-0.1274414681063192,,,,10.033271199994488
1cmt_iv__rich__047,rich,47,260925047,pkpy2,1,omega_V,0.03977673745067176,0.04,-0.005581563733205938,,,,10.033271199994488
1cmt_iv__rich__047,rich,47,260925047,pkpy2,1,sigma_prop,0.1419203183457595,0.15,-0.05386454436160334,,,,10.033271199994488
1cmt_iv__rich__047,rich,47,260925047,saemix,1,theta_CL,4.16483580177446,4.0,0.041208950443615056,3.76274699532506,4.6098919957396225,1,1.29000000000002
1cmt_iv__rich__047,rich,47,260925047,saemix,1,theta_V,38.7922590035357,40.0,-0.03019352491160756,35.960081043656,41.8474963048749,1,1.29000000000002
1cmt_iv__rich__047,rich,47,260925047,saemix,1,omega_CL,0.0779840987698446,0.09,-0.13351001366839324,,,,1.29000000000002
1cmt_iv__rich__047,rich,47,260925047,saemix,1,omega_V,0.0409631344763142,0.04,0.02407836190785502,,,,1.29000000000002
1cmt_iv__rich__047,rich,47,260925047,saemix,1,sigma_prop,0.141233199046398,0.15,-0.058445339690679964,,,,1.29000000000002
1cmt_iv__rich__048,rich,48,260925048,nlmixr2_focei,1,theta_CL,4.41582895325292,4.0,0.1039572383132299,4.02663595111996,4.842639260438534,0,4.19
1cmt_iv__rich__048,rich,48,260925048,nlmixr2_focei,1,theta_V,42.9203627910895,40.0,0.07300906977723756,39.73407370738275,46.36216149607787,1,4.19
1cmt_iv__rich__048,rich,48,260925048,nlmixr2_focei,1,omega_CL,0.0640517881843401,0.09,-0.2883134646184433,,,,4.19
1cmt_iv__rich__048,rich,48,260925048,nlmixr2_focei,1,omega_V,0.041255334599604,0.04,0.031383364990100054,,,,4.19
1cmt_iv__rich__048,rich,48,260925048,nlmixr2_focei,1,sigma_prop,0.157549794528695,0.15,0.05033196352463336,,,,4.19
1cmt_iv__rich__048,rich,48,260925048,nlmixr2_saem,1,theta_CL,4.37192081199828,4.0,0.0929802029995701,3.9853618561670734,4.795973935668246,1,9.11000000000001
1cmt_iv__rich__048,rich,48,260925048,nlmixr2_saem,1,theta_V,42.7206613659523,40.0,0.06801653414880757,39.62605095344801,46.056946469089546,1,9.11000000000001
1cmt_iv__rich__048,rich,48,260925048,nlmixr2_saem,1,omega_CL,0.0649462486859581,0.09,-0.2783750146004656,,,,9.11000000000001
1cmt_iv__rich__048,rich,48,260925048,nlmixr2_saem,1,omega_V,0.0411381404499973,0.04,0.02845351124993248,,,,9.11000000000001
1cmt_iv__rich__048,rich,48,260925048,nlmixr2_saem,1,sigma_prop,0.157200058917531,0.15,0.048000392783540034,,,,9.11000000000001
1cmt_iv__rich__048,rich,48,260925048,pkpy2,1,theta_CL,4.373278287760588,4.0,0.09331957194014695,3.981755718784777,4.80329892965791,1,10.805047899993951
1cmt_iv__rich__048,rich,48,260925048,pkpy2,1,theta_V,42.765326055367154,40.0,0.06913315138417886,39.59641705342995,46.18784346457535,1,10.805047899993951
1cmt_iv__rich__048,rich,48,260925048,pkpy2,1,omega_CL,0.0653573887437996,0.09,-0.27380679173556005,,,,10.805047899993951
1cmt_iv__rich__048,rich,48,260925048,pkpy2,1,omega_V,0.041387567982224385,0.04,0.03468919955560961,,,,10.805047899993951
1cmt_iv__rich__048,rich,48,260925048,pkpy2,1,sigma_prop,0.15714190585933313,0.15,0.04761270572888758,,,,10.805047899993951
1cmt_iv__rich__048,rich,48,260925048,saemix,1,theta_CL,4.37471788204808,4.0,0.09367947051202008,3.984067303729003,4.8036730026117604,1,1.43000000000001
1cmt_iv__rich__048,rich,48,260925048,saemix,1,theta_V,42.766714108047,40.0,0.06916785270117494,39.589196062733485,46.19926690860772,1,1.43000000000001
1cmt_iv__rich__048,rich,48,260925048,saemix,1,omega_CL,0.0650149591936584,0.09,-0.2776115645149066,,,,1.43000000000001
1cmt_iv__rich__048,rich,48,260925048,saemix,1,omega_V,0.041710436147536,0.04,0.0427609036884,,,,1.43000000000001
1cmt_iv__rich__048,rich,48,260925048,saemix,1,sigma_prop,0.157023603022085,0.15,0.046824020147233456,,,,1.43000000000001
1cmt_iv__rich__049,rich,49,260925049,nlmixr2_focei,1,theta_CL,4.0077566931172,4.0,0.0019391732792999328,3.6323236187320735,4.421994127503561,1,4.69999999999999
1cmt_iv__rich__049,rich,49,260925049,nlmixr2_focei,1,theta_V,41.4575347555205,40.0,0.03643836888801246,38.69003222490083,44.42299706587011,1,4.69999999999999
1cmt_iv__rich__049,rich,49,260925049,nlmixr2_focei,1,omega_CL,0.0744773165802142,0.09,-0.17247426021984222,,,,4.69999999999999
1cmt_iv__rich__049,rich,49,260925049,nlmixr2_focei,1,omega_V,0.0351436672899983,0.04,-0.12140831775004253,,,,4.69999999999999
1cmt_iv__rich__049,rich,49,260925049,nlmixr2_focei,1,sigma_prop,0.140160068604175,0.15,-0.06559954263883339,,,,4.69999999999999
1cmt_iv__rich__049,rich,49,260925049,nlmixr2_saem,1,theta_CL,3.97595643904735,4.0,-0.006010890238162481,3.5958832807129886,4.396202093096759,1,9.94
1cmt_iv__rich__049,rich,49,260925049,nlmixr2_saem,1,theta_V,41.3135609264622,40.0,0.03283902316155505,38.546582645905495,44.2791604149066,1,9.94
1cmt_iv__rich__049,rich,49,260925049,nlmixr2_saem,1,omega_CL,0.0770607062910083,0.09,-0.14376993009990782,,,,9.94
1cmt_iv__rich__049,rich,49,260925049,nlmixr2_saem,1,omega_V,0.0350801496137743,0.04,-0.12299625965564251,,,,9.94
1cmt_iv__rich__049,rich,49,260925049,nlmixr2_saem,1,sigma_prop,0.139824999943367,0.15,-0.06783333371088662,,,,9.94
1cmt_iv__rich__049,rich,49,260925049,pkpy2,1,theta_CL,3.976363175751868,4.0,-0.0059092060620330455,3.594075171828616,4.3993136897664895,1,11.166487700000289
1cmt_iv__rich__049,rich,49,260925049,pkpy2,1,theta_V,41.314368928261466,40.0,0.03285922320653665,38.49259553240027,44.342997824185986,1,11.166487700000289
1cmt_iv__rich__049,rich,49,260925049,pkpy2,1,omega_CL,0.07688694115812333,0.09,-0.1457006537986296,,,,11.166487700000289
1cmt_iv__rich__049,rich,49,260925049,pkpy2,1,omega_V,0.03517752452210816,0.04,-0.1205618869472961,,,,11.166487700000289
1cmt_iv__rich__049,rich,49,260925049,pkpy2,1,sigma_prop,0.13978021044966168,0.15,-0.06813193033558873,,,,11.166487700000289
1cmt_iv__rich__049,rich,49,260925049,saemix,1,theta_CL,3.97526280984185,4.0,-0.006184297539537531,3.589401309802943,4.402604513502917,1,1.60999999999996
1cmt_iv__rich__049,rich,49,260925049,saemix,1,theta_V,41.3463790785679,40.0,0.033659476964197486,38.526789941547754,44.37232028680041,1,1.60999999999996
1cmt_iv__rich__049,rich,49,260925049,saemix,1,omega_CL,0.078483978262732,0.09,-0.12795579708075555,,,,1.60999999999996
1cmt_iv__rich__049,rich,49,260925049,saemix,1,omega_V,0.0351251756546347,0.04,-0.12187060863413246,,,,1.60999999999996
1cmt_iv__rich__049,rich,49,260925049,saemix,1,sigma_prop,0.139762844954335,0.15,-0.06824770030443332,,,,1.60999999999996
1cmt_iv__rich__050,rich,50,260925050,nlmixr2_focei,1,theta_CL,4.05539562182311,4.0,0.01384890545577755,3.6421748081171432,4.515498161386737,1,2.43000000000001
1cmt_iv__rich__050,rich,50,260925050,nlmixr2_focei,1,theta_V,39.3883942877905,40.0,-0.015290142805237572,36.79118974077879,42.16894358408988,1,2.43000000000001
1cmt_iv__rich__050,rich,50,260925050,nlmixr2_focei,1,omega_CL,0.0942757527697225,0.09,0.0475083641080278,,,,2.43000000000001
1cmt_iv__rich__050,rich,50,260925050,nlmixr2_focei,1,omega_V,0.0335431023864034,0.04,-0.161422440339915,,,,2.43000000000001
1cmt_iv__rich__050,rich,50,260925050,nlmixr2_focei,1,sigma_prop,0.134347329371886,0.15,-0.1043511375207599,,,,2.43000000000001
1cmt_iv__rich__050,rich,50,260925050,nlmixr2_saem,1,theta_CL,4.02761681914287,4.0,0.006904204785717516,3.6048439209458616,4.499972147916512,1,8.69
1cmt_iv__rich__050,rich,50,260925050,nlmixr2_saem,1,theta_V,39.2836516002797,40.0,-0.017908709993007577,36.72818327420894,42.016923939056326,1,8.69
1cmt_iv__rich__050,rich,50,260925050,nlmixr2_saem,1,omega_CL,0.0944432614017671,0.09,0.049369571130745665,,,,8.69
1cmt_iv__rich__050,rich,50,260925050,nlmixr2_saem,1,omega_V,0.0332969665085595,0.04,-0.16757583728601258,,,,8.69
1cmt_iv__rich__050,rich,50,260925050,nlmixr2_saem,1,sigma_prop,0.134417261352414,0.15,-0.10388492431723999,,,,8.69
1cmt_iv__rich__050,rich,50,260925050,pkpy2,1,theta_CL,4.026473561232136,4.0,0.006618390308033906,3.6012324608494777,4.501928024795464,1,10.135220600001048
1cmt_iv__rich__050,rich,50,260925050,pkpy2,1,theta_V,39.28014179161645,40.0,-0.017996455209588723,36.66180652890341,42.08547491932999,1,10.135220600001048
1cmt_iv__rich__050,rich,50,260925050,pkpy2,1,omega_CL,0.09475170399598117,0.09,0.05279671106645743,,,,10.135220600001048
1cmt_iv__rich__050,rich,50,260925050,pkpy2,1,omega_V,0.03361481652389257,0.04,-0.15962958690268583,,,,10.135220600001048
1cmt_iv__rich__050,rich,50,260925050,pkpy2,1,sigma_prop,0.1342438515846709,0.15,-0.10504098943552735,,,,10.135220600001048
1cmt_iv__rich__050,rich,50,260925050,saemix,1,theta_CL,4.0372758032082,4.0,0.009318950802049919,3.610132253011838,4.514958114781555,1,1.81
1cmt_iv__rich__050,rich,50,260925050,saemix,1,theta_V,39.3829194487581,40.0,-0.015427013781047449,36.76560558610593,42.186557778161884,1,1.81
1cmt_iv__rich__050,rich,50,260925050,saemix,1,omega_CL,0.0951096998494041,0.09,0.05677444277115665,,,,1.81
1cmt_iv__rich__050,rich,50,260925050,saemix,1,omega_V,0.0333739017607364,0.04,-0.16565245598158998,,,,1.81
1cmt_iv__rich__050,rich,50,260925050,saemix,1,sigma_prop,0.134578719337657,0.15,-0.10280853774895331,,,,1.81
1cmt_iv__rich__051,rich,51,260925051,nlmixr2_focei,1,theta_CL,4.09190213866491,4.0,0.022975534666227482,3.671847346849665,4.560010678759841,1,2.49000000000001
1cmt_iv__rich__051,rich,51,260925051,nlmixr2_focei,1,theta_V,40.2189889869316,40.0,0.005474724673289977,37.61519475371121,43.00302273382041,1,2.49000000000001
1cmt_iv__rich__051,rich,51,260925051,nlmixr2_focei,1,omega_CL,0.0833305585940874,0.09,-0.07410490451013993,,,,2.49000000000001
1cmt_iv__rich__051,rich,51,260925051,nlmixr2_focei,1,omega_V,0.0308239944764213,0.04,-0.22940013808946755,,,,2.49000000000001
1cmt_iv__rich__051,rich,51,260925051,nlmixr2_focei,1,sigma_prop,0.152140926272773,0.15,0.014272841818486759,,,,2.49000000000001
1cmt_iv__rich__051,rich,51,260925051,nlmixr2_saem,1,theta_CL,4.05957213747163,4.0,0.014893034367907454,3.65525336437344,4.508613848758715,1,8.69
1cmt_iv__rich__051,rich,51,260925051,nlmixr2_saem,1,theta_V,40.129150866614,40.0,0.003228771665349939,37.61005332935638,42.816975960481166,1,8.69
1cmt_iv__rich__051,rich,51,260925051,nlmixr2_saem,1,omega_CL,0.0840454006284958,0.09,-0.06616221523893548,,,,8.69
1cmt_iv__rich__051,rich,51,260925051,nlmixr2_saem,1,omega_V,0.0302647703794454,0.04,-0.24338074051386505,,,,8.69
1cmt_iv__rich__051,rich,51,260925051,nlmixr2_saem,1,sigma_prop,0.151837817546192,0.15,0.012252116974613333,,,,8.69
1cmt_iv__rich__051,rich,51,260925051,pkpy2,1,theta_CL,4.0602777132646155,4.0,0.015069428316153877,3.653306255644138,4.51258502715552,1,10.532917300006375
1cmt_iv__rich__051,rich,51,260925051,pkpy2,1,theta_V,40.11796912581717,40.0,0.0029492281454292168,37.527033185784695,42.88778808631434,1,10.532917300006375
1cmt_iv__rich__051,rich,51,260925051,pkpy2,1,omega_CL,0.08406884506276163,0.09,-0.06590172152487071,,,,10.532917300006375
1cmt_iv__rich__051,rich,51,260925051,pkpy2,1,omega_V,0.03030239842813505,0.04,-0.24244003929662378,,,,10.532917300006375
1cmt_iv__rich__051,rich,51,260925051,pkpy2,1,sigma_prop,0.15182915436929192,0.15,0.0121943624619462,,,,10.532917300006375
1cmt_iv__rich__051,rich,51,260925051,saemix,1,theta_CL,4.06721622473175,4.0,0.016804056182937455,3.6596248222116765,4.520203196327639,1,1.48000000000002
1cmt_iv__rich__051,rich,51,260925051,saemix,1,theta_V,40.2106250095849,40.0,0.005265625239622551,37.60190591080523,43.00033002308073,1,1.48000000000002
1cmt_iv__rich__051,rich,51,260925051,saemix,1,omega_CL,0.08400952406679,0.09,-0.06656084370233323,,,,1.48000000000002
1cmt_iv__rich__051,rich,51,260925051,saemix,1,omega_V,0.0305793728962129,0.04,-0.23551567759467754,,,,1.48000000000002
1cmt_iv__rich__051,rich,51,260925051,saemix,1,sigma_prop,0.152299175972366,0.15,0.015327839815773386,,,,1.48000000000002
1cmt_iv__rich__052,rich,52,260925052,nlmixr2_focei,1,theta_CL,3.85740530090258,4.0,-0.03564867477435496,3.442646538719316,4.322132838233986,1,2.50999999999999
1cmt_iv__rich__052,rich,52,260925052,nlmixr2_focei,1,theta_V,41.2687515592863,40.0,0.03171878898215752,38.55952887136843,44.16832635438925,1,2.50999999999999
1cmt_iv__rich__052,rich,52,260925052,nlmixr2_focei,1,omega_CL,0.101765642464973,0.09,0.1307293607219222,,,,2.50999999999999
1cmt_iv__rich__052,rich,52,260925052,nlmixr2_focei,1,omega_V,0.0321564272805113,0.04,-0.19608931798721743,,,,2.50999999999999
1cmt_iv__rich__052,rich,52,260925052,nlmixr2_focei,1,sigma_prop,0.145918694773382,0.15,-0.027208701510786547,,,,2.50999999999999
1cmt_iv__rich__052,rich,52,260925052,nlmixr2_saem,1,theta_CL,3.8278183045202,4.0,-0.04304542386995003,3.406679147908054,4.301019361162145,1,8.75
1cmt_iv__rich__052,rich,52,260925052,nlmixr2_saem,1,theta_V,41.1521612665358,40.0,0.02880403166339498,38.48071010718324,44.00907291445335,1,8.75
1cmt_iv__rich__052,rich,52,260925052,nlmixr2_saem,1,omega_CL,0.104203022770901,0.09,0.1578113641211223,,,,8.75
1cmt_iv__rich__052,rich,52,260925052,nlmixr2_saem,1,omega_V,0.0325420413933027,0.04,-0.1864489651674326,,,,8.75
1cmt_iv__rich__052,rich,52,260925052,nlmixr2_saem,1,sigma_prop,0.145612635576102,0.15,-0.02924909615932003,,,,8.75
1cmt_iv__rich__052,rich,52,260925052,pkpy2,1,theta_CL,3.8280479394738864,4.0,-0.04298801513152839,3.4059434323079127,4.302464594070065,1,9.69899710000027
1cmt_iv__rich__052,rich,52,260925052,pkpy2,1,theta_V,41.14206616314474,40.0,0.028551654078618503,38.4327958734337,44.042322961536634,1,9.69899710000027
1cmt_iv__rich__052,rich,52,260925052,pkpy2,1,omega_CL,0.10336285688960258,0.09,0.14847618766225087,,,,9.69899710000027
1cmt_iv__rich__052,rich,52,260925052,pkpy2,1,omega_V,0.03210250897865446,0.04,-0.19743727553363857,,,,9.69899710000027
1cmt_iv__rich__052,rich,52,260925052,pkpy2,1,sigma_prop,0.14576639088160406,0.15,-0.02822406078930621,,,,9.69899710000027
1cmt_iv__rich__052,rich,52,260925052,saemix,1,theta_CL,3.83103377809776,4.0,-0.042241555475559966,3.4105498377889085,4.303358844461607,1,1.31999999999999
1cmt_iv__rich__052,rich,52,260925052,saemix,1,theta_V,41.1492752201533,40.0,0.028731880503832484,38.44665356557365,44.04187865807191,1,1.31999999999999
1cmt_iv__rich__052,rich,52,260925052,saemix,1,omega_CL,0.102329680004317,0.09,0.13699644449241113,,,,1.31999999999999
1cmt_iv__rich__052,rich,52,260925052,saemix,1,omega_V,0.0318821840676797,0.04,-0.20294539830800745,,,,1.31999999999999
1cmt_iv__rich__052,rich,52,260925052,saemix,1,sigma_prop,0.145510995279791,0.15,-0.02992669813472663,,,,1.31999999999999
1cmt_iv__rich__053,rich,53,260925053,nlmixr2_focei,1,theta_CL,3.92565178375485,4.0,-0.018587054061287467,3.415042808482674,4.512605783159928,1,2.55000000000001
1cmt_iv__rich__053,rich,53,260925053,nlmixr2_focei,1,theta_V,39.872388733874,40.0,-0.003190281653150073,37.24166722428488,42.688942301392615,1,2.55000000000001
1cmt_iv__rich__053,rich,53,260925053,nlmixr2_focei,1,omega_CL,0.141242962555498,0.09,0.5693662506166446,,,,2.55000000000001
1cmt_iv__rich__053,rich,53,260925053,nlmixr2_focei,1,omega_V,0.0313861315914791,0.04,-0.21534671021302254,,,,2.55000000000001
1cmt_iv__rich__053,rich,53,260925053,nlmixr2_focei,1,sigma_prop,0.152062333015133,0.15,0.01374888676755337,,,,2.55000000000001
1cmt_iv__rich__053,rich,53,260925053,nlmixr2_saem,1,theta_CL,3.89156831602227,4.0,-0.02710792099443249,3.3949473853379426,4.460836130678621,1,8.33999999999997
1cmt_iv__rich__053,rich,53,260925053,nlmixr2_saem,1,theta_V,39.7366113763916,40.0,-0.006584715590209988,37.19126223706924,42.45616278397125,1,8.33999999999997
1cmt_iv__rich__053,rich,53,260925053,nlmixr2_saem,1,omega_CL,0.143295143143162,0.09,0.5921682571462444,,,,8.33999999999997
1cmt_iv__rich__053,rich,53,260925053,nlmixr2_saem,1,omega_V,0.0315128895109069,0.04,-0.21217776222732745,,,,8.33999999999997
1cmt_iv__rich__053,rich,53,260925053,nlmixr2_saem,1,sigma_prop,0.152047478064676,0.15,0.013649853764506708,,,,8.33999999999997
1cmt_iv__rich__053,rich,53,260925053,pkpy2,1,theta_CL,3.892429277706236,4.0,-0.026892680573440964,3.392106657862879,4.466547549978939,1,9.607083099996089
1cmt_iv__rich__053,rich,53,260925053,pkpy2,1,theta_V,39.77151929752786,40.0,-0.005712017561803506,37.16382052196877,42.56219422592981,1,9.607083099996089
1cmt_iv__rich__053,rich,53,260925053,pkpy2,1,omega_CL,0.14418623730567873,0.09,0.6020693033964304,,,,9.607083099996089
1cmt_iv__rich__053,rich,53,260925053,pkpy2,1,omega_V,0.03142643223686177,0.04,-0.21433919407845575,,,,9.607083099996089
1cmt_iv__rich__053,rich,53,260925053,pkpy2,1,sigma_prop,0.15202068325263116,0.15,0.013471221684207743,,,,9.607083099996089
1cmt_iv__rich__053,rich,53,260925053,saemix,1,theta_CL,3.89500222564199,4.0,-0.02624944358950254,3.389662007583203,4.475679965676833,1,1.58000000000004
1cmt_iv__rich__053,rich,53,260925053,saemix,1,theta_V,39.8526213765057,40.0,-0.003684465587357444,37.22253211088486,42.66854887377955,1,1.58000000000004
1cmt_iv__rich__053,rich,53,260925053,saemix,1,omega_CL,0.147088502697193,0.09,0.634316696635478,,,,1.58000000000004
1cmt_iv__rich__053,rich,53,260925053,saemix,1,omega_V,0.0318919091529217,0.04,-0.20270227117695755,,,,1.58000000000004
1cmt_iv__rich__053,rich,53,260925053,saemix,1,sigma_prop,0.151558044383037,0.15,0.010386962553579997,,,,1.58000000000004
1cmt_iv__rich__054,rich,54,260925054,nlmixr2_focei,1,theta_CL,4.15986002015456,4.0,0.03996500503863998,3.760936278515092,4.60109773359747,1,2.69
1cmt_iv__rich__054,rich,54,260925054,nlmixr2_focei,1,theta_V,39.2928890020523,40.0,-0.017677774948692538,36.84157399316376,41.90730630602511,1,2.69
1cmt_iv__rich__054,rich,54,260925054,nlmixr2_focei,1,omega_CL,0.0781348117684496,0.09,-0.13183542479500449,,,,2.69
1cmt_iv__rich__054,rich,54,260925054,nlmixr2_focei,1,omega_V,0.0289649928193635,0.04,-0.27587517951591256,,,,2.69
1cmt_iv__rich__054,rich,54,260925054,nlmixr2_focei,1,sigma_prop,0.158301074794888,0.15,0.05534049863258672,,,,2.69
1cmt_iv__rich__054,rich,54,260925054,nlmixr2_saem,1,theta_CL,4.11487070874477,4.0,0.02871767718619256,3.7177227121187353,4.554444282380604,1,8.71999999999997
1cmt_iv__rich__054,rich,54,260925054,nlmixr2_saem,1,theta_V,39.1729468343348,40.0,-0.020676329141629958,36.77347555353382,41.728983746769025,1,8.71999999999997
1cmt_iv__rich__054,rich,54,260925054,nlmixr2_saem,1,omega_CL,0.0784661158384135,0.09,-0.12815426846207226,,,,8.71999999999997
1cmt_iv__rich__054,rich,54,260925054,nlmixr2_saem,1,omega_V,0.0284771916670328,0.04,-0.28807020832418,,,,8.71999999999997
1cmt_iv__rich__054,rich,54,260925054,nlmixr2_saem,1,sigma_prop,0.158149990326887,0.15,0.05433326884591343,,,,8.71999999999997
1cmt_iv__rich__054,rich,54,260925054,pkpy2,1,theta_CL,4.115090692103297,4.0,0.028772673025824202,3.713682799210631,4.559886323041543,1,9.095857699998305
1cmt_iv__rich__054,rich,54,260925054,pkpy2,1,theta_V,39.18809166562355,40.0,-0.020297708359411182,36.700763471010156,41.843994052231764,1,9.095857699998305
1cmt_iv__rich__054,rich,54,260925054,pkpy2,1,omega_CL,0.07891484740964769,0.09,-0.12316836211502567,,,,9.095857699998305
1cmt_iv__rich__054,rich,54,260925054,pkpy2,1,omega_V,0.028648408354621173,0.04,-0.28378979113447067,,,,9.095857699998305
1cmt_iv__rich__054,rich,54,260925054,pkpy2,1,sigma_prop,0.15802102274114674,0.15,0.0534734849409783,,,,9.095857699998305
1cmt_iv__rich__054,rich,54,260925054,saemix,1,theta_CL,4.12404828527227,4.0,0.03101207131806749,3.722354391629259,4.5690905458931645,1,1.26999999999998
1cmt_iv__rich__054,rich,54,260925054,saemix,1,theta_V,39.250362671734,40.0,-0.018740933206649935,36.78673068287229,41.87898574471423,1,1.26999999999998
1cmt_iv__rich__054,rich,54,260925054,saemix,1,omega_CL,0.0786429076177839,0.09,-0.12618991535795657,,,,1.26999999999998
1cmt_iv__rich__054,rich,54,260925054,saemix,1,omega_V,0.0278654966405334,0.04,-0.303362583986665,,,,1.26999999999998
1cmt_iv__rich__054,rich,54,260925054,saemix,1,sigma_prop,0.15881900663033,0.15,0.05879337753553334,,,,1.26999999999998
1cmt_iv__rich__055,rich,55,260925055,nlmixr2_focei,1,theta_CL,3.56617020430616,4.0,-0.10845744892345999,3.216313343323119,3.9540830039094237,0,2.35999999999996
1cmt_iv__rich__055,rich,55,260925055,nlmixr2_focei,1,theta_V,39.9791823454256,40.0,-0.0005204413643600247,36.82732421282098,43.400791536528445,1,2.35999999999996
1cmt_iv__rich__055,rich,55,260925055,nlmixr2_focei,1,omega_CL,0.079255157095878,0.09,-0.11938714337913323,,,,2.35999999999996
1cmt_iv__rich__055,rich,55,260925055,nlmixr2_focei,1,omega_V,0.0499420581546838,0.04,0.24855145386709493,,,,2.35999999999996
1cmt_iv__rich__055,rich,55,260925055,nlmixr2_focei,1,sigma_prop,0.14187952170826,0.15,-0.05413652194493339,,,,2.35999999999996
1cmt_iv__rich__055,rich,55,260925055,nlmixr2_saem,1,theta_CL,3.53541326263261,4.0,-0.1161466843418475,3.189889148314691,3.9183640422747,0,9.40999999999997
1cmt_iv__rich__055,rich,55,260925055,nlmixr2_saem,1,theta_V,39.8684747239622,40.0,-0.0032881319009449685,36.73817835002816,43.26548969497272,1,9.40999999999997
1cmt_iv__rich__055,rich,55,260925055,nlmixr2_saem,1,omega_CL,0.0804700614712838,0.09,-0.10588820587462443,,,,9.40999999999997
1cmt_iv__rich__055,rich,55,260925055,nlmixr2_saem,1,omega_V,0.0499823902112401,0.04,0.24955975528100255,,,,9.40999999999997
1cmt_iv__rich__055,rich,55,260925055,nlmixr2_saem,1,sigma_prop,0.141897219214899,0.15,-0.05401853856733992,,,,9.40999999999997
1cmt_iv__rich__055,rich,55,260925055,pkpy2,1,theta_CL,3.5334072334137816,4.0,-0.1166481916465546,3.185644044192391,3.919134248505144,0,9.700064699994982
1cmt_iv__rich__055,rich,55,260925055,pkpy2,1,theta_V,39.854161257927885,40.0,-0.0036459685518028806,36.68157934004955,43.30113910440951,1,9.700064699994982
1cmt_iv__rich__055,rich,55,260925055,pkpy2,1,omega_CL,0.08049402793120884,0.09,-0.10562191187545727,,,,9.700064699994982
1cmt_iv__rich__055,rich,55,260925055,pkpy2,1,omega_V,0.04978316968154837,0.04,0.24457924203870918,,,,9.700064699994982
1cmt_iv__rich__055,rich,55,260925055,pkpy2,1,sigma_prop,0.1417363915334491,0.15,-0.055090723110339246,,,,9.700064699994982
1cmt_iv__rich__055,rich,55,260925055,saemix,1,theta_CL,3.53518763145082,4.0,-0.11620309213729496,3.1862715168723086,3.922312183184766,0,1.28000000000003
1cmt_iv__rich__055,rich,55,260925055,saemix,1,theta_V,39.8598382209858,40.0,-0.003504044475354995,36.722031188580694,43.2657631285174,1,1.28000000000003
1cmt_iv__rich__055,rich,55,260925055,saemix,1,omega_CL,0.0809791455024413,0.09,-0.10023171663954109,,,,1.28000000000003
1cmt_iv__rich__055,rich,55,260925055,saemix,1,omega_V,0.0485491607803894,0.04,0.21372901950973497,,,,1.28000000000003
1cmt_iv__rich__055,rich,55,260925055,saemix,1,sigma_prop,0.141923017008055,0.15,-0.05384655327963321,,,,1.28000000000003
1cmt_iv__rich__056,rich,56,260925056,nlmixr2_focei,1,theta_CL,3.80897563875893,4.0,-0.04775609031026751,3.4352158993081385,4.223401335438919,1,2.23000000000002
1cmt_iv__rich__056,rich,56,260925056,nlmixr2_focei,1,theta_V,40.8204378060129,40.0,0.020510945150322434,38.16651310025751,43.65890429386185,1,2.23000000000002
1cmt_iv__rich__056,rich,56,260925056,nlmixr2_focei,1,omega_CL,0.0766241867144632,0.09,-0.1486201476170756,,,,2.23000000000002
1cmt_iv__rich__056,rich,56,260925056,nlmixr2_focei,1,omega_V,0.0313000061379131,0.04,-0.21749984655217244,,,,2.23000000000002
1cmt_iv__rich__056,rich,56,260925056,nlmixr2_focei,1,sigma_prop,0.161708233672784,0.15,0.07805489115189339,,,,2.23000000000002
1cmt_iv__rich__056,rich,56,260925056,nlmixr2_saem,1,theta_CL,3.77371657548548,4.0,-0.05657085612863,3.409250429960157,4.17714599870573,1,8.90000000000003
1cmt_iv__rich__056,rich,56,260925056,nlmixr2_saem,1,theta_V,40.6883099588306,40.0,0.017207748970765026,38.090699900873986,43.46306504249578,1,8.90000000000003
1cmt_iv__rich__056,rich,56,260925056,nlmixr2_saem,1,omega_CL,0.0781659139399499,0.09,-0.13148984511166775,,,,8.90000000000003
1cmt_iv__rich__056,rich,56,260925056,nlmixr2_saem,1,omega_V,0.0308965410992035,0.04,-0.22758647251991254,,,,8.90000000000003
1cmt_iv__rich__056,rich,56,260925056,nlmixr2_saem,1,sigma_prop,0.16132600239996,0.15,0.07550668266640008,,,,8.90000000000003
1cmt_iv__rich__056,rich,56,260925056,pkpy2,1,theta_CL,3.7728407203323546,4.0,-0.056789819916911344,3.406756262477855,4.178264015472838,1,11.043895099996007
1cmt_iv__rich__056,rich,56,260925056,pkpy2,1,theta_V,40.65511476883446,40.0,0.016377869220861464,37.98873025043905,43.508649696129275,1,11.043895099996007
1cmt_iv__rich__056,rich,56,260925056,pkpy2,1,omega_CL,0.07758758326877703,0.09,-0.13791574145803298,,,,11.043895099996007
1cmt_iv__rich__056,rich,56,260925056,pkpy2,1,omega_V,0.0308413674377716,0.04,-0.22896581405570998,,,,11.043895099996007
1cmt_iv__rich__056,rich,56,260925056,pkpy2,1,sigma_prop,0.1614406591353365,0.15,0.07627106090224342,,,,11.043895099996007
1cmt_iv__rich__056,rich,56,260925056,saemix,1,theta_CL,3.77877681260038,4.0,-0.055305796849905,3.4118908010289064,4.185114656993183,1,1.66999999999996
1cmt_iv__rich__056,rich,56,260925056,saemix,1,theta_V,40.6741311655809,40.0,0.01685327913952257,37.98388159471943,43.55492057728178,1,1.66999999999996
1cmt_iv__rich__056,rich,56,260925056,saemix,1,omega_CL,0.0777053212195908,0.09,-0.13660754200454667,,,,1.66999999999996
1cmt_iv__rich__056,rich,56,260925056,saemix,1,omega_V,0.0314462189921763,0.04,-0.21384452519559258,,,,1.66999999999996
1cmt_iv__rich__056,rich,56,260925056,saemix,1,sigma_prop,0.161547597826929,0.15,0.07698398551286012,,,,1.66999999999996
1cmt_iv__rich__057,rich,57,260925057,nlmixr2_focei,1,theta_CL,4.16808649732691,4.0,0.042021624331727514,3.8094297926115557,4.560510626260652,1,2.33999999999997
1cmt_iv__rich__057,rich,57,260925057,nlmixr2_focei,1,theta_V,41.4138726250702,40.0,0.03534681562675494,38.78008052620026,44.226541629968814,1,2.33999999999997
1cmt_iv__rich__057,rich,57,260925057,nlmixr2_focei,1,omega_CL,0.0627049725012806,0.09,-0.30327808331910444,,,,2.33999999999997
1cmt_iv__rich__057,rich,57,260925057,nlmixr2_focei,1,omega_V,0.0288288232592045,0.04,-0.27927941851988747,,,,2.33999999999997
1cmt_iv__rich__057,rich,57,260925057,nlmixr2_focei,1,sigma_prop,0.154117612978575,0.15,0.02745075319050013,,,,2.33999999999997
1cmt_iv__rich__057,rich,57,260925057,nlmixr2_saem,1,theta_CL,4.13216874576202,4.0,0.03304218644050505,3.7711395098951117,4.527761038447336,1,9.03000000000003
1cmt_iv__rich__057,rich,57,260925057,nlmixr2_saem,1,theta_V,41.271882497363,40.0,0.031797062434075055,38.73758062883604,43.971984239205696,1,9.03000000000003
1cmt_iv__rich__057,rich,57,260925057,nlmixr2_saem,1,omega_CL,0.06346903310662,0.09,-0.29478852103755554,,,,9.03000000000003
1cmt_iv__rich__057,rich,57,260925057,nlmixr2_saem,1,omega_V,0.0285014320821384,0.04,-0.28746419794654,,,,9.03000000000003
1cmt_iv__rich__057,rich,57,260925057,nlmixr2_saem,1,sigma_prop,0.154037114726887,0.15,0.02691409817924669,,,,9.03000000000003
1cmt_iv__rich__057,rich,57,260925057,pkpy2,1,theta_CL,4.132229132073888,4.0,0.033057283018472106,3.768306836043394,4.531297036811546,1,9.379312299992307
1cmt_iv__rich__057,rich,57,260925057,pkpy2,1,theta_V,41.28030634563559,40.0,0.03200765864088968,38.67019070778946,44.06659653856496,1,9.379312299992307
1cmt_iv__rich__057,rich,57,260925057,pkpy2,1,omega_CL,0.06332552863891905,0.09,-0.29638301512312165,,,,9.379312299992307
1cmt_iv__rich__057,rich,57,260925057,pkpy2,1,omega_V,0.028685572687109154,0.04,-0.28286068282227117,,,,9.379312299992307
1cmt_iv__rich__057,rich,57,260925057,pkpy2,1,sigma_prop,0.1539407959323761,0.15,0.026271972882507454,,,,9.379312299992307
1cmt_iv__rich__057,rich,57,260925057,saemix,1,theta_CL,4.14023725525362,4.0,0.03505931381340499,3.773318495561878,4.542835318553599,1,1.72000000000003
1cmt_iv__rich__057,rich,57,260925057,saemix,1,theta_V,41.2994135321848,40.0,0.03248533830462001,38.71633358821351,44.05483164401861,1,1.72000000000003
1cmt_iv__rich__057,rich,57,260925057,saemix,1,omega_CL,0.0642221639984859,0.09,-0.2864204000168233,,,,1.72000000000003
1cmt_iv__rich__057,rich,57,260925057,saemix,1,omega_V,0.0278985352133994,0.04,-0.302536619665015,,,,1.72000000000003
1cmt_iv__rich__057,rich,57,260925057,saemix,1,sigma_prop,0.154299758968367,0.15,0.028665059789113417,,,,1.72000000000003
1cmt_iv__rich__058,rich,58,260925058,nlmixr2_focei,1,theta_CL,4.17271505518128,4.0,0.04317876379532004,3.806844206862815,4.5737492751470405,1,2.51999999999998
1cmt_iv__rich__058,rich,58,260925058,nlmixr2_focei,1,theta_V,40.0322690407594,40.0,0.0008067260189850601,37.22590102370194,43.050202157131686,1,2.51999999999998
1cmt_iv__rich__058,rich,58,260925058,nlmixr2_focei,1,omega_CL,0.0618302957713951,0.09,-0.3129967136511655,,,,2.51999999999998
1cmt_iv__rich__058,rich,58,260925058,nlmixr2_focei,1,omega_V,0.0357978310426849,0.04,-0.10505422393287753,,,,2.51999999999998
1cmt_iv__rich__058,rich,58,260925058,nlmixr2_focei,1,sigma_prop,0.163808950923969,0.15,0.09205967282645999,,,,2.51999999999998
1cmt_iv__rich__058,rich,58,260925058,nlmixr2_saem,1,theta_CL,4.13549704664384,4.0,0.03387426166095997,3.777276373577828,4.5276898302785895,1,8.80000000000001
1cmt_iv__rich__058,rich,58,260925058,nlmixr2_saem,1,theta_V,39.8814701487203,40.0,-0.002963246281992582,37.16257928791484,42.799280666197035,1,8.80000000000001
1cmt_iv__rich__058,rich,58,260925058,nlmixr2_saem,1,omega_CL,0.0620637343871247,0.09,-0.31040295125416995,,,,8.80000000000001
1cmt_iv__rich__058,rich,58,260925058,nlmixr2_saem,1,omega_V,0.0356899775277574,0.04,-0.10775056180606507,,,,8.80000000000001
1cmt_iv__rich__058,rich,58,260925058,nlmixr2_saem,1,sigma_prop,0.163720786432006,0.15,0.09147190954670667,,,,8.80000000000001
1cmt_iv__rich__058,rich,58,260925058,pkpy2,1,theta_CL,4.137166496723242,4.0,0.03429162418081044,3.775513217333496,4.5334622437629175,1,9.528458499989938
1cmt_iv__rich__058,rich,58,260925058,pkpy2,1,theta_V,39.909903881538696,40.0,-0.002252402961532596,37.13125834926165,42.89648395030302,1,9.528458499989938
1cmt_iv__rich__058,rich,58,260925058,pkpy2,1,omega_CL,0.06202991139190907,0.09,-0.3107787623121214,,,,9.528458499989938
1cmt_iv__rich__058,rich,58,260925058,pkpy2,1,omega_V,0.03541851827029596,0.04,-0.11453704324260096,,,,9.528458499989938
1cmt_iv__rich__058,rich,58,260925058,pkpy2,1,sigma_prop,0.16373902251023748,0.15,0.09159348340158321,,,,9.528458499989938
1cmt_iv__rich__058,rich,58,260925058,saemix,1,theta_CL,4.14399736580519,4.0,0.03599934145129757,3.780897439745244,4.541967731596932,1,1.47999999999996
1cmt_iv__rich__058,rich,58,260925058,saemix,1,theta_V,39.9549161531914,40.0,-0.0011270961702150473,37.2153066167871,42.89620239453978,1,1.47999999999996
1cmt_iv__rich__058,rich,58,260925058,saemix,1,omega_CL,0.0623399873442798,0.09,-0.30733347395244665,,,,1.47999999999996
1cmt_iv__rich__058,rich,58,260925058,saemix,1,omega_V,0.0341074267090882,0.04,-0.147314332272795,,,,1.47999999999996
1cmt_iv__rich__058,rich,58,260925058,saemix,1,sigma_prop,0.16418213541673,0.15,0.09454756944486664,,,,1.47999999999996
1cmt_iv__rich__059,rich,59,260925059,nlmixr2_focei,1,theta_CL,4.05397847144097,4.0,0.01349461786024242,3.5735589196438284,4.598984322481771,1,2.65999999999997
1cmt_iv__rich__059,rich,59,260925059,nlmixr2_focei,1,theta_V,38.4782485369069,40.0,-0.038043786577327585,35.85945517834895,41.288290720097514,1,2.65999999999997
1cmt_iv__rich__059,rich,59,260925059,nlmixr2_focei,1,omega_CL,0.121393424665437,0.09,0.3488158296159667,,,,2.65999999999997
1cmt_iv__rich__059,rich,59,260925059,nlmixr2_focei,1,omega_V,0.0341402506084175,0.04,-0.14649373478956249,,,,2.65999999999997
1cmt_iv__rich__059,rich,59,260925059,nlmixr2_focei,1,sigma_prop,0.147494228033381,0.15,-0.01670514644412665,,,,2.65999999999997
1cmt_iv__rich__059,rich,59,260925059,nlmixr2_saem,1,theta_CL,4.01353791416818,4.0,0.003384478542044933,3.536007170577024,4.555558235996675,1,9.12
1cmt_iv__rich__059,rich,59,260925059,nlmixr2_saem,1,theta_V,38.3666425365373,40.0,-0.04083393658656753,35.83648185313756,41.0754399820516,1,9.12
1cmt_iv__rich__059,rich,59,260925059,nlmixr2_saem,1,omega_CL,0.123416390475138,0.09,0.3712932275015334,,,,9.12
1cmt_iv__rich__059,rich,59,260925059,nlmixr2_saem,1,omega_V,0.0336463520583038,0.04,-0.1588411985424051,,,,9.12
1cmt_iv__rich__059,rich,59,260925059,nlmixr2_saem,1,sigma_prop,0.147465498162587,0.15,-0.016896678916086632,,,,9.12
1cmt_iv__rich__059,rich,59,260925059,pkpy2,1,theta_CL,4.013409474469942,4.0,0.003352368617485446,3.5336964952785808,4.558245347693691,1,9.407440499999211
1cmt_iv__rich__059,rich,59,260925059,pkpy2,1,theta_V,38.37330483495554,40.0,-0.04066737912611149,35.7893109024689,41.14386353984932,1,9.407440499999211
1cmt_iv__rich__059,rich,59,260925059,pkpy2,1,omega_CL,0.1235311331495376,0.09,0.37256814610597344,,,,9.407440499999211
1cmt_iv__rich__059,rich,59,260925059,pkpy2,1,omega_V,0.03365152987734861,0.04,-0.15871175306628477,,,,9.407440499999211
1cmt_iv__rich__059,rich,59,260925059,pkpy2,1,sigma_prop,0.14729279929743277,0.15,-0.018048004683781465,,,,9.407440499999211
1cmt_iv__rich__059,rich,59,260925059,saemix,1,theta_CL,4.02281881381963,4.0,0.005704703454907589,3.5408161782846617,4.570435287793172,1,1.64000000000004
1cmt_iv__rich__059,rich,59,260925059,saemix,1,theta_V,38.4728059998717,40.0,-0.03817985000320743,35.881362585148274,41.2514100597846,1,1.64000000000004
1cmt_iv__rich__059,rich,59,260925059,saemix,1,omega_CL,0.124255392194628,0.09,0.38061546882920005,,,,1.64000000000004
1cmt_iv__rich__059,rich,59,260925059,saemix,1,omega_V,0.0337138351177089,0.04,-0.15715412205727744,,,,1.64000000000004
1cmt_iv__rich__059,rich,59,260925059,saemix,1,sigma_prop,0.147242934871513,0.15,-0.018380434189913347,,,,1.64000000000004
1cmt_iv__rich__060,rich,60,260925060,nlmixr2_focei,1,theta_CL,4.32260705729443,4.0,0.08065176432360754,3.9311279618402337,4.753071371155482,1,2.44999999999999
1cmt_iv__rich__060,rich,60,260925060,nlmixr2_focei,1,theta_V,41.3246448357538,40.0,0.03311612089384504,38.4522059242047,44.411659351023665,1,2.44999999999999
1cmt_iv__rich__060,rich,60,260925060,nlmixr2_focei,1,omega_CL,0.0696804689337386,0.09,-0.22577256740290447,,,,2.44999999999999
1cmt_iv__rich__060,rich,60,260925060,nlmixr2_focei,1,omega_V,0.0358117952569604,0.04,-0.10470511857599007,,,,2.44999999999999
1cmt_iv__rich__060,rich,60,260925060,nlmixr2_focei,1,sigma_prop,0.148247950604513,0.15,-0.011680329303246547,,,,2.44999999999999
1cmt_iv__rich__060,rich,60,260925060,nlmixr2_saem,1,theta_CL,4.28975686495686,4.0,0.0724392162392149,3.8985750781783106,4.720189708144141,1,8.93000000000001
1cmt_iv__rich__060,rich,60,260925060,nlmixr2_saem,1,theta_V,41.1929947588353,40.0,0.029824868970882434,38.41068967793438,44.1768380476704,1,8.93000000000001
1cmt_iv__rich__060,rich,60,260925060,nlmixr2_saem,1,omega_CL,0.069677678823507,0.09,-0.2258035686276999,,,,8.93000000000001
1cmt_iv__rich__060,rich,60,260925060,nlmixr2_saem,1,omega_V,0.0354232957805342,0.04,-0.11441760548664501,,,,8.93000000000001
1cmt_iv__rich__060,rich,60,260925060,nlmixr2_saem,1,sigma_prop,0.148276245796961,0.15,-0.011491694686926643,,,,8.93000000000001
1cmt_iv__rich__060,rich,60,260925060,pkpy2,1,theta_CL,4.288287909199827,4.0,0.07207197729995674,3.8941708392314975,4.722292357316947,1,9.398104499996407
1cmt_iv__rich__060,rich,60,260925060,pkpy2,1,theta_V,41.19294749724608,40.0,0.029823687431152025,38.35205943413716,44.24427132589648,1,9.398104499996407
1cmt_iv__rich__060,rich,60,260925060,pkpy2,1,omega_CL,0.06989796705613265,0.09,-0.22335592159852613,,,,9.398104499996407
1cmt_iv__rich__060,rich,60,260925060,pkpy2,1,omega_V,0.03556339652657622,0.04,-0.11091508683559459,,,,9.398104499996407
1cmt_iv__rich__060,rich,60,260925060,pkpy2,1,sigma_prop,0.1479764869345799,0.15,-0.013490087102800604,,,,9.398104499996407
1cmt_iv__rich__060,rich,60,260925060,saemix,1,theta_CL,4.29591095350025,4.0,0.07397773837506261,3.9002497479737,4.731710047540236,1,1.33999999999997
1cmt_iv__rich__060,rich,60,260925060,saemix,1,theta_V,41.2389648026179,40.0,0.03097412006544751,38.407728422898266,44.27890655927592,1,1.33999999999997
1cmt_iv__rich__060,rich,60,260925060,saemix,1,omega_CL,0.0702649989372102,0.09,-0.2192777895865534,,,,1.33999999999997
1cmt_iv__rich__060,rich,60,260925060,saemix,1,omega_V,0.0352058228178116,0.04,-0.11985442955471,,,,1.33999999999997
1cmt_iv__rich__060,rich,60,260925060,saemix,1,sigma_prop,0.147876090560691,0.15,-0.014159396262059903,,,,1.33999999999997
1cmt_iv__rich__061,rich,61,260925061,nlmixr2_focei,1,theta_CL,4.37001380228552,4.0,0.09250345057137999,3.9171169721084684,4.8752745368966055,1,2.69999999999999
1cmt_iv__rich__061,rich,61,260925061,nlmixr2_focei,1,theta_V,39.1577361738166,40.0,-0.021056595654584953,36.77296965009012,41.697157364457446,1,2.69999999999999
1cmt_iv__rich__061,rich,61,260925061,nlmixr2_focei,1,omega_CL,0.088011674034414,0.09,-0.022092510728733326,,,,2.69999999999999
1cmt_iv__rich__061,rich,61,260925061,nlmixr2_focei,1,omega_V,0.0268977836587837,0.04,-0.32755540853040754,,,,2.69999999999999
1cmt_iv__rich__061,rich,61,260925061,nlmixr2_focei,1,sigma_prop,0.147398375339565,0.15,-0.017344164402899875,,,,2.69999999999999
1cmt_iv__rich__061,rich,61,260925061,nlmixr2_saem,1,theta_CL,4.33337427779254,4.0,0.08334356944813504,3.8899017180481144,4.827405418576118,1,8.92000000000002
1cmt_iv__rich__061,rich,61,260925061,nlmixr2_saem,1,theta_V,39.0168369515633,40.0,-0.02457907621091753,36.69468709547168,41.48593941526584,1,8.92000000000002
1cmt_iv__rich__061,rich,61,260925061,nlmixr2_saem,1,omega_CL,0.0892649830082367,0.09,-0.008166855464036683,,,,8.92000000000002
1cmt_iv__rich__061,rich,61,260925061,nlmixr2_saem,1,omega_V,0.0269428681359424,0.04,-0.32642829660143996,,,,8.92000000000002
1cmt_iv__rich__061,rich,61,260925061,nlmixr2_saem,1,sigma_prop,0.146962325879783,0.15,-0.02025116080144662,,,,8.92000000000002
1cmt_iv__rich__061,rich,61,260925061,pkpy2,1,theta_CL,4.335318541938629,4.0,0.08382963548465727,3.8890999329840765,4.832734356007055,1,10.010863100003917
1cmt_iv__rich__061,rich,61,260925061,pkpy2,1,theta_V,39.05274354133351,40.0,-0.023681411466662184,36.663591525010794,41.597582633571996,1,10.010863100003917
1cmt_iv__rich__061,rich,61,260925061,pkpy2,1,omega_CL,0.08939526093859079,0.09,-0.0067193229045467125,,,,10.010863100003917
1cmt_iv__rich__061,rich,61,260925061,pkpy2,1,omega_V,0.026918086077068453,0.04,-0.3270478480732887,,,,10.010863100003917
1cmt_iv__rich__061,rich,61,260925061,pkpy2,1,sigma_prop,0.1471085957610292,0.15,-0.019276028259805345,,,,10.010863100003917
1cmt_iv__rich__061,rich,61,260925061,saemix,1,theta_CL,4.34726250160542,4.0,0.08681562540135501,3.89804745049133,4.848245563424972,1,1.69
1cmt_iv__rich__061,rich,61,260925061,saemix,1,theta_V,39.1438282138733,40.0,-0.02140429465316753,36.753614816689456,41.68948537114908,1,1.69
1cmt_iv__rich__061,rich,61,260925061,saemix,1,omega_CL,0.0901591352289897,0.09,0.0017681692109967433,,,,1.69
1cmt_iv__rich__061,rich,61,260925061,saemix,1,omega_V,0.0267104078473466,0.04,-0.332239803816335,,,,1.69
1cmt_iv__rich__061,rich,61,260925061,saemix,1,sigma_prop,0.147772455742674,0.15,-0.014850295048839945,,,,1.69
1cmt_iv__rich__062,rich,62,260925062,nlmixr2_focei,1,theta_CL,3.82385489347721,4.0,-0.044036276630697535,3.4371138156342083,4.254111743364428,1,2.76999999999998
1cmt_iv__rich__062,rich,62,260925062,nlmixr2_focei,1,theta_V,41.0334889463888,40.0,0.02583722365972001,38.297531346316724,43.9649020686903,1,2.76999999999998
1cmt_iv__rich__062,rich,62,260925062,nlmixr2_focei,1,omega_CL,0.0905722734968468,0.09,0.006358594409408867,,,,2.76999999999998
1cmt_iv__rich__062,rich,62,260925062,nlmixr2_focei,1,omega_V,0.0317455919746252,0.04,-0.2063602006343701,,,,2.76999999999998
1cmt_iv__rich__062,rich,62,260925062,nlmixr2_focei,1,sigma_prop,0.152775930684321,0.15,0.018506204562139993,,,,2.76999999999998
1cmt_iv__rich__062,rich,62,260925062,nlmixr2_saem,1,theta_CL,3.78925520705332,4.0,-0.05268619823666998,3.396338964125692,4.227627211489754,1,8.90999999999997
1cmt_iv__rich__062,rich,62,260925062,nlmixr2_saem,1,theta_V,40.880213214872,40.0,0.022005330371800014,38.23994274447024,43.702780719645844,1,8.90999999999997
1cmt_iv__rich__062,rich,62,260925062,nlmixr2_saem,1,omega_CL,0.0913848402956906,0.09,0.015387114396562325,,,,8.90999999999997
1cmt_iv__rich__062,rich,62,260925062,nlmixr2_saem,1,omega_V,0.0319334691732441,0.04,-0.20166327066889755,,,,8.90999999999997
1cmt_iv__rich__062,rich,62,260925062,nlmixr2_saem,1,sigma_prop,0.152643376330058,0.15,0.01762250886705341,,,,8.90999999999997
1cmt_iv__rich__062,rich,62,260925062,pkpy2,1,theta_CL,3.7901441945028664,4.0,-0.05246395137428339,3.3956653295763415,4.230450183062077,1,11.296697199999471
1cmt_iv__rich__062,rich,62,260925062,pkpy2,1,theta_V,40.900096238145665,40.0,0.022502405953641613,38.20398536952044,43.78647557603164,1,11.296697199999471
1cmt_iv__rich__062,rich,62,260925062,pkpy2,1,omega_CL,0.09096457069040921,0.09,0.010717452115657932,,,,11.296697199999471
1cmt_iv__rich__062,rich,62,260925062,pkpy2,1,omega_V,0.0318371506339512,0.04,-0.20407123415122005,,,,11.296697199999471
1cmt_iv__rich__062,rich,62,260925062,pkpy2,1,sigma_prop,0.15273656611437408,0.15,0.018243774095827264,,,,11.296697199999471
1cmt_iv__rich__062,rich,62,260925062,saemix,1,theta_CL,3.79743030346259,4.0,-0.05064242413435249,3.3989818851001865,4.242587162017466,1,1.64999999999998
1cmt_iv__rich__062,rich,62,260925062,saemix,1,theta_V,40.9735680604392,40.0,0.024339201510979968,38.27802718924518,43.85892907446228,1,1.64999999999998
1cmt_iv__rich__062,rich,62,260925062,saemix,1,omega_CL,0.0925829225797052,0.09,0.028699139774502246,,,,1.64999999999998
1cmt_iv__rich__062,rich,62,260925062,saemix,1,omega_V,0.0315814302010189,0.04,-0.2104642449745276,,,,1.64999999999998
1cmt_iv__rich__062,rich,62,260925062,saemix,1,sigma_prop,0.152735497221233,0.15,0.018236648141553385,,,,1.64999999999998
1cmt_iv__rich__063,rich,63,260925063,nlmixr2_focei,1,theta_CL,3.70279679125032,4.0,-0.07430080218741997,3.3164155872473353,4.13419359443842,1,2.41999999999996
1cmt_iv__rich__063,rich,63,260925063,nlmixr2_focei,1,theta_V,38.7617570536425,40.0,-0.030956073658937554,36.11066189486368,41.607484633210596,1,2.41999999999996
1cmt_iv__rich__063,rich,63,260925063,nlmixr2_focei,1,omega_CL,0.0847765300688866,0.09,-0.058038554790148925,,,,2.41999999999996
1cmt_iv__rich__063,rich,63,260925063,nlmixr2_focei,1,omega_V,0.0341613226965588,0.04,-0.14596693258603008,,,,2.41999999999996
1cmt_iv__rich__063,rich,63,260925063,nlmixr2_focei,1,sigma_prop,0.153307944326306,0.15,0.022052962175373447,,,,2.41999999999996
1cmt_iv__rich__063,rich,63,260925063,nlmixr2_saem,1,theta_CL,3.66777555526473,4.0,-0.0830561111838175,3.294785560826837,4.0829903116430835,1,9.03999999999996
1cmt_iv__rich__063,rich,63,260925063,nlmixr2_saem,1,theta_V,38.6437028359409,40.0,-0.0339074291014775,36.08330578898655,41.38578038291344,1,9.03999999999996
1cmt_iv__rich__063,rich,63,260925063,nlmixr2_saem,1,omega_CL,0.0875639442403004,0.09,-0.02706728621888446,,,,9.03999999999996
1cmt_iv__rich__063,rich,63,260925063,nlmixr2_saem,1,omega_V,0.0340806201774929,0.04,-0.14798449556267748,,,,9.03999999999996
1cmt_iv__rich__063,rich,63,260925063,nlmixr2_saem,1,sigma_prop,0.153203534240635,0.15,0.021356894937566616,,,,9.03999999999996
1cmt_iv__rich__063,rich,63,260925063,pkpy2,1,theta_CL,3.6670867641058504,4.0,-0.08322830897353739,3.292652651465449,4.084100802280275,1,9.337452099993243
1cmt_iv__rich__063,rich,63,260925063,pkpy2,1,theta_V,38.629514108946694,40.0,-0.03426214727633266,36.006152744173846,41.444010163923195,1,9.337452099993243
1cmt_iv__rich__063,rich,63,260925063,pkpy2,1,omega_CL,0.08706300590301316,0.09,-0.03263326774429815,,,,9.337452099993243
1cmt_iv__rich__063,rich,63,260925063,pkpy2,1,omega_V,0.03393895130820341,0.04,-0.15152621729491478,,,,9.337452099993243
1cmt_iv__rich__063,rich,63,260925063,pkpy2,1,sigma_prop,0.15334540526800736,0.15,0.02230270178671575,,,,9.337452099993243
1cmt_iv__rich__063,rich,63,260925063,saemix,1,theta_CL,3.6744116644842,4.0,-0.08139708387894995,3.299433265970565,4.092006108850937,1,2.44999999999999
1cmt_iv__rich__063,rich,63,260925063,saemix,1,theta_V,38.6198053008319,40.0,-0.03450486747920252,35.985545368057245,41.446901699538834,1,2.44999999999999
1cmt_iv__rich__063,rich,63,260925063,saemix,1,omega_CL,0.0869712260743833,0.09,-0.03365304361796326,,,,2.44999999999999
1cmt_iv__rich__063,rich,63,260925063,saemix,1,omega_V,0.0343566339201864,0.04,-0.1410841519953401,,,,2.44999999999999
1cmt_iv__rich__063,rich,63,260925063,saemix,1,sigma_prop,0.153448066215836,0.15,0.022987108105573438,,,,2.44999999999999
1cmt_iv__rich__064,rich,64,260925064,nlmixr2_focei,1,theta_CL,4.15921219476793,4.0,0.03980304869198248,3.823901956281897,4.5239251107595555,1,2.63999999999999
1cmt_iv__rich__064,rich,64,260925064,nlmixr2_focei,1,theta_V,39.8397571368875,40.0,-0.00400607157781252,36.99750370338774,42.90036056083544,1,2.63999999999999
1cmt_iv__rich__064,rich,64,260925064,nlmixr2_focei,1,omega_CL,0.05056963605275,0.09,-0.4381151549694444,,,,2.63999999999999
1cmt_iv__rich__064,rich,64,260925064,nlmixr2_focei,1,omega_V,0.0407823449301923,0.04,0.01955862325480756,,,,2.63999999999999
1cmt_iv__rich__064,rich,64,260925064,nlmixr2_focei,1,sigma_prop,0.160982118900291,0.15,0.07321412600193997,,,,2.63999999999999
1cmt_iv__rich__064,rich,64,260925064,nlmixr2_saem,1,theta_CL,4.1172568028736,4.0,0.029314200718399963,3.7882092549163677,4.474885741543647,1,9.11000000000001
1cmt_iv__rich__064,rich,64,260925064,nlmixr2_saem,1,theta_V,39.7308027910388,40.0,-0.006729930224030056,36.878227643689165,42.804028047984175,1,9.11000000000001
1cmt_iv__rich__064,rich,64,260925064,nlmixr2_saem,1,omega_CL,0.0521020945085188,0.09,-0.42108783879423556,,,,9.11000000000001
1cmt_iv__rich__064,rich,64,260925064,nlmixr2_saem,1,omega_V,0.0400700874743999,0.04,0.0017521868599974441,,,,9.11000000000001
1cmt_iv__rich__064,rich,64,260925064,nlmixr2_saem,1,sigma_prop,0.160462767078987,0.15,0.06975178052657997,,,,9.11000000000001
1cmt_iv__rich__064,rich,64,260925064,pkpy2,1,theta_CL,4.118399301021772,4.0,0.029599825255443024,3.7866514439840016,4.47921152859304,1,9.086851600004593
1cmt_iv__rich__064,rich,64,260925064,pkpy2,1,theta_V,39.72351388808846,40.0,-0.006912152797788451,36.813472143244944,42.86358943479073,1,9.086851600004593
1cmt_iv__rich__064,rich,64,260925064,pkpy2,1,omega_CL,0.05180102458033829,0.09,-0.4244330602184634,,,,9.086851600004593
1cmt_iv__rich__064,rich,64,260925064,pkpy2,1,omega_V,0.040143152851083753,0.04,0.003578821277093816,,,,9.086851600004593
1cmt_iv__rich__064,rich,64,260925064,pkpy2,1,sigma_prop,0.16078063597404374,0.15,0.07187090649362497,,,,9.086851600004593
1cmt_iv__rich__064,rich,64,260925064,saemix,1,theta_CL,4.11527278732485,4.0,0.02881819683121245,3.7860069804963863,4.47317456130945,1,1.68000000000001
1cmt_iv__rich__064,rich,64,260925064,saemix,1,theta_V,39.6354297539681,40.0,-0.009114256150797573,36.6892338644915,42.81820922137461,1,1.68000000000001
1cmt_iv__rich__064,rich,64,260925064,saemix,1,omega_CL,0.0510107279949157,0.09,-0.43321413338982556,,,,1.68000000000001
1cmt_iv__rich__064,rich,64,260925064,saemix,1,omega_V,0.0415378443064931,0.04,0.03844610766232746,,,,1.68000000000001
1cmt_iv__rich__064,rich,64,260925064,saemix,1,sigma_prop,0.160512306364556,0.15,0.0700820424303733,,,,1.68000000000001
1cmt_iv__rich__065,rich,65,260925065,nlmixr2_focei,1,theta_CL,4.17970979476315,4.0,0.044927448690787575,3.7623548026835745,4.643361640422166,1,2.28999999999996
1cmt_iv__rich__065,rich,65,260925065,nlmixr2_focei,1,theta_V,41.0859158070364,40.0,0.027147895175910007,37.485587561109476,45.03203997939205,1,2.28999999999996
1cmt_iv__rich__065,rich,65,260925065,nlmixr2_focei,1,omega_CL,0.078137415807472,0.09,-0.13180649102808892,,,,2.28999999999996
1cmt_iv__rich__065,rich,65,260925065,nlmixr2_focei,1,omega_V,0.0610548577594787,0.04,0.5263714439869674,,,,2.28999999999996
1cmt_iv__rich__065,rich,65,260925065,nlmixr2_focei,1,sigma_prop,0.151202356149926,0.15,0.00801570766617336,,,,2.28999999999996
1cmt_iv__rich__065,rich,65,260925065,nlmixr2_saem,1,theta_CL,4.13788807765731,4.0,0.03447201941432754,3.738406838896774,4.580057356269802,1,9.11000000000001
1cmt_iv__rich__065,rich,65,260925065,nlmixr2_saem,1,theta_V,40.8972034036498,40.0,0.022430085091244934,37.36946966335193,44.757960477020035,1,9.11000000000001
1cmt_iv__rich__065,rich,65,260925065,nlmixr2_saem,1,omega_CL,0.0785558159892825,0.09,-0.12715760011908325,,,,9.11000000000001
1cmt_iv__rich__065,rich,65,260925065,nlmixr2_saem,1,omega_V,0.060835735026573,0.04,0.520893375664325,,,,9.11000000000001
1cmt_iv__rich__065,rich,65,260925065,nlmixr2_saem,1,sigma_prop,0.150851631020852,0.15,0.005677540139013375,,,,9.11000000000001
1cmt_iv__rich__065,rich,65,260925065,pkpy2,1,theta_CL,4.14029715827081,4.0,0.03507428956770253,3.7376361847426667,4.586337383172986,1,11.04029370000353
1cmt_iv__rich__065,rich,65,260925065,pkpy2,1,theta_V,40.914129930050855,40.0,0.022853248251271375,37.345253439542155,44.82406393741709,1,11.04029370000353
1cmt_iv__rich__065,rich,65,260925065,pkpy2,1,omega_CL,0.07851360703409102,0.09,-0.12762658851009973,,,,11.04029370000353
1cmt_iv__rich__065,rich,65,260925065,pkpy2,1,omega_V,0.06062996207282886,0.04,0.5157490518207214,,,,11.04029370000353
1cmt_iv__rich__065,rich,65,260925065,pkpy2,1,sigma_prop,0.15109849504332987,0.15,0.007323300288865816,,,,11.04029370000353
1cmt_iv__rich__065,rich,65,260925065,saemix,1,theta_CL,4.14481686617841,4.0,0.036204216544602597,3.7410157101453008,4.592203878633209,1,1.73000000000002
1cmt_iv__rich__065,rich,65,260925065,saemix,1,theta_V,40.9656750337645,40.0,0.024141875844112447,37.41093064088498,44.858187225579734,1,1.73000000000002
1cmt_iv__rich__065,rich,65,260925065,saemix,1,omega_CL,0.0787814174852617,0.09,-0.12465091683042555,,,,1.73000000000002
1cmt_iv__rich__065,rich,65,260925065,saemix,1,omega_V,0.0598675466399818,0.04,0.4966886659995449,,,,1.73000000000002
1cmt_iv__rich__065,rich,65,260925065,saemix,1,sigma_prop,0.151091777512288,0.15,0.007278516748586705,,,,1.73000000000002
1cmt_iv__rich__066,rich,66,260925066,nlmixr2_focei,1,theta_CL,4.02211330729209,4.0,0.0055283268230224,3.5524376944123985,4.553885767550944,1,2.33999999999997
1cmt_iv__rich__066,rich,66,260925066,nlmixr2_focei,1,theta_V,37.0804667707487,40.0,-0.0729883307312825,34.63610671493052,39.69733166758887,0,2.33999999999997
1cmt_iv__rich__066,rich,66,260925066,nlmixr2_focei,1,omega_CL,0.109837793468858,0.09,0.22041992743175556,,,,2.33999999999997
1cmt_iv__rich__066,rich,66,260925066,nlmixr2_focei,1,omega_V,0.0262482638873284,0.04,-0.34379340281679005,,,,2.33999999999997
1cmt_iv__rich__066,rich,66,260925066,nlmixr2_focei,1,sigma_prop,0.160297847437481,0.15,0.06865231624987331,,,,2.33999999999997
1cmt_iv__rich__066,rich,66,260925066,nlmixr2_saem,1,theta_CL,3.99520694080505,4.0,-0.001198264798737525,3.5420104685756133,4.506389419643836,1,8.98000000000002
1cmt_iv__rich__066,rich,66,260925066,nlmixr2_saem,1,theta_V,36.9416561906473,40.0,-0.07645859523381748,34.75631109594075,39.26440750115664,0,8.98000000000002
1cmt_iv__rich__066,rich,66,260925066,nlmixr2_saem,1,omega_CL,0.111222057701644,0.09,0.2358006411293779,,,,8.98000000000002
1cmt_iv__rich__066,rich,66,260925066,nlmixr2_saem,1,omega_V,0.0262192365412564,0.04,-0.34451908646859,,,,8.98000000000002
1cmt_iv__rich__066,rich,66,260925066,nlmixr2_saem,1,sigma_prop,0.159882108897037,0.15,0.06588072598024668,,,,8.98000000000002
1cmt_iv__rich__066,rich,66,260925066,pkpy2,1,theta_CL,3.9941327460369718,4.0,-0.0014668134907570574,3.538675421691483,4.508211263224384,1,9.514827999999397
1cmt_iv__rich__066,rich,66,260925066,pkpy2,1,theta_V,36.95377917589266,40.0,-0.07615552060268342,34.683025129023996,39.37320318226424,0,9.514827999999397
1cmt_iv__rich__066,rich,66,260925066,pkpy2,1,omega_CL,0.11132188610239435,0.09,0.23690984558215952,,,,9.514827999999397
1cmt_iv__rich__066,rich,66,260925066,pkpy2,1,omega_V,0.02638426766939755,0.04,-0.34039330826506126,,,,9.514827999999397
1cmt_iv__rich__066,rich,66,260925066,pkpy2,1,sigma_prop,0.16002873095808695,0.15,0.06685820638724638,,,,9.514827999999397
1cmt_iv__rich__066,rich,66,260925066,saemix,1,theta_CL,4.00193605181588,4.0,0.00048401295397004773,3.5434120461232212,4.519793903265051,1,1.34999999999997
1cmt_iv__rich__066,rich,66,260925066,saemix,1,theta_V,37.0342261499779,40.0,-0.07414434625055258,34.756271889289536,39.46147938123241,0,1.34999999999997
1cmt_iv__rich__066,rich,66,260925066,saemix,1,omega_CL,0.112462729931575,0.09,0.2495858881286111,,,,1.34999999999997
1cmt_iv__rich__066,rich,66,260925066,saemix,1,omega_V,0.0264161480010401,0.04,-0.33959629997399754,,,,1.34999999999997
1cmt_iv__rich__066,rich,66,260925066,saemix,1,sigma_prop,0.160356739170866,0.15,0.06904492780577329,,,,1.34999999999997
1cmt_iv__rich__067,rich,67,260925067,nlmixr2_focei,1,theta_CL,4.07507645042904,4.0,0.018769112607259997,3.727940323153378,4.454536992908326,1,2.38
1cmt_iv__rich__067,rich,67,260925067,nlmixr2_focei,1,theta_V,39.1442828625724,40.0,-0.021392928435689917,35.834709623451694,42.759517153232245,1,2.38
1cmt_iv__rich__067,rich,67,260925067,nlmixr2_focei,1,omega_CL,0.0580400261170844,0.09,-0.35511082092128443,,,,2.38
1cmt_iv__rich__067,rich,67,260925067,nlmixr2_focei,1,omega_V,0.0586430057729519,0.04,0.46607514432379754,,,,2.38
1cmt_iv__rich__067,rich,67,260925067,nlmixr2_focei,1,sigma_prop,0.139014174460598,0.15,-0.07323883692934667,,,,2.38
1cmt_iv__rich__067,rich,67,260925067,nlmixr2_saem,1,theta_CL,4.04805254945081,4.0,0.012013137362702597,3.7090314628184835,4.418061590306104,1,8.90999999999997
1cmt_iv__rich__067,rich,67,260925067,nlmixr2_saem,1,theta_V,38.9824250468838,40.0,-0.025439373827905065,35.68311373337415,42.58679536462692,1,8.90999999999997
1cmt_iv__rich__067,rich,67,260925067,nlmixr2_saem,1,omega_CL,0.058128853141775,0.09,-0.35412385398027774,,,,8.90999999999997
1cmt_iv__rich__067,rich,67,260925067,nlmixr2_saem,1,omega_V,0.0586274294458538,0.04,0.46568573614634495,,,,8.90999999999997
1cmt_iv__rich__067,rich,67,260925067,nlmixr2_saem,1,sigma_prop,0.138941489192409,0.15,-0.07372340538393993,,,,8.90999999999997
1cmt_iv__rich__067,rich,67,260925067,pkpy2,1,theta_CL,4.049159841440726,4.0,0.012289960360181595,3.707332987157188,4.422504123134792,1,9.847250699996948
1cmt_iv__rich__067,rich,67,260925067,pkpy2,1,theta_V,39.005161178603196,40.0,-0.02487097053492011,35.66006053538729,42.66404980044969,1,9.847250699996948
1cmt_iv__rich__067,rich,67,260925067,pkpy2,1,omega_CL,0.05819450094790703,0.09,-0.35339443391214415,,,,9.847250699996948
1cmt_iv__rich__067,rich,67,260925067,pkpy2,1,omega_V,0.0590632012467745,0.04,0.47658003116936243,,,,9.847250699996948
1cmt_iv__rich__067,rich,67,260925067,pkpy2,1,sigma_prop,0.13897644308112972,0.15,-0.07349037945913517,,,,9.847250699996948
1cmt_iv__rich__067,rich,67,260925067,saemix,1,theta_CL,4.04835735266523,4.0,0.012089338166307417,3.70595254870867,4.422398031132213,1,1.38
1cmt_iv__rich__067,rich,67,260925067,saemix,1,theta_V,39.0021051940795,40.0,-0.02494737014801256,35.640520408968314,42.680751911447075,1,1.38
1cmt_iv__rich__067,rich,67,260925067,saemix,1,omega_CL,0.0584181273130948,0.09,-0.3509096965211689,,,,1.38
1cmt_iv__rich__067,rich,67,260925067,saemix,1,omega_V,0.0596672443904716,0.04,0.49168110976178997,,,,1.38
1cmt_iv__rich__067,rich,67,260925067,saemix,1,sigma_prop,0.138691627147619,0.15,-0.07538915234920655,,,,1.38
1cmt_iv__rich__068,rich,68,260925068,nlmixr2_focei,1,theta_CL,4.08446354810759,4.0,0.021115887026897484,3.807580468972993,4.381481261332201,1,2.28999999999996
1cmt_iv__rich__068,rich,68,260925068,nlmixr2_focei,1,theta_V,39.5226302746253,40.0,-0.011934243134367506,36.60845404571101,42.6687863375573,1,2.28999999999996
1cmt_iv__rich__068,rich,68,260925068,nlmixr2_focei,1,omega_CL,0.0358212309261761,0.09,-0.6019863230424878,,,,2.28999999999996
1cmt_iv__rich__068,rich,68,260925068,nlmixr2_focei,1,omega_V,0.0410149030580115,0.04,0.0253725764502874,,,,2.28999999999996
1cmt_iv__rich__068,rich,68,260925068,nlmixr2_focei,1,sigma_prop,0.154762444100279,0.15,0.03174962733519342,,,,2.28999999999996
1cmt_iv__rich__068,rich,68,260925068,nlmixr2_saem,1,theta_CL,4.04974526193699,4.0,0.012436315484247507,3.777856234010502,4.341201906767823,1,8.94
1cmt_iv__rich__068,rich,68,260925068,nlmixr2_saem,1,theta_V,39.3528365941112,40.0,-0.01617908514721993,36.4956042719484,42.43376096647214,1,8.94
1cmt_iv__rich__068,rich,68,260925068,nlmixr2_saem,1,omega_CL,0.0359585492221512,0.09,-0.60046056419832,,,,8.94
1cmt_iv__rich__068,rich,68,260925068,nlmixr2_saem,1,omega_V,0.0413086827905469,0.04,0.03271706976367243,,,,8.94
1cmt_iv__rich__068,rich,68,260925068,nlmixr2_saem,1,sigma_prop,0.154430801265397,0.15,0.029538675102646628,,,,8.94
1cmt_iv__rich__068,rich,68,260925068,pkpy2,1,theta_CL,4.0512805064039155,4.0,0.012820126600978865,3.775032966314519,4.347743155629152,1,9.547614299997804
1cmt_iv__rich__068,rich,68,260925068,pkpy2,1,theta_V,39.3877533483204,40.0,-0.015306166291989953,36.48292195095263,42.52387229054211,1,9.547614299997804
1cmt_iv__rich__068,rich,68,260925068,pkpy2,1,omega_CL,0.03605963340544182,0.09,-0.5993374066062019,,,,9.547614299997804
1cmt_iv__rich__068,rich,68,260925068,pkpy2,1,omega_V,0.04110825950598257,0.04,0.027706487649564217,,,,9.547614299997804
1cmt_iv__rich__068,rich,68,260925068,pkpy2,1,sigma_prop,0.15467055787029774,0.15,0.031137052468651616,,,,9.547614299997804
1cmt_iv__rich__068,rich,68,260925068,saemix,1,theta_CL,4.05366397689566,4.0,0.013415994223914929,3.7761196386503495,4.351607790545186,1,1.38999999999999
1cmt_iv__rich__068,rich,68,260925068,saemix,1,theta_V,39.4387106355965,40.0,-0.014032234110087494,36.4876229274294,42.62847979140452,1,1.38999999999999
1cmt_iv__rich__068,rich,68,260925068,saemix,1,omega_CL,0.0364298545001085,0.09,-0.5952238388876833,,,,1.38999999999999
1cmt_iv__rich__068,rich,68,260925068,saemix,1,omega_V,0.0425479225989811,0.04,0.06369806497452754,,,,1.38999999999999
1cmt_iv__rich__068,rich,68,260925068,saemix,1,sigma_prop,0.154539150015487,0.15,0.030261000103246616,,,,1.38999999999999
1cmt_iv__rich__069,rich,69,260925069,nlmixr2_focei,1,theta_CL,3.9148744888651,4.0,-0.021281377783724964,3.6130984084893507,4.241855751162542,1,2.70000000000005
1cmt_iv__rich__069,rich,69,260925069,nlmixr2_focei,1,theta_V,40.6756261960108,40.0,0.016890654900270086,38.25780892441936,43.24624470016512,1,2.70000000000005
1cmt_iv__rich__069,rich,69,260925069,nlmixr2_focei,1,omega_CL,0.0470977038699354,0.09,-0.47669217922294,,,,2.70000000000005
1cmt_iv__rich__069,rich,69,260925069,nlmixr2_focei,1,omega_V,0.0246070308981406,0.04,-0.38482422754648504,,,,2.70000000000005
1cmt_iv__rich__069,rich,69,260925069,nlmixr2_focei,1,sigma_prop,0.162141591085118,0.15,0.08094394056745335,,,,2.70000000000005
1cmt_iv__rich__069,rich,69,260925069,nlmixr2_saem,1,theta_CL,3.87753394742078,4.0,-0.030616513144804958,3.5799594718624945,4.199843498669105,1,9.10999999999996
1cmt_iv__rich__069,rich,69,260925069,nlmixr2_saem,1,theta_V,40.5184578772834,40.0,0.012961446932085074,38.186381551893355,42.99295618052055,1,9.10999999999996
1cmt_iv__rich__069,rich,69,260925069,nlmixr2_saem,1,omega_CL,0.0476828719858584,0.09,-0.47019031126824,,,,9.10999999999996
1cmt_iv__rich__069,rich,69,260925069,nlmixr2_saem,1,omega_V,0.0244554497146055,0.04,-0.3886137571348625,,,,9.10999999999996
1cmt_iv__rich__069,rich,69,260925069,nlmixr2_saem,1,sigma_prop,0.161512056409435,0.15,0.07674704272956671,,,,9.10999999999996
1cmt_iv__rich__069,rich,69,260925069,pkpy2,1,theta_CL,3.8765722504244637,4.0,-0.030856937393884065,3.57616954632,4.202209156505211,1,9.531265800003894
1cmt_iv__rich__069,rich,69,260925069,pkpy2,1,theta_V,40.51017267125442,40.0,0.012754316781360586,38.09929143665429,43.073611817253266,1,9.531265800003894
1cmt_iv__rich__069,rich,69,260925069,pkpy2,1,omega_CL,0.0474079631569843,0.09,-0.47324485381128556,,,,9.531265800003894
1cmt_iv__rich__069,rich,69,260925069,pkpy2,1,omega_V,0.02423555414605655,0.04,-0.39411114634858624,,,,9.531265800003894
1cmt_iv__rich__069,rich,69,260925069,pkpy2,1,sigma_prop,0.16168901490610843,0.15,0.0779267660407229,,,,9.531265800003894
1cmt_iv__rich__069,rich,69,260925069,saemix,1,theta_CL,3.88585251247796,4.0,-0.028536871880510017,3.585132319919109,4.211797055532938,1,1.36000000000001
1cmt_iv__rich__069,rich,69,260925069,saemix,1,theta_V,40.554436099412,40.0,0.01386090248530003,38.17948802475053,43.077117384997656,1,1.36000000000001
1cmt_iv__rich__069,rich,69,260925069,saemix,1,omega_CL,0.0473089070093189,0.09,-0.47434547767423446,,,,1.36000000000001
1cmt_iv__rich__069,rich,69,260925069,saemix,1,omega_V,0.0233137114123139,0.04,-0.41715721469215256,,,,1.36000000000001
1cmt_iv__rich__069,rich,69,260925069,saemix,1,sigma_prop,0.161565718823788,0.15,0.07710479215858676,,,,1.36000000000001
1cmt_iv__rich__070,rich,70,260925070,nlmixr2_focei,1,theta_CL,4.10152946541436,4.0,0.025382366353589925,3.6601645222881305,4.59611688305904,1,2.71999999999997
1cmt_iv__rich__070,rich,70,260925070,nlmixr2_focei,1,theta_V,39.5575677292517,40.0,-0.011060806768707465,36.68859657694915,42.65088639660517,1,2.71999999999997
1cmt_iv__rich__070,rich,70,260925070,nlmixr2_focei,1,omega_CL,0.103054853470212,0.09,0.1450539274468,,,,2.71999999999997
1cmt_iv__rich__070,rich,70,260925070,nlmixr2_focei,1,omega_V,0.0408774495584673,0.04,0.021936238961682564,,,,2.71999999999997
1cmt_iv__rich__070,rich,70,260925070,nlmixr2_focei,1,sigma_prop,0.146505533812507,0.15,-0.023296441249953302,,,,2.71999999999997
1cmt_iv__rich__070,rich,70,260925070,nlmixr2_saem,1,theta_CL,4.06494681292666,4.0,0.01623670323166504,3.617942836566846,4.567179012591156,1,9.26999999999998
1cmt_iv__rich__070,rich,70,260925070,nlmixr2_saem,1,theta_V,39.4549320097843,40.0,-0.01362669975539248,36.66139652244057,42.46133010628347,1,9.26999999999998
1cmt_iv__rich__070,rich,70,260925070,nlmixr2_saem,1,omega_CL,0.104385516780508,0.09,0.15983907533897784,,,,9.26999999999998
1cmt_iv__rich__070,rich,70,260925070,nlmixr2_saem,1,omega_V,0.0398372870396467,0.04,-0.004067824008832481,,,,9.26999999999998
1cmt_iv__rich__070,rich,70,260925070,nlmixr2_saem,1,sigma_prop,0.146506068763323,0.15,-0.023292874911179928,,,,9.26999999999998
1cmt_iv__rich__070,rich,70,260925070,pkpy2,1,theta_CL,4.06280659281849,4.0,0.01570164820462261,3.614349937564728,4.566906275204511,1,10.87378730000637
1cmt_iv__rich__070,rich,70,260925070,pkpy2,1,theta_V,39.43263035065869,40.0,-0.014184241233532725,36.56645092597604,42.52346883539353,1,10.87378730000637
1cmt_iv__rich__070,rich,70,260925070,pkpy2,1,omega_CL,0.10390034175318219,0.09,0.15444824170202437,,,,10.87378730000637
1cmt_iv__rich__070,rich,70,260925070,pkpy2,1,omega_V,0.040238623611264304,0.04,0.005965590281607584,,,,10.87378730000637
1cmt_iv__rich__070,rich,70,260925070,pkpy2,1,sigma_prop,0.1463597150997002,0.15,-0.02426856600199867,,,,10.87378730000637
1cmt_iv__rich__070,rich,70,260925070,saemix,1,theta_CL,4.06375978246003,4.0,0.015939945615007556,3.6169229652761308,4.5657990861519036,1,1.62
1cmt_iv__rich__070,rich,70,260925070,saemix,1,theta_V,39.3981240712061,40.0,-0.01504689821984755,36.540605564058325,42.47910390015319,1,1.62
1cmt_iv__rich__070,rich,70,260925070,saemix,1,omega_CL,0.103066598557872,0.09,0.14518442842079998,,,,1.62
1cmt_iv__rich__070,rich,70,260925070,saemix,1,omega_V,0.040091792804624,0.04,0.002294820115599991,,,,1.62
1cmt_iv__rich__070,rich,70,260925070,saemix,1,sigma_prop,0.145870692345585,0.15,-0.027528717696099957,,,,1.62
1cmt_iv__rich__071,rich,71,260925071,nlmixr2_focei,1,theta_CL,3.7313799030412,4.0,-0.06715502423969999,3.3803135250322818,4.118906686528963,1,2.49000000000001
1cmt_iv__rich__071,rich,71,260925071,nlmixr2_focei,1,theta_V,42.4421308310021,40.0,0.061053270775052584,39.5215961869704,45.57848475942297,1,2.49000000000001
1cmt_iv__rich__071,rich,71,260925071,nlmixr2_focei,1,omega_CL,0.0776524825263052,0.09,-0.13719463859660883,,,,2.49000000000001
1cmt_iv__rich__071,rich,71,260925071,nlmixr2_focei,1,omega_V,0.0336996053104001,0.04,-0.15750986723999746,,,,2.49000000000001
1cmt_iv__rich__071,rich,71,260925071,nlmixr2_focei,1,sigma_prop,0.146338409797877,0.15,-0.024410601347486703,,,,2.49000000000001
1cmt_iv__rich__071,rich,71,260925071,nlmixr2_saem,1,theta_CL,3.69540324002085,4.0,-0.07614918999478748,3.3397087317040266,4.088980867319188,1,9.37
1cmt_iv__rich__071,rich,71,260925071,nlmixr2_saem,1,theta_V,42.2943504568383,40.0,0.05735876142095755,39.505004156836115,45.28064529405484,1,9.37
1cmt_iv__rich__071,rich,71,260925071,nlmixr2_saem,1,omega_CL,0.0780403988673095,0.09,-0.13288445702989443,,,,9.37
1cmt_iv__rich__071,rich,71,260925071,nlmixr2_saem,1,omega_V,0.0336747275788146,0.04,-0.15813181052963496,,,,9.37
1cmt_iv__rich__071,rich,71,260925071,nlmixr2_saem,1,sigma_prop,0.146022336043298,0.15,-0.026517759711346588,,,,9.37
1cmt_iv__rich__071,rich,71,260925071,pkpy2,1,theta_CL,3.6971711762273194,4.0,-0.07570720594317015,3.3391274016367563,4.0936068206399865,1,9.186660400009714
1cmt_iv__rich__071,rich,71,260925071,pkpy2,1,theta_V,42.29992544653228,40.0,0.05749813616330694,39.45250126979554,45.352858125425044,1,9.186660400009714
1cmt_iv__rich__071,rich,71,260925071,pkpy2,1,omega_CL,0.07784993751992915,0.09,-0.13500069422300942,,,,9.186660400009714
1cmt_iv__rich__071,rich,71,260925071,pkpy2,1,omega_V,0.033672790798253416,0.04,-0.15818023004366463,,,,9.186660400009714
1cmt_iv__rich__071,rich,71,260925071,pkpy2,1,sigma_prop,0.14611933777786937,0.15,-0.025871081480870844,,,,9.186660400009714
1cmt_iv__rich__071,rich,71,260925071,saemix,1,theta_CL,3.70192322324293,4.0,-0.07451919418926745,3.344142432527092,4.097982017000797,1,1.94
1cmt_iv__rich__071,rich,71,260925071,saemix,1,theta_V,42.3634189297195,40.0,0.05908547324298752,39.519418999113675,45.412086231712216,1,1.94
1cmt_iv__rich__071,rich,71,260925071,saemix,1,omega_CL,0.0775621057558613,0.09,-0.13819882493487445,,,,1.94
1cmt_iv__rich__071,rich,71,260925071,saemix,1,omega_V,0.0335094947417218,0.04,-0.16226263145695494,,,,1.94
1cmt_iv__rich__071,rich,71,260925071,saemix,1,sigma_prop,0.146237060911563,0.15,-0.025086260589580005,,,,1.94
1cmt_iv__rich__072,rich,72,260925072,nlmixr2_focei,1,theta_CL,3.86433204367404,4.0,-0.03391698908148999,3.446273943632872,4.333103632505886,1,2.5
1cmt_iv__rich__072,rich,72,260925072,nlmixr2_focei,1,theta_V,41.3377686150671,40.0,0.03344421537667745,38.74409509267077,44.105072269350345,1,2.5
1cmt_iv__rich__072,rich,72,260925072,nlmixr2_focei,1,omega_CL,0.0914023967489638,0.09,0.015582186099597866,,,,2.5
1cmt_iv__rich__072,rich,72,260925072,nlmixr2_focei,1,omega_V,0.0299000014579839,0.04,-0.2524999635504025,,,,2.5
1cmt_iv__rich__072,rich,72,260925072,nlmixr2_focei,1,sigma_prop,0.150842028047426,0.15,0.005613520316173348,,,,2.5
1cmt_iv__rich__072,rich,72,260925072,nlmixr2_saem,1,theta_CL,3.83278258806767,4.0,-0.04180435298308249,3.431490930400737,4.281002825112858,1,9.25
1cmt_iv__rich__072,rich,72,260925072,nlmixr2_saem,1,theta_V,41.1879363808528,40.0,0.029698409521319923,38.659200627959926,43.88207918831714,1,9.25
1cmt_iv__rich__072,rich,72,260925072,nlmixr2_saem,1,omega_CL,0.0936102295813811,0.09,0.04011366201534559,,,,9.25
1cmt_iv__rich__072,rich,72,260925072,nlmixr2_saem,1,omega_V,0.0287175617949667,0.04,-0.2820609551258325,,,,9.25
1cmt_iv__rich__072,rich,72,260925072,nlmixr2_saem,1,sigma_prop,0.150766516666313,0.15,0.0051101111087533315,,,,9.25
1cmt_iv__rich__072,rich,72,260925072,pkpy2,1,theta_CL,3.8313046086887717,4.0,-0.04217384782780709,3.426808904514357,4.283546416966048,1,10.419106500005
1cmt_iv__rich__072,rich,72,260925072,pkpy2,1,theta_V,41.20971801025641,40.0,0.030242950256410238,38.59665868383807,43.99968588980401,1,10.419106500005
1cmt_iv__rich__072,rich,72,260925072,pkpy2,1,omega_CL,0.09371176184882546,0.09,0.041241798320282914,,,,10.419106500005
1cmt_iv__rich__072,rich,72,260925072,pkpy2,1,omega_V,0.029100080315355718,0.04,-0.2724979921161071,,,,10.419106500005
1cmt_iv__rich__072,rich,72,260925072,pkpy2,1,sigma_prop,0.15070216665416303,0.15,0.004681111027753556,,,,10.419106500005
1cmt_iv__rich__072,rich,72,260925072,saemix,1,theta_CL,3.83806815340469,4.0,-0.040482961648827476,3.430270404205422,4.294345755401601,1,1.62
1cmt_iv__rich__072,rich,72,260925072,saemix,1,theta_V,41.2613395877049,40.0,0.031533489692622575,38.64522727079771,44.0545512293674,1,1.62
1cmt_iv__rich__072,rich,72,260925072,saemix,1,omega_CL,0.0950640793668551,0.09,0.056267548520612234,,,,1.62
1cmt_iv__rich__072,rich,72,260925072,saemix,1,omega_V,0.0290723552615084,0.04,-0.27319111846229005,,,,1.62
1cmt_iv__rich__072,rich,72,260925072,saemix,1,sigma_prop,0.150301582737267,0.15,0.0020105515817799477,,,,1.62
1cmt_iv__rich__073,rich,73,260925073,nlmixr2_focei,1,theta_CL,3.93849197058441,4.0,-0.015377007353897465,3.535973064730348,4.386831776825423,1,2.45999999999998
1cmt_iv__rich__073,rich,73,260925073,nlmixr2_focei,1,theta_V,42.7009276437161,40.0,0.06752319109290247,39.37372722770528,46.30928667456369,1,2.45999999999998
1cmt_iv__rich__073,rich,73,260925073,nlmixr2_focei,1,omega_CL,0.0875203574660015,0.09,-0.027551583711094473,,,,2.45999999999998
1cmt_iv__rich__073,rich,73,260925073,nlmixr2_focei,1,omega_V,0.0471981294768268,0.04,0.17995323692066995,,,,2.45999999999998
1cmt_iv__rich__073,rich,73,260925073,nlmixr2_focei,1,sigma_prop,0.141955082183914,0.15,-0.05363278544057326,,,,2.45999999999998
1cmt_iv__rich__073,rich,73,260925073,nlmixr2_saem,1,theta_CL,3.90457781294389,4.0,-0.023855546764027458,3.50135190833484,4.354240389559758,1,9.49000000000001
1cmt_iv__rich__073,rich,73,260925073,nlmixr2_saem,1,theta_V,42.6171870525543,40.0,0.0654296763138575,39.35468382470805,46.1501517929137,1,9.49000000000001
1cmt_iv__rich__073,rich,73,260925073,nlmixr2_saem,1,omega_CL,0.0907302991587959,0.09,0.008114435097732187,,,,9.49000000000001
1cmt_iv__rich__073,rich,73,260925073,nlmixr2_saem,1,omega_V,0.0468189052351628,0.04,0.17047263087906997,,,,9.49000000000001
1cmt_iv__rich__073,rich,73,260925073,nlmixr2_saem,1,sigma_prop,0.142210987198039,0.15,-0.051926752013073216,,,,9.49000000000001
1cmt_iv__rich__073,rich,73,260925073,pkpy2,1,theta_CL,3.9043066185934094,4.0,-0.02392334535164764,3.499857300520259,4.35549477109433,1,8.881314199999906
1cmt_iv__rich__073,rich,73,260925073,pkpy2,1,theta_V,42.59678038985127,40.0,0.06491950974628172,39.29058838469662,46.18117911127912,1,8.881314199999906
1cmt_iv__rich__073,rich,73,260925073,pkpy2,1,omega_CL,0.09032907376302163,0.09,0.003656375144684791,,,,8.881314199999906
1cmt_iv__rich__073,rich,73,260925073,pkpy2,1,omega_V,0.046952269938557334,0.04,0.17380674846393332,,,,8.881314199999906
1cmt_iv__rich__073,rich,73,260925073,pkpy2,1,sigma_prop,0.14202050677431496,0.15,-0.053196621504566874,,,,8.881314199999906
1cmt_iv__rich__073,rich,73,260925073,saemix,1,theta_CL,3.90760471981016,4.0,-0.02309882004746,3.505426562934585,4.355924841711649,1,1.52000000000004
1cmt_iv__rich__073,rich,73,260925073,saemix,1,theta_V,42.5374875082192,40.0,0.06343718770548001,39.24217315311495,46.10952192815233,1,1.52000000000004
1cmt_iv__rich__073,rich,73,260925073,saemix,1,omega_CL,0.0891690920432056,0.09,-0.009232310631048884,,,,1.52000000000004
1cmt_iv__rich__073,rich,73,260925073,saemix,1,omega_V,0.0468377094183587,0.04,0.1709427354589675,,,,1.52000000000004
1cmt_iv__rich__073,rich,73,260925073,saemix,1,sigma_prop,0.141550712562121,0.15,-0.056328582919193224,,,,1.52000000000004
1cmt_iv__rich__074,rich,74,260925074,nlmixr2_focei,1,theta_CL,4.14540690319449,4.0,0.03635172579862256,3.690343045993235,4.656585628729117,1,2.59999999999997
1cmt_iv__rich__074,rich,74,260925074,nlmixr2_focei,1,theta_V,43.0876953218163,40.0,0.07719238304540746,40.88112063562943,45.41337075108498,0,2.59999999999997
1cmt_iv__rich__074,rich,74,260925074,nlmixr2_focei,1,omega_CL,0.0984109028734511,0.09,0.0934544763716789,,,,2.59999999999997
1cmt_iv__rich__074,rich,74,260925074,nlmixr2_focei,1,omega_V,0.0182501675767552,0.04,-0.54374581058112,,,,2.59999999999997
1cmt_iv__rich__074,rich,74,260925074,nlmixr2_focei,1,sigma_prop,0.1484780425707,0.15,-0.010146382862000019,,,,2.59999999999997
1cmt_iv__rich__074,rich,74,260925074,nlmixr2_saem,1,theta_CL,4.11678186576785,4.0,0.02919546644196247,3.672433002868742,4.614895061959218,1,9.5
1cmt_iv__rich__074,rich,74,260925074,nlmixr2_saem,1,theta_V,43.044918116372,40.0,0.07612295290930007,40.96204303312638,45.233705119315985,0,9.5
1cmt_iv__rich__074,rich,74,260925074,nlmixr2_saem,1,omega_CL,0.0999670321240766,0.09,0.11074480137862885,,,,9.5
1cmt_iv__rich__074,rich,74,260925074,nlmixr2_saem,1,omega_V,0.0168791254385838,0.04,-0.578021864035405,,,,9.5
1cmt_iv__rich__074,rich,74,260925074,nlmixr2_saem,1,sigma_prop,0.148702154741912,0.15,-0.008652301720586583,,,,9.5
1cmt_iv__rich__074,rich,74,260925074,pkpy2,1,theta_CL,4.112758144892613,4.0,0.028189536223153233,3.6679208422554814,4.611544328742731,1,10.5472019000008
1cmt_iv__rich__074,rich,74,260925074,pkpy2,1,theta_V,42.99275114040013,40.0,0.07481877851000326,40.80873618806311,45.29365090117743,0,10.5472019000008
1cmt_iv__rich__074,rich,74,260925074,pkpy2,1,omega_CL,0.09927417840986945,0.09,0.10304642677632725,,,,10.5472019000008
1cmt_iv__rich__074,rich,74,260925074,pkpy2,1,omega_V,0.01695205372113583,0.04,-0.5761986569716042,,,,10.5472019000008
1cmt_iv__rich__074,rich,74,260925074,pkpy2,1,sigma_prop,0.1483479731015532,0.15,-0.011013512656311935,,,,10.5472019000008
1cmt_iv__rich__074,rich,74,260925074,saemix,1,theta_CL,4.11964527366052,4.0,0.02991131841513006,3.674737519162521,4.618418891769252,1,1.56
1cmt_iv__rich__074,rich,74,260925074,saemix,1,theta_V,43.0642039612137,40.0,0.07660509903034249,40.87595326312354,45.36960033384919,0,1.56
1cmt_iv__rich__074,rich,74,260925074,saemix,1,omega_CL,0.0989337729308835,0.09,0.09926414367648335,,,,1.56
1cmt_iv__rich__074,rich,74,260925074,saemix,1,omega_V,0.0169241846729271,0.04,-0.5768953831768224,,,,1.56
1cmt_iv__rich__074,rich,74,260925074,saemix,1,sigma_prop,0.148165683551844,0.15,-0.012228776321039914,,,,1.56
1cmt_iv__rich__075,rich,75,260925075,nlmixr2_focei,1,theta_CL,3.89597232877704,4.0,-0.02600691780574005,3.5099959063538053,4.3243926179856915,1,2.50999999999999
1cmt_iv__rich__075,rich,75,260925075,nlmixr2_focei,1,theta_V,39.5271370934904,40.0,-0.011821572662739931,37.05273864908706,42.166776971722726,1,2.50999999999999
1cmt_iv__rich__075,rich,75,260925075,nlmixr2_focei,1,omega_CL,0.083360727016746,0.09,-0.07376969981393326,,,,2.50999999999999
1cmt_iv__rich__075,rich,75,260925075,nlmixr2_focei,1,omega_V,0.0283611183650702,0.04,-0.290972040873245,,,,2.50999999999999
1cmt_iv__rich__075,rich,75,260925075,nlmixr2_focei,1,sigma_prop,0.138794475955116,0.15,-0.07470349363256006,,,,2.50999999999999
1cmt_iv__rich__075,rich,75,260925075,nlmixr2_saem,1,theta_CL,3.86641338380745,4.0,-0.03339665404813752,3.4804949774281297,4.29512254763599,1,9
1cmt_iv__rich__075,rich,75,260925075,nlmixr2_saem,1,theta_V,39.3944662144647,40.0,-0.015138344638382506,36.99739568636724,41.946843542137536,1,9
1cmt_iv__rich__075,rich,75,260925075,nlmixr2_saem,1,omega_CL,0.08456901667877,0.09,-0.060344259124777797,,,,9
1cmt_iv__rich__075,rich,75,260925075,nlmixr2_saem,1,omega_V,0.0284991850453328,0.04,-0.28752037386668,,,,9
1cmt_iv__rich__075,rich,75,260925075,nlmixr2_saem,1,sigma_prop,0.138369651781065,0.15,-0.07753565479289996,,,,9
1cmt_iv__rich__075,rich,75,260925075,pkpy2,1,theta_CL,3.868055643674631,4.0,-0.03298608908134226,3.4796298847049503,4.299840775689805,1,9.165171799992095
1cmt_iv__rich__075,rich,75,260925075,pkpy2,1,theta_V,39.42104568673268,40.0,-0.014473857831682934,36.978399379191636,42.02504351526739,1,9.165171799992095
1cmt_iv__rich__075,rich,75,260925075,pkpy2,1,omega_CL,0.08474275815198262,0.09,-0.05841379831130416,,,,9.165171799992095
1cmt_iv__rich__075,rich,75,260925075,pkpy2,1,omega_V,0.028205990549246204,0.04,-0.29485023626884493,,,,9.165171799992095
1cmt_iv__rich__075,rich,75,260925075,pkpy2,1,sigma_prop,0.13858462020070303,0.15,-0.07610253199531311,,,,9.165171799992095
1cmt_iv__rich__075,rich,75,260925075,saemix,1,theta_CL,3.87371221026163,4.0,-0.03157194743459246,3.484660833095833,4.306199945031312,1,1.81
1cmt_iv__rich__075,rich,75,260925075,saemix,1,theta_V,39.4362981440503,40.0,-0.014092546398742556,37.019983373362955,42.01032711498882,1,1.81
1cmt_iv__rich__075,rich,75,260925075,saemix,1,omega_CL,0.0847923066497933,0.09,-0.057863259446741075,,,,1.81
1cmt_iv__rich__075,rich,75,260925075,saemix,1,omega_V,0.0274297565972965,0.04,-0.3142560850675875,,,,1.81
1cmt_iv__rich__075,rich,75,260925075,saemix,1,sigma_prop,0.13891188755359,0.15,-0.07392074964273336,,,,1.81
1cmt_iv__rich__076,rich,76,260925076,nlmixr2_focei,1,theta_CL,3.79068119666738,4.0,-0.052329700833155024,3.3895650705890032,4.239264812895508,1,2.61000000000001
1cmt_iv__rich__076,rich,76,260925076,nlmixr2_focei,1,theta_V,40.2382827264878,40.0,0.005957068162195078,37.01113335064949,43.74682021858036,1,2.61000000000001
1cmt_iv__rich__076,rich,76,260925076,nlmixr2_focei,1,omega_CL,0.092205314360777,0.09,0.024503492897522284,,,,2.61000000000001
1cmt_iv__rich__076,rich,76,260925076,nlmixr2_focei,1,omega_V,0.049668712161348,0.04,0.2417178040337,,,,2.61000000000001
1cmt_iv__rich__076,rich,76,260925076,nlmixr2_focei,1,sigma_prop,0.153741259571054,0.15,0.02494173047369338,,,,2.61000000000001
1cmt_iv__rich__076,rich,76,260925076,nlmixr2_saem,1,theta_CL,3.75167244904711,4.0,-0.06208188773822254,3.3567745584623356,4.193026942919459,1,9.11000000000001
1cmt_iv__rich__076,rich,76,260925076,nlmixr2_saem,1,theta_V,40.1002415581246,40.0,0.002506038953115031,36.94438595442667,43.52567599860919,1,9.11000000000001
1cmt_iv__rich__076,rich,76,260925076,nlmixr2_saem,1,omega_CL,0.0942606808957194,0.09,0.047340898841326716,,,,9.11000000000001
1cmt_iv__rich__076,rich,76,260925076,nlmixr2_saem,1,omega_V,0.0497463971615541,0.04,0.2436599290388525,,,,9.11000000000001
1cmt_iv__rich__076,rich,76,260925076,nlmixr2_saem,1,sigma_prop,0.153494206686995,0.15,0.023294711246633442,,,,9.11000000000001
1cmt_iv__rich__076,rich,76,260925076,pkpy2,1,theta_CL,3.7531777165513414,4.0,-0.06170557086216466,3.356205574007892,4.197103741531542,1,9.43180159998883
1cmt_iv__rich__076,rich,76,260925076,pkpy2,1,theta_V,40.1092572291511,40.0,0.00273143072877744,36.90480066601111,43.591957860264294,1,9.43180159998883
1cmt_iv__rich__076,rich,76,260925076,pkpy2,1,omega_CL,0.09390546436767923,0.09,0.04339404852976924,,,,9.43180159998883
1cmt_iv__rich__076,rich,76,260925076,pkpy2,1,omega_V,0.04951269378474876,0.04,0.23781734461871903,,,,9.43180159998883
1cmt_iv__rich__076,rich,76,260925076,pkpy2,1,sigma_prop,0.1534946823047835,0.15,0.02329788203189002,,,,9.43180159998883
1cmt_iv__rich__076,rich,76,260925076,saemix,1,theta_CL,3.75580536245037,4.0,-0.061048659387407445,3.359099791023343,4.199361376017225,1,1.38999999999999
1cmt_iv__rich__076,rich,76,260925076,saemix,1,theta_V,40.066806445689,40.0,0.001670161142224913,36.85887052423872,43.55393846647074,1,1.38999999999999
1cmt_iv__rich__076,rich,76,260925076,saemix,1,omega_CL,0.0937037681141932,0.09,0.04115297904659119,,,,1.38999999999999
1cmt_iv__rich__076,rich,76,260925076,saemix,1,omega_V,0.0497730393106721,0.04,0.2443259827668024,,,,1.38999999999999
1cmt_iv__rich__076,rich,76,260925076,saemix,1,sigma_prop,0.153316467590653,0.15,0.022109783937686776,,,,1.38999999999999
1cmt_iv__rich__077,rich,77,260925077,nlmixr2_focei,1,theta_CL,4.08683842841946,4.0,0.021709607104865025,3.679883559299461,4.538798054573674,1,2.72999999999996
1cmt_iv__rich__077,rich,77,260925077,nlmixr2_focei,1,theta_V,39.0248311023485,40.0,-0.024379222441287495,36.03125573947076,42.26712090132655,1,2.72999999999996
1cmt_iv__rich__077,rich,77,260925077,nlmixr2_focei,1,omega_CL,0.0859136222642248,0.09,-0.04540419706416881,,,,2.72999999999996
1cmt_iv__rich__077,rich,77,260925077,nlmixr2_focei,1,omega_V,0.0457772452603686,0.04,0.14443113150921505,,,,2.72999999999996
1cmt_iv__rich__077,rich,77,260925077,nlmixr2_focei,1,sigma_prop,0.129295088164794,0.15,-0.13803274556804007,,,,2.72999999999996
1cmt_iv__rich__077,rich,77,260925077,nlmixr2_saem,1,theta_CL,4.0657479937994,4.0,0.016436998449850027,3.658247283644124,4.51864115993202,1,9.22000000000003
1cmt_iv__rich__077,rich,77,260925077,nlmixr2_saem,1,theta_V,38.9335848969288,40.0,-0.026660377576780015,36.020325783887714,42.08246316318457,1,9.22000000000003
1cmt_iv__rich__077,rich,77,260925077,nlmixr2_saem,1,omega_CL,0.0857919425227365,0.09,-0.0467561941918166,,,,9.22000000000003
1cmt_iv__rich__077,rich,77,260925077,nlmixr2_saem,1,omega_V,0.0453212848554661,0.04,0.1330321213866524,,,,9.22000000000003
1cmt_iv__rich__077,rich,77,260925077,nlmixr2_saem,1,sigma_prop,0.129106367563139,0.15,-0.1392908829124066,,,,9.22000000000003
1cmt_iv__rich__077,rich,77,260925077,pkpy2,1,theta_CL,4.062068005442664,4.0,0.015517001360666027,3.6526438363750238,4.517384453562369,1,9.3183704999974
1cmt_iv__rich__077,rich,77,260925077,pkpy2,1,theta_V,38.91561002539899,40.0,-0.027109749365025238,35.95410535486682,42.121050953752594,1,9.3183704999974
1cmt_iv__rich__077,rich,77,260925077,pkpy2,1,omega_CL,0.08580307237446103,0.09,-0.046632529172655236,,,,9.3183704999974
1cmt_iv__rich__077,rich,77,260925077,pkpy2,1,omega_V,0.04568242991119125,0.04,0.14206074777978125,,,,9.3183704999974
1cmt_iv__rich__077,rich,77,260925077,pkpy2,1,sigma_prop,0.12913465135064917,0.15,-0.13910232432900554,,,,9.3183704999974
1cmt_iv__rich__077,rich,77,260925077,saemix,1,theta_CL,4.06404380928097,4.0,0.016010952320242522,3.653127237947568,4.521181718552567,1,1.61000000000001
1cmt_iv__rich__077,rich,77,260925077,saemix,1,theta_V,38.9849881868243,40.0,-0.025375295329392422,36.024435265466984,42.188844675206845,1,1.61000000000001
1cmt_iv__rich__077,rich,77,260925077,saemix,1,omega_CL,0.0863325230855254,0.09,-0.04074974349416218,,,,1.61000000000001
1cmt_iv__rich__077,rich,77,260925077,saemix,1,omega_V,0.045452417894694,0.04,0.13631044736735,,,,1.61000000000001
1cmt_iv__rich__077,rich,77,260925077,saemix,1,sigma_prop,0.128856556411422,0.15,-0.14095629059052003,,,,1.61000000000001
1cmt_iv__rich__078,rich,78,260925078,nlmixr2_focei,1,theta_CL,3.90612731690162,4.0,-0.023468170774594954,3.5014770932056503,4.357541177536676,1,2.44
1cmt_iv__rich__078,rich,78,260925078,nlmixr2_focei,1,theta_V,41.722978209427,40.0,0.04307445523567495,38.941295840731925,44.70336369349748,1,2.44
1cmt_iv__rich__078,rich,78,260925078,nlmixr2_focei,1,omega_CL,0.0912856259663168,0.09,0.01428473295907559,,,,2.44
1cmt_iv__rich__078,rich,78,260925078,nlmixr2_focei,1,omega_V,0.0331896201159907,0.04,-0.17025949710023253,,,,2.44
1cmt_iv__rich__078,rich,78,260925078,nlmixr2_focei,1,sigma_prop,0.158685623067296,0.15,0.057904153781973375,,,,2.44
1cmt_iv__rich__078,rich,78,260925078,nlmixr2_saem,1,theta_CL,3.86628398304419,4.0,-0.03342900423895245,3.460234867145164,4.319981854259763,1,9.13999999999999
1cmt_iv__rich__078,rich,78,260925078,nlmixr2_saem,1,theta_V,41.5791523404624,40.0,0.03947880851156001,38.86767689781041,44.4797849353526,1,9.13999999999999
1cmt_iv__rich__078,rich,78,260925078,nlmixr2_saem,1,omega_CL,0.0938358987758851,0.09,0.04262109750983441,,,,9.13999999999999
1cmt_iv__rich__078,rich,78,260925078,nlmixr2_saem,1,omega_V,0.0325138657607681,0.04,-0.18715335598079758,,,,9.13999999999999
1cmt_iv__rich__078,rich,78,260925078,nlmixr2_saem,1,sigma_prop,0.158658279014318,0.15,0.0577218600954534,,,,9.13999999999999
1cmt_iv__rich__078,rich,78,260925078,pkpy2,1,theta_CL,3.862892819165244,4.0,-0.03427679520868898,3.4539118813099647,4.320301572574852,1,9.358848400006536
1cmt_iv__rich__078,rich,78,260925078,pkpy2,1,theta_V,41.58132387290521,40.0,0.03953309682263022,38.78750256726974,44.57638106564854,1,9.358848400006536
1cmt_iv__rich__078,rich,78,260925078,pkpy2,1,omega_CL,0.09386601679246966,0.09,0.04295574213855177,,,,9.358848400006536
1cmt_iv__rich__078,rich,78,260925078,pkpy2,1,omega_V,0.03290388013031157,0.04,-0.17740299674221074,,,,9.358848400006536
1cmt_iv__rich__078,rich,78,260925078,pkpy2,1,sigma_prop,0.15849116502242772,0.15,0.05660776681618481,,,,9.358848400006536
1cmt_iv__rich__078,rich,78,260925078,saemix,1,theta_CL,3.86665186953188,4.0,-0.03333703261703003,3.456553796968925,4.325405464039069,1,1.38999999999999
1cmt_iv__rich__078,rich,78,260925078,saemix,1,theta_V,41.6052500193436,40.0,0.04013125048359001,38.796292414664215,44.61758383174286,1,1.38999999999999
1cmt_iv__rich__078,rich,78,260925078,saemix,1,omega_CL,0.0943198331928223,0.09,0.04799814658691454,,,,1.38999999999999
1cmt_iv__rich__078,rich,78,260925078,saemix,1,omega_V,0.0332590319173534,0.04,-0.16852420206616495,,,,1.38999999999999
1cmt_iv__rich__078,rich,78,260925078,saemix,1,sigma_prop,0.158005385992032,0.15,0.05336923994688011,,,,1.38999999999999
1cmt_iv__rich__079,rich,79,260925079,nlmixr2_focei,1,theta_CL,4.28275549599418,4.0,0.07068887399854495,3.8870443404162947,4.718751069483289,1,2.47000000000003
1cmt_iv__rich__079,rich,79,260925079,nlmixr2_focei,1,theta_V,38.7539168223054,40.0,-0.031152079442365022,35.802710024884874,41.94839072311243,1,2.47000000000003
1cmt_iv__rich__079,rich,79,260925079,nlmixr2_focei,1,omega_CL,0.0700209154366551,0.09,-0.22198982848160992,,,,2.47000000000003
1cmt_iv__rich__079,rich,79,260925079,nlmixr2_focei,1,omega_V,0.044002946645491,0.04,0.10007366613727503,,,,2.47000000000003
1cmt_iv__rich__079,rich,79,260925079,nlmixr2_focei,1,sigma_prop,0.162294275241365,0.15,0.08196183494243336,,,,2.47000000000003
1cmt_iv__rich__079,rich,79,260925079,nlmixr2_saem,1,theta_CL,4.24098369646422,4.0,0.060245924116054894,3.8537381776909494,4.667141846271451,1,9.30000000000001
1cmt_iv__rich__079,rich,79,260925079,nlmixr2_saem,1,theta_V,38.5489952756639,40.0,-0.03627511810840254,35.69550561339459,41.63059217756347,1,9.30000000000001
1cmt_iv__rich__079,rich,79,260925079,nlmixr2_saem,1,omega_CL,0.0695689487384799,0.09,-0.2270116806835567,,,,9.30000000000001
1cmt_iv__rich__079,rich,79,260925079,nlmixr2_saem,1,omega_V,0.0430652105079048,0.04,0.07663026269762001,,,,9.30000000000001
1cmt_iv__rich__079,rich,79,260925079,nlmixr2_saem,1,sigma_prop,0.161878181299193,0.15,0.07918787532795346,,,,9.30000000000001
1cmt_iv__rich__079,rich,79,260925079,pkpy2,1,theta_CL,4.2451014406264225,4.0,0.06127536015660562,3.8528538238036347,4.677282623563915,1,10.134869699992123
1cmt_iv__rich__079,rich,79,260925079,pkpy2,1,theta_V,38.60773990048687,40.0,-0.03480650248782826,35.695113532695366,41.75802883658997,1,10.134869699992123
1cmt_iv__rich__079,rich,79,260925079,pkpy2,1,omega_CL,0.06991359407447882,0.09,-0.2231822880613464,,,,10.134869699992123
1cmt_iv__rich__079,rich,79,260925079,pkpy2,1,omega_V,0.04290175987426303,0.04,0.07254399685657567,,,,10.134869699992123
1cmt_iv__rich__079,rich,79,260925079,pkpy2,1,sigma_prop,0.1620126590050484,0.15,0.08008439336698944,,,,10.134869699992123
1cmt_iv__rich__079,rich,79,260925079,saemix,1,theta_CL,4.25190387569777,4.0,0.06297596892444246,3.8602905674659533,4.683245018014609,1,1.40000000000003
1cmt_iv__rich__079,rich,79,260925079,saemix,1,theta_V,38.6403995402099,40.0,-0.03399001149475254,35.72628864637762,41.79220773267868,1,1.40000000000003
1cmt_iv__rich__079,rich,79,260925079,saemix,1,omega_CL,0.0694219044762967,0.09,-0.22864550581892548,,,,1.40000000000003
1cmt_iv__rich__079,rich,79,260925079,saemix,1,omega_V,0.0428757836692455,0.04,0.07189459173113748,,,,1.40000000000003
1cmt_iv__rich__079,rich,79,260925079,saemix,1,sigma_prop,0.161914572662196,0.15,0.07943048441464004,,,,1.40000000000003
1cmt_iv__rich__080,rich,80,260925080,nlmixr2_focei,1,theta_CL,3.99810690085977,4.0,-0.0004732747850575425,3.5787316732505774,4.466626796913052,1,2.73000000000002
1cmt_iv__rich__080,rich,80,260925080,nlmixr2_focei,1,theta_V,39.8912009275712,40.0,-0.002719976810720048,36.67341313761504,43.3913229039402,1,2.73000000000002
1cmt_iv__rich__080,rich,80,260925080,nlmixr2_focei,1,omega_CL,0.0902423378504105,0.09,0.002692642782338902,,,,2.73000000000002
1cmt_iv__rich__080,rich,80,260925080,nlmixr2_focei,1,omega_V,0.051982244910018,0.04,0.29955612275045,,,,2.73000000000002
1cmt_iv__rich__080,rich,80,260925080,nlmixr2_focei,1,sigma_prop,0.148946076675576,0.15,-0.0070261554961599994,,,,2.73000000000002
1cmt_iv__rich__080,rich,80,260925080,nlmixr2_saem,1,theta_CL,3.96073964467416,4.0,-0.009815088831459984,3.5506000127650568,4.41825564031271,1,9.60000000000002
1cmt_iv__rich__080,rich,80,260925080,nlmixr2_saem,1,theta_V,39.7574951264023,40.0,-0.006062621839942573,36.575750134754806,43.216021897085795,1,9.60000000000002
1cmt_iv__rich__080,rich,80,260925080,nlmixr2_saem,1,omega_CL,0.0912429037700841,0.09,0.013810041889823304,,,,9.60000000000002
1cmt_iv__rich__080,rich,80,260925080,nlmixr2_saem,1,omega_V,0.05164022841606,0.04,0.29100571040150003,,,,9.60000000000002
1cmt_iv__rich__080,rich,80,260925080,nlmixr2_saem,1,sigma_prop,0.148559790803356,0.15,-0.009601394644293364,,,,9.60000000000002
1cmt_iv__rich__080,rich,80,260925080,pkpy2,1,theta_CL,3.96266869780533,4.0,-0.009332825548667545,3.55022842174964,4.4230233503757175,1,9.291253000003053
1cmt_iv__rich__080,rich,80,260925080,pkpy2,1,theta_V,39.77101090689679,40.0,-0.005724727327580226,36.54680339660205,43.27966228377625,1,9.291253000003053
1cmt_iv__rich__080,rich,80,260925080,pkpy2,1,omega_CL,0.09112287318891248,0.09,0.012476368765694214,,,,9.291253000003053
1cmt_iv__rich__080,rich,80,260925080,pkpy2,1,omega_V,0.051537502635972336,0.04,0.28843756589930836,,,,9.291253000003053
1cmt_iv__rich__080,rich,80,260925080,pkpy2,1,sigma_prop,0.14856838955731846,0.15,-0.009544069617876868,,,,9.291253000003053
1cmt_iv__rich__080,rich,80,260925080,saemix,1,theta_CL,3.96637042988273,4.0,-0.008407392529317548,3.55445569240084,4.42602067615645,1,1.82999999999998
1cmt_iv__rich__080,rich,80,260925080,saemix,1,theta_V,39.7347026912111,40.0,-0.006632432719722558,36.534238035008904,43.215533780833475,1,1.82999999999998
1cmt_iv__rich__080,rich,80,260925080,saemix,1,omega_CL,0.090704382850614,0.09,0.007826476117933325,,,,1.82999999999998
1cmt_iv__rich__080,rich,80,260925080,saemix,1,omega_V,0.0506934310381304,0.04,0.26733577595325997,,,,1.82999999999998
1cmt_iv__rich__080,rich,80,260925080,saemix,1,sigma_prop,0.149308604091031,0.15,-0.004609306059793298,,,,1.82999999999998
1cmt_iv__rich__081,rich,81,260925081,nlmixr2_focei,1,theta_CL,4.13400966413381,4.0,0.0335024160334525,3.757265288214826,4.5485305380902865,1,2.49000000000001
1cmt_iv__rich__081,rich,81,260925081,nlmixr2_focei,1,theta_V,40.3193101904655,40.0,0.007982754761637522,37.53007969034673,43.315835928083956,1,2.49000000000001
1cmt_iv__rich__081,rich,81,260925081,nlmixr2_focei,1,omega_CL,0.070382074670455,0.09,-0.21797694810605553,,,,2.49000000000001
1cmt_iv__rich__081,rich,81,260925081,nlmixr2_focei,1,omega_V,0.0368290907100252,0.04,-0.07927273224937001,,,,2.49000000000001
1cmt_iv__rich__081,rich,81,260925081,nlmixr2_focei,1,sigma_prop,0.1437325941952,0.15,-0.04178270536533339,,,,2.49000000000001
1cmt_iv__rich__081,rich,81,260925081,nlmixr2_saem,1,theta_CL,4.10585230205222,4.0,0.026463075513055045,3.7288855324417165,4.520928030533748,1,9.31999999999999
1cmt_iv__rich__081,rich,81,260925081,nlmixr2_saem,1,theta_V,40.2105153046366,40.0,0.0052628826159150325,37.45893450811692,43.1642160220562,1,9.31999999999999
1cmt_iv__rich__081,rich,81,260925081,nlmixr2_saem,1,omega_CL,0.0708462470125208,0.09,-0.2128194776386577,,,,9.31999999999999
1cmt_iv__rich__081,rich,81,260925081,nlmixr2_saem,1,omega_V,0.0368924311818735,0.04,-0.07768922045316255,,,,9.31999999999999
1cmt_iv__rich__081,rich,81,260925081,nlmixr2_saem,1,sigma_prop,0.143659513702448,0.15,-0.0422699086503466,,,,9.31999999999999
1cmt_iv__rich__081,rich,81,260925081,pkpy2,1,theta_CL,4.102981401333578,4.0,0.025745350333394423,3.7233423917113915,4.521329120084356,1,10.178450299994438
1cmt_iv__rich__081,rich,81,260925081,pkpy2,1,theta_V,40.193291313263224,40.0,0.004832282831580592,37.38104528118785,43.21710788022954,1,10.178450299994438
1cmt_iv__rich__081,rich,81,260925081,pkpy2,1,omega_CL,0.07088798382251733,0.09,-0.21235573530536292,,,,10.178450299994438
1cmt_iv__rich__081,rich,81,260925081,pkpy2,1,omega_V,0.03709354755286708,0.04,-0.07266131117832295,,,,10.178450299994438
1cmt_iv__rich__081,rich,81,260925081,pkpy2,1,sigma_prop,0.14355081876155665,0.15,-0.042994541589622313,,,,10.178450299994438
1cmt_iv__rich__081,rich,81,260925081,saemix,1,theta_CL,4.11638086612617,4.0,0.029095216531542567,3.733228734303088,4.538857016531783,1,2.13999999999999
1cmt_iv__rich__081,rich,81,260925081,saemix,1,theta_V,40.2878612633874,40.0,0.007196531584684962,37.50281162004903,43.27973544016188,1,2.13999999999999
1cmt_iv__rich__081,rich,81,260925081,saemix,1,omega_CL,0.0717992625243191,0.09,-0.20223041639645437,,,,2.13999999999999
1cmt_iv__rich__081,rich,81,260925081,saemix,1,omega_V,0.0359923995536171,0.04,-0.10019001115957257,,,,2.13999999999999
1cmt_iv__rich__081,rich,81,260925081,saemix,1,sigma_prop,0.144143946391115,0.15,-0.03904035739256666,,,,2.13999999999999
1cmt_iv__rich__082,rich,82,260925082,nlmixr2_focei,1,theta_CL,4.24537227583729,4.0,0.0613430689593224,3.912984782257302,4.605994340220962,1,2.57000000000005
1cmt_iv__rich__082,rich,82,260925082,nlmixr2_focei,1,theta_V,41.9490175024971,40.0,0.04872543756242749,39.19777661616506,44.89336440320199,1,2.57000000000005
1cmt_iv__rich__082,rich,82,260925082,nlmixr2_focei,1,omega_CL,0.0517821823212123,0.09,-0.42464241865319663,,,,2.57000000000005
1cmt_iv__rich__082,rich,82,260925082,nlmixr2_focei,1,omega_V,0.0308217807291316,0.04,-0.22945548177171005,,,,2.57000000000005
1cmt_iv__rich__082,rich,82,260925082,nlmixr2_focei,1,sigma_prop,0.144737689345177,0.15,-0.03508207103215329,,,,2.57000000000005
1cmt_iv__rich__082,rich,82,260925082,nlmixr2_saem,1,theta_CL,4.207536999704,4.0,0.05188424992599994,3.870271254074579,4.574192980722017,1,9.44
1cmt_iv__rich__082,rich,82,260925082,nlmixr2_saem,1,theta_V,41.844147140647,40.0,0.04610367851617507,39.18520671069618,44.6835118889439,1,9.44
1cmt_iv__rich__082,rich,82,260925082,nlmixr2_saem,1,omega_CL,0.0528125406279761,0.09,-0.41319399302248777,,,,9.44
1cmt_iv__rich__082,rich,82,260925082,nlmixr2_saem,1,omega_V,0.0311751829817126,0.04,-0.22062042545718502,,,,9.44
1cmt_iv__rich__082,rich,82,260925082,nlmixr2_saem,1,sigma_prop,0.144288701955806,0.15,-0.03807532029462657,,,,9.44
1cmt_iv__rich__082,rich,82,260925082,pkpy2,1,theta_CL,4.208883646927352,4.0,0.05222091173183796,3.8691131082044152,4.578491519363608,1,9.636121000003186
1cmt_iv__rich__082,rich,82,260925082,pkpy2,1,theta_V,41.86324752696933,40.0,0.04658118817423329,39.158615189220264,44.754685144911555,1,9.636121000003186
1cmt_iv__rich__082,rich,82,260925082,pkpy2,1,omega_CL,0.05275755465044968,0.09,-0.41380494832833686,,,,9.636121000003186
1cmt_iv__rich__082,rich,82,260925082,pkpy2,1,omega_V,0.03077366579373877,0.04,-0.23065835515653074,,,,9.636121000003186
1cmt_iv__rich__082,rich,82,260925082,pkpy2,1,sigma_prop,0.14436999166867767,0.15,-0.03753338887548215,,,,9.636121000003186
1cmt_iv__rich__082,rich,82,260925082,saemix,1,theta_CL,4.21466217892551,4.0,0.05366554473137741,3.87589849940753,4.583034691228482,1,1.75
1cmt_iv__rich__082,rich,82,260925082,saemix,1,theta_V,41.9341208901381,40.0,0.048353022253452414,39.229478778392256,44.8252321873134,1,1.75
1cmt_iv__rich__082,rich,82,260925082,saemix,1,omega_CL,0.0522662853277742,0.09,-0.4192634963580644,,,,1.75
1cmt_iv__rich__082,rich,82,260925082,saemix,1,omega_V,0.0305883124362509,0.04,-0.23529218909372754,,,,1.75
1cmt_iv__rich__082,rich,82,260925082,saemix,1,sigma_prop,0.144850262876051,0.15,-0.0343315808263267,,,,1.75
1cmt_iv__rich__083,rich,83,260925083,nlmixr2_focei,1,theta_CL,4.00515915144489,4.0,0.00128978786122258,3.4849662922005002,4.602999995811682,1,2.53000000000003
1cmt_iv__rich__083,rich,83,260925083,nlmixr2_focei,1,theta_V,39.7119234327949,40.0,-0.007201914180127567,36.58157341392537,43.11014304627585,1,2.53000000000003
1cmt_iv__rich__083,rich,83,260925083,nlmixr2_focei,1,omega_CL,0.145749048407112,0.09,0.6194338711901334,,,,2.53000000000003
1cmt_iv__rich__083,rich,83,260925083,nlmixr2_focei,1,omega_V,0.0477989802003495,0.04,0.19497450500873745,,,,2.53000000000003
1cmt_iv__rich__083,rich,83,260925083,nlmixr2_focei,1,sigma_prop,0.150517216258052,0.15,0.0034481083870134084,,,,2.53000000000003
1cmt_iv__rich__083,rich,83,260925083,nlmixr2_saem,1,theta_CL,3.96711506068939,4.0,-0.008221234827652468,3.451065628849357,4.560331096918576,1,9.59999999999997
1cmt_iv__rich__083,rich,83,260925083,nlmixr2_saem,1,theta_V,39.579233536501,40.0,-0.01051916158747499,36.54488084989571,42.865531119698694,1,9.59999999999997
1cmt_iv__rich__083,rich,83,260925083,nlmixr2_saem,1,omega_CL,0.14925503715322,0.09,0.6583893017024445,,,,9.59999999999997
1cmt_iv__rich__083,rich,83,260925083,nlmixr2_saem,1,omega_V,0.0469583422982813,0.04,0.17395855745703254,,,,9.59999999999997
1cmt_iv__rich__083,rich,83,260925083,nlmixr2_saem,1,sigma_prop,0.150395988887228,0.15,0.002639925914853329,,,,9.59999999999997
1cmt_iv__rich__083,rich,83,260925083,pkpy2,1,theta_CL,3.965276939066197,4.0,-0.008680765233450738,3.448031155018199,4.560115757830848,1,9.920753600003081
1cmt_iv__rich__083,rich,83,260925083,pkpy2,1,theta_V,39.56496745717689,40.0,-0.010875813570577719,36.4629901215136,42.930836024988245,1,9.920753600003081
1cmt_iv__rich__083,rich,83,260925083,pkpy2,1,omega_CL,0.148802825287382,0.09,0.6533647254153557,,,,9.920753600003081
1cmt_iv__rich__083,rich,83,260925083,pkpy2,1,omega_V,0.04756986787257826,0.04,0.18924669681445652,,,,9.920753600003081
1cmt_iv__rich__083,rich,83,260925083,pkpy2,1,sigma_prop,0.1501467023855123,0.15,0.0009780159034154339,,,,9.920753600003081
1cmt_iv__rich__083,rich,83,260925083,saemix,1,theta_CL,3.9692002559089,4.0,-0.007699936022774967,3.4512887052416423,4.56483128970928,1,1.5
1cmt_iv__rich__083,rich,83,260925083,saemix,1,theta_V,39.6009826958958,40.0,-0.009975432602604962,36.52338568053678,42.9379095409643,1,1.5
1cmt_iv__rich__083,rich,83,260925083,saemix,1,omega_CL,0.148989547757974,0.09,0.6554394195330444,,,,1.5
1cmt_iv__rich__083,rich,83,260925083,saemix,1,omega_V,0.046662228398521,0.04,0.166555709963025,,,,1.5
1cmt_iv__rich__083,rich,83,260925083,saemix,1,sigma_prop,0.150557429844807,0.15,0.003716198965380002,,,,1.5
1cmt_iv__rich__084,rich,84,260925084,nlmixr2_focei,1,theta_CL,4.18128015246586,4.0,0.0453200381164649,3.824919723562848,4.570841998513817,1,2.32999999999998
1cmt_iv__rich__084,rich,84,260925084,nlmixr2_focei,1,theta_V,39.5775709865764,40.0,-0.010560725335590071,36.412237613214764,43.018068316378894,1,2.32999999999998
1cmt_iv__rich__084,rich,84,260925084,nlmixr2_focei,1,omega_CL,0.0613482535682949,0.09,-0.3183527381300566,,,,2.32999999999998
1cmt_iv__rich__084,rich,84,260925084,nlmixr2_focei,1,omega_V,0.0500534127378914,0.04,0.25133531844728496,,,,2.32999999999998
1cmt_iv__rich__084,rich,84,260925084,nlmixr2_focei,1,sigma_prop,0.141075146361815,0.15,-0.05949902425456659,,,,2.32999999999998
1cmt_iv__rich__084,rich,84,260925084,nlmixr2_saem,1,theta_CL,4.14898097712751,4.0,0.03724524428187759,3.793006613265608,4.538363600095448,1,9.69
1cmt_iv__rich__084,rich,84,260925084,nlmixr2_saem,1,theta_V,39.4588113432942,40.0,-0.013529716417644977,36.35088282840541,42.832461593175104,1,9.69
1cmt_iv__rich__084,rich,84,260925084,nlmixr2_saem,1,omega_CL,0.0614357983191444,0.09,-0.3173800186761733,,,,9.69
1cmt_iv__rich__084,rich,84,260925084,nlmixr2_saem,1,omega_V,0.0501407256635995,0.04,0.2535181415899874,,,,9.69
1cmt_iv__rich__084,rich,84,260925084,nlmixr2_saem,1,sigma_prop,0.141048115241108,0.15,-0.059679231725946656,,,,9.69
1cmt_iv__rich__084,rich,84,260925084,pkpy2,1,theta_CL,4.146908357649911,4.0,0.03672708941247782,3.7890468660410286,4.538568546320132,1,9.269177199996193
1cmt_iv__rich__084,rich,84,260925084,pkpy2,1,theta_V,39.4502769987989,40.0,-0.01374307503002754,36.29150116566243,42.88398950976691,1,9.269177199996193
1cmt_iv__rich__084,rich,84,260925084,pkpy2,1,omega_CL,0.06131641629235432,0.09,-0.3187064856405075,,,,9.269177199996193
1cmt_iv__rich__084,rich,84,260925084,pkpy2,1,omega_V,0.050512808513821734,0.04,0.26282021284554336,,,,9.269177199996193
1cmt_iv__rich__084,rich,84,260925084,pkpy2,1,sigma_prop,0.14101983000923554,0.15,-0.05986779993842969,,,,9.269177199996193
1cmt_iv__rich__084,rich,84,260925084,saemix,1,theta_CL,4.15573170252458,4.0,0.03893292563114503,3.798087459126155,4.547053265419344,1,1.47999999999996
1cmt_iv__rich__084,rich,84,260925084,saemix,1,theta_V,39.5296436377373,40.0,-0.011758909056567467,36.39206137014143,42.93773606923417,1,1.47999999999996
1cmt_iv__rich__084,rich,84,260925084,saemix,1,omega_CL,0.0609543949163402,0.09,-0.32272894537399777,,,,1.47999999999996
1cmt_iv__rich__084,rich,84,260925084,saemix,1,omega_V,0.0494822767332366,0.04,0.23705691833091502,,,,1.47999999999996
1cmt_iv__rich__084,rich,84,260925084,saemix,1,sigma_prop,0.141305580621475,0.15,-0.057962795856833324,,,,1.47999999999996
1cmt_iv__rich__085,rich,85,260925085,nlmixr2_focei,1,theta_CL,3.92656102013153,4.0,-0.018359744967117453,3.4858061843787707,4.4230460987503495,1,2.38999999999999
1cmt_iv__rich__085,rich,85,260925085,nlmixr2_focei,1,theta_V,40.8359259858556,40.0,0.020898149646390075,38.0291001741632,43.849916077036674,1,2.38999999999999
1cmt_iv__rich__085,rich,85,260925085,nlmixr2_focei,1,omega_CL,0.101603686961775,0.09,0.12892985513083344,,,,2.38999999999999
1cmt_iv__rich__085,rich,85,260925085,nlmixr2_focei,1,omega_V,0.0369512939860774,0.04,-0.07621765034806494,,,,2.38999999999999
1cmt_iv__rich__085,rich,85,260925085,nlmixr2_focei,1,sigma_prop,0.132630389640797,0.15,-0.11579740239468672,,,,2.38999999999999
1cmt_iv__rich__085,rich,85,260925085,nlmixr2_saem,1,theta_CL,3.90066567760892,4.0,-0.024833580597769966,3.4753527059775497,4.378028365957324,1,9.28000000000003
1cmt_iv__rich__085,rich,85,260925085,nlmixr2_saem,1,theta_V,40.7396787580341,40.0,0.018491968950852568,37.95719065545339,43.726139807698324,1,9.28000000000003
1cmt_iv__rich__085,rich,85,260925085,nlmixr2_saem,1,omega_CL,0.102611422975707,0.09,0.14012692195229998,,,,9.28000000000003
1cmt_iv__rich__085,rich,85,260925085,nlmixr2_saem,1,omega_V,0.0370451186049309,0.04,-0.07387203487672754,,,,9.28000000000003
1cmt_iv__rich__085,rich,85,260925085,nlmixr2_saem,1,sigma_prop,0.13264503210584,0.15,-0.11569978596106664,,,,9.28000000000003
1cmt_iv__rich__085,rich,85,260925085,pkpy2,1,theta_CL,3.899697019604566,4.0,-0.02507574509885846,3.4719880061048123,4.380094867255613,1,9.013967899998534
1cmt_iv__rich__085,rich,85,260925085,pkpy2,1,theta_V,40.73637506370191,40.0,0.018409376592547665,37.906734244100264,43.777241337767535,1,9.013967899998534
1cmt_iv__rich__085,rich,85,260925085,pkpy2,1,omega_CL,0.10275985928586727,0.09,0.14177621428741416,,,,9.013967899998534
1cmt_iv__rich__085,rich,85,260925085,pkpy2,1,omega_V,0.03700768239966737,0.04,-0.0748079400083158,,,,9.013967899998534
1cmt_iv__rich__085,rich,85,260925085,pkpy2,1,sigma_prop,0.1324803122114589,0.15,-0.116797918590274,,,,9.013967899998534
1cmt_iv__rich__085,rich,85,260925085,saemix,1,theta_CL,3.90817921436913,4.0,-0.022955196407717482,3.4792064685869835,4.390042646083638,1,1.54000000000002
1cmt_iv__rich__085,rich,85,260925085,saemix,1,theta_V,40.7913328768767,40.0,0.019783321921917542,37.961325996255205,43.83231602700879,1,1.54000000000002
1cmt_iv__rich__085,rich,85,260925085,saemix,1,omega_CL,0.102974146241968,0.09,0.1441571804663112,,,,1.54000000000002
1cmt_iv__rich__085,rich,85,260925085,saemix,1,omega_V,0.0369180023748577,0.04,-0.07704994062855755,,,,1.54000000000002
1cmt_iv__rich__085,rich,85,260925085,saemix,1,sigma_prop,0.132597575053577,0.15,-0.11601616630948663,,,,1.54000000000002
1cmt_iv__rich__086,rich,86,260925086,nlmixr2_focei,1,theta_CL,4.32348321254997,4.0,0.08087080313749251,3.8892301889977854,4.806222872094459,1,2.94
1cmt_iv__rich__086,rich,86,260925086,nlmixr2_focei,1,theta_V,39.7775418671084,40.0,-0.0055614533222900775,36.5778071563309,43.25718133476749,1,2.94
1cmt_iv__rich__086,rich,86,260925086,nlmixr2_focei,1,omega_CL,0.0842333331495909,0.09,-0.0640740761156566,,,,2.94
1cmt_iv__rich__086,rich,86,260925086,nlmixr2_focei,1,omega_V,0.0515308191632769,0.04,0.28827047908192244,,,,2.94
1cmt_iv__rich__086,rich,86,260925086,nlmixr2_focei,1,sigma_prop,0.136569613338512,0.15,-0.08953591107658662,,,,2.94
1cmt_iv__rich__086,rich,86,260925086,nlmixr2_saem,1,theta_CL,4.29711078046201,4.0,0.07427769511550242,3.8655746139599345,4.776821793292698,1,8.77999999999997
1cmt_iv__rich__086,rich,86,260925086,nlmixr2_saem,1,theta_V,39.7009625116206,40.0,-0.00747593720948494,36.564592334035666,43.10635846695742,1,8.77999999999997
1cmt_iv__rich__086,rich,86,260925086,nlmixr2_saem,1,omega_CL,0.0859305558906594,0.09,-0.045216045659339975,,,,8.77999999999997
1cmt_iv__rich__086,rich,86,260925086,nlmixr2_saem,1,omega_V,0.0507258442146773,0.04,0.26814610536693256,,,,8.77999999999997
1cmt_iv__rich__086,rich,86,260925086,nlmixr2_saem,1,sigma_prop,0.136548105072353,0.15,-0.08967929951764672,,,,8.77999999999997
1cmt_iv__rich__086,rich,86,260925086,pkpy2,1,theta_CL,4.2962640977216235,4.0,0.07406602443040589,3.863224532988415,4.777844269665998,1,10.154590999998618
1cmt_iv__rich__086,rich,86,260925086,pkpy2,1,theta_V,39.67006205904564,40.0,-0.008248448523858976,36.488894204972894,43.12856988562998,1,10.154590999998618
1cmt_iv__rich__086,rich,86,260925086,pkpy2,1,omega_CL,0.08579957150050738,0.09,-0.04667142777214022,,,,10.154590999998618
1cmt_iv__rich__086,rich,86,260925086,pkpy2,1,omega_V,0.05094981593025684,0.04,0.27374539825642097,,,,10.154590999998618
1cmt_iv__rich__086,rich,86,260925086,pkpy2,1,sigma_prop,0.13634993594969716,0.15,-0.09100042700201891,,,,10.154590999998618
1cmt_iv__rich__086,rich,86,260925086,saemix,1,theta_CL,4.30345910493878,4.0,0.0758647762346949,3.8666097209821597,4.78966371169632,1,1.37
1cmt_iv__rich__086,rich,86,260925086,saemix,1,theta_V,39.7409473884497,40.0,-0.006476315288757561,36.55213262668223,43.2079549355389,1,1.37
1cmt_iv__rich__086,rich,86,260925086,saemix,1,omega_CL,0.0871254151957146,0.09,-0.031939831158726686,,,,1.37
1cmt_iv__rich__086,rich,86,260925086,saemix,1,omega_V,0.0509917719294393,0.04,0.2747942982359825,,,,1.37
1cmt_iv__rich__086,rich,86,260925086,saemix,1,sigma_prop,0.136143517517118,0.15,-0.09237654988587993,,,,1.37
1cmt_iv__rich__087,rich,87,260925087,nlmixr2_focei,1,theta_CL,3.97776107211132,4.0,-0.005559731972169968,3.6505554939919294,4.334294649908746,1,2.63
1cmt_iv__rich__087,rich,87,260925087,nlmixr2_focei,1,theta_V,39.6886855100091,40.0,-0.007782862249772471,36.92053358817974,42.66438224004192,1,2.63
1cmt_iv__rich__087,rich,87,260925087,nlmixr2_focei,1,omega_CL,0.0619535741186712,0.09,-0.3116269542369866,,,,2.63
1cmt_iv__rich__087,rich,87,260925087,nlmixr2_focei,1,omega_V,0.0363301284021325,0.04,-0.09174678994668758,,,,2.63
1cmt_iv__rich__087,rich,87,260925087,nlmixr2_focei,1,sigma_prop,0.153951865333176,0.15,0.02634576888784009,,,,2.63
1cmt_iv__rich__087,rich,87,260925087,nlmixr2_saem,1,theta_CL,3.93894083163671,4.0,-0.015264792090822543,3.6010635677010825,4.308520131189972,1,8.94999999999999
1cmt_iv__rich__087,rich,87,260925087,nlmixr2_saem,1,theta_V,39.5388638254512,40.0,-0.011528404363719958,36.85491900262209,42.41826586286485,1,8.94999999999999
1cmt_iv__rich__087,rich,87,260925087,nlmixr2_saem,1,omega_CL,0.0609952154965773,0.09,-0.3222753833713633,,,,8.94999999999999
1cmt_iv__rich__087,rich,87,260925087,nlmixr2_saem,1,omega_V,0.0358027193418593,0.04,-0.10493201645351748,,,,8.94999999999999
1cmt_iv__rich__087,rich,87,260925087,nlmixr2_saem,1,sigma_prop,0.153812986972419,0.15,0.02541991314945998,,,,8.94999999999999
1cmt_iv__rich__087,rich,87,260925087,pkpy2,1,theta_CL,3.9399504261720533,4.0,-0.015012393456986683,3.5990763613745647,4.313109198595802,1,9.11583619999874
1cmt_iv__rich__087,rich,87,260925087,pkpy2,1,theta_V,39.56089366898323,40.0,-0.010977658275419166,36.82678108064299,42.49799363298771,1,9.11583619999874
1cmt_iv__rich__087,rich,87,260925087,pkpy2,1,omega_CL,0.06102188049241534,0.09,-0.32197910563982957,,,,9.11583619999874
1cmt_iv__rich__087,rich,87,260925087,pkpy2,1,omega_V,0.035437706394297004,0.04,-0.11405734014257492,,,,9.11583619999874
1cmt_iv__rich__087,rich,87,260925087,pkpy2,1,sigma_prop,0.15391208931166836,0.15,0.026080595411122436,,,,9.11583619999874
1cmt_iv__rich__087,rich,87,260925087,saemix,1,theta_CL,3.94404676781073,4.0,-0.013988308047317544,3.603936204564241,4.316254235293577,1,1.63
1cmt_iv__rich__087,rich,87,260925087,saemix,1,theta_V,39.5668211321968,40.0,-0.010829471695079996,36.8480945615768,42.48614082041867,1,1.63
1cmt_iv__rich__087,rich,87,260925087,saemix,1,omega_CL,0.0606053782024207,0.09,-0.3266069088619922,,,,1.63
1cmt_iv__rich__087,rich,87,260925087,saemix,1,omega_V,0.0349192734943422,0.04,-0.12701816264144503,,,,1.63
1cmt_iv__rich__087,rich,87,260925087,saemix,1,sigma_prop,0.153878235126445,0.15,0.025854900842966676,,,,1.63
1cmt_iv__rich__088,rich,88,260925088,nlmixr2_focei,1,theta_CL,4.09933033531662,4.0,0.024832583829154986,3.628921516386307,4.630717176485277,1,2.5
1cmt_iv__rich__088,rich,88,260925088,nlmixr2_focei,1,theta_V,40.5282403667599,40.0,0.013206009168997567,36.99742120579501,44.396020416920074,1,2.5
1cmt_iv__rich__088,rich,88,260925088,nlmixr2_focei,1,omega_CL,0.112884474183172,0.09,0.2542719353685779,,,,2.5
1cmt_iv__rich__088,rich,88,260925088,nlmixr2_focei,1,omega_V,0.05947792403796,0.04,0.48694810094899993,,,,2.5
1cmt_iv__rich__088,rich,88,260925088,nlmixr2_focei,1,sigma_prop,0.143852698524144,0.15,-0.04098200983903992,,,,2.5
1cmt_iv__rich__088,rich,88,260925088,nlmixr2_saem,1,theta_CL,4.07017233282161,4.0,0.017543083205402432,3.605406838161916,4.594849780479205,1,8.90999999999997
1cmt_iv__rich__088,rich,88,260925088,nlmixr2_saem,1,theta_V,40.4346045158532,40.0,0.010865112896330053,36.98721625218114,44.203306115448534,1,8.90999999999997
1cmt_iv__rich__088,rich,88,260925088,nlmixr2_saem,1,omega_CL,0.112914311701367,0.09,0.25460346334852224,,,,8.90999999999997
1cmt_iv__rich__088,rich,88,260925088,nlmixr2_saem,1,omega_V,0.0594848032455464,0.04,0.48712008113865995,,,,8.90999999999997
1cmt_iv__rich__088,rich,88,260925088,nlmixr2_saem,1,sigma_prop,0.143848831247436,0.15,-0.041007791683759974,,,,8.90999999999997
1cmt_iv__rich__088,rich,88,260925088,pkpy2,1,theta_CL,4.069504934709699,4.0,0.0173762336774248,3.6026491618040315,4.596859052834807,1,10.453019400010817
1cmt_iv__rich__088,rich,88,260925088,pkpy2,1,theta_V,40.42644608500747,40.0,0.010661152125186747,36.92812748792412,44.25617149416655,1,10.453019400010817
1cmt_iv__rich__088,rich,88,260925088,pkpy2,1,omega_CL,0.11315911438660381,0.09,0.25732349318448683,,,,10.453019400010817
1cmt_iv__rich__088,rich,88,260925088,pkpy2,1,omega_V,0.05989483981524718,0.04,0.49737099538117946,,,,10.453019400010817
1cmt_iv__rich__088,rich,88,260925088,pkpy2,1,sigma_prop,0.14372378697526375,0.15,-0.04184142016490829,,,,10.453019400010817
1cmt_iv__rich__088,rich,88,260925088,saemix,1,theta_CL,4.07096120773043,4.0,0.01774030193260745,3.6025637227355825,4.600258713053829,1,1.43000000000001
1cmt_iv__rich__088,rich,88,260925088,saemix,1,theta_V,40.4839753619571,40.0,0.012099384048927497,36.986154516486266,44.31258892775675,1,1.43000000000001
1cmt_iv__rich__088,rich,88,260925088,saemix,1,omega_CL,0.113847934560062,0.09,0.26497705066735555,,,,1.43000000000001
1cmt_iv__rich__088,rich,88,260925088,saemix,1,omega_V,0.059709588249536,0.04,0.4927397062383999,,,,1.43000000000001
1cmt_iv__rich__088,rich,88,260925088,saemix,1,sigma_prop,0.143671372917797,0.15,-0.042190847214686654,,,,1.43000000000001
1cmt_iv__rich__089,rich,89,260925089,nlmixr2_focei,1,theta_CL,4.10987928311773,4.0,0.027469820779432608,3.74802244236297,4.506671980104575,1,2.44999999999999
1cmt_iv__rich__089,rich,89,260925089,nlmixr2_focei,1,theta_V,36.962639438608,40.0,-0.07593401403479998,34.67188371360669,39.404744361563814,0,2.44999999999999
1cmt_iv__rich__089,rich,89,260925089,nlmixr2_focei,1,omega_CL,0.0643484308016243,0.09,-0.2850174355375077,,,,2.44999999999999
1cmt_iv__rich__089,rich,89,260925089,nlmixr2_focei,1,omega_V,0.0275022210598725,0.04,-0.31244447350318755,,,,2.44999999999999
1cmt_iv__rich__089,rich,89,260925089,nlmixr2_focei,1,sigma_prop,0.152595392329208,0.15,0.01730261552805331,,,,2.44999999999999
1cmt_iv__rich__089,rich,89,260925089,nlmixr2_saem,1,theta_CL,4.07310085310962,4.0,0.01827521327740489,3.714372928342651,4.466474120843007,1,9.33999999999997
1cmt_iv__rich__089,rich,89,260925089,nlmixr2_saem,1,theta_V,36.8168500104633,40.0,-0.07957874973841754,34.603811212471555,39.17142063832618,0,9.33999999999997
1cmt_iv__rich__089,rich,89,260925089,nlmixr2_saem,1,omega_CL,0.0646695329510147,0.09,-0.2814496338776144,,,,9.33999999999997
1cmt_iv__rich__089,rich,89,260925089,nlmixr2_saem,1,omega_V,0.0273566311602053,0.04,-0.31608422099486755,,,,9.33999999999997
1cmt_iv__rich__089,rich,89,260925089,nlmixr2_saem,1,sigma_prop,0.152345301682962,0.15,0.015635344553080098,,,,9.33999999999997
1cmt_iv__rich__089,rich,89,260925089,pkpy2,1,theta_CL,4.072848386064592,4.0,0.01821209651614808,3.7113067197047687,4.469610093877804,1,9.870557400005055
1cmt_iv__rich__089,rich,89,260925089,pkpy2,1,theta_V,36.83623350427294,40.0,-0.0790941623931765,34.54711101500386,39.27703529803152,0,9.870557400005055
1cmt_iv__rich__089,rich,89,260925089,pkpy2,1,omega_CL,0.06472172666882853,0.09,-0.280869703679683,,,,9.870557400005055
1cmt_iv__rich__089,rich,89,260925089,pkpy2,1,omega_V,0.02762079450273854,0.04,-0.3094801374315365,,,,9.870557400005055
1cmt_iv__rich__089,rich,89,260925089,pkpy2,1,sigma_prop,0.15235727850608954,0.15,0.015715190040597,,,,9.870557400005055
1cmt_iv__rich__089,rich,89,260925089,saemix,1,theta_CL,4.07381108400195,4.0,0.01845277100048759,3.7126222415823764,4.470138804389564,1,1.44999999999999
1cmt_iv__rich__089,rich,89,260925089,saemix,1,theta_V,36.816564724067,40.0,-0.07958588189832501,34.55707361088369,39.223791150374346,0,1.44999999999999
1cmt_iv__rich__089,rich,89,260925089,saemix,1,omega_CL,0.0645531805499233,0.09,-0.2827424383341855,,,,1.44999999999999
1cmt_iv__rich__089,rich,89,260925089,saemix,1,omega_V,0.0267428078025311,0.04,-0.33142980493672247,,,,1.44999999999999
1cmt_iv__rich__089,rich,89,260925089,saemix,1,sigma_prop,0.152720781370321,0.15,0.018138542468806678,,,,1.44999999999999
1cmt_iv__rich__090,rich,90,260925090,nlmixr2_focei,1,theta_CL,4.3633927808455,4.0,0.0908481952113751,4.010292266962715,4.747583291318166,0,2.69
1cmt_iv__rich__090,rich,90,260925090,nlmixr2_focei,1,theta_V,39.9012093912189,40.0,-0.002469765219527531,38.146829073812086,41.7362740111702,1,2.69
1cmt_iv__rich__090,rich,90,260925090,nlmixr2_focei,1,omega_CL,0.0520037364169705,0.09,-0.4221807064781055,,,,2.69
1cmt_iv__rich__090,rich,90,260925090,nlmixr2_focei,1,omega_V,0.0116759848419965,0.04,-0.7081003789500875,,,,2.69
1cmt_iv__rich__090,rich,90,260925090,nlmixr2_focei,1,sigma_prop,0.145629271605585,0.15,-0.02913818929609994,,,,2.69
1cmt_iv__rich__090,rich,90,260925090,nlmixr2_saem,1,theta_CL,4.33384539653562,4.0,0.0834613491339049,3.9871554198674164,4.710680659069352,1,9
1cmt_iv__rich__090,rich,90,260925090,nlmixr2_saem,1,theta_V,39.8293602404248,40.0,-0.004265993989380057,38.16741728519468,41.563670009626115,1,9
1cmt_iv__rich__090,rich,90,260925090,nlmixr2_saem,1,omega_CL,0.0528129849413934,0.09,-0.41318905620673996,,,,9
1cmt_iv__rich__090,rich,90,260925090,nlmixr2_saem,1,omega_V,0.0118257724724382,0.04,-0.704355688189045,,,,9
1cmt_iv__rich__090,rich,90,260925090,nlmixr2_saem,1,sigma_prop,0.145293863748224,0.15,-0.031374241678506595,,,,9
1cmt_iv__rich__090,rich,90,260925090,pkpy2,1,theta_CL,4.334024693950974,4.0,0.08350617348774358,3.983674250027404,4.7151872539898605,1,10.409592299998621
1cmt_iv__rich__090,rich,90,260925090,pkpy2,1,theta_V,39.81905849449255,40.0,-0.0045235376376862035,38.067407205041455,41.65131107688985,1,10.409592299998621
1cmt_iv__rich__090,rich,90,260925090,pkpy2,1,omega_CL,0.053033084028668555,0.09,-0.4107435107925716,,,,10.409592299998621
1cmt_iv__rich__090,rich,90,260925090,pkpy2,1,omega_V,0.011600000755381052,0.04,-0.7099999811154737,,,,10.409592299998621
1cmt_iv__rich__090,rich,90,260925090,pkpy2,1,sigma_prop,0.14526938260344677,0.15,-0.03153744931035485,,,,10.409592299998621
1cmt_iv__rich__090,rich,90,260925090,saemix,1,theta_CL,4.3423254160079,4.0,0.08558135400197497,3.9920877048636396,4.723290521782826,1,1.2700000000001
1cmt_iv__rich__090,rich,90,260925090,saemix,1,theta_V,39.8536754740555,40.0,-0.0036581131486125074,38.09452576069228,41.694060158906915,1,1.2700000000001
1cmt_iv__rich__090,rich,90,260925090,saemix,1,omega_CL,0.0528201219788986,0.09,-0.4131097557900155,,,,1.2700000000001
1cmt_iv__rich__090,rich,90,260925090,saemix,1,omega_V,0.0117773467146911,0.04,-0.7055663321327226,,,,1.2700000000001
1cmt_iv__rich__090,rich,90,260925090,saemix,1,sigma_prop,0.145064714454129,0.15,-0.032901903639139994,,,,1.2700000000001
1cmt_iv__rich__091,rich,91,260925091,nlmixr2_focei,1,theta_CL,3.98087698663626,4.0,-0.004780753340934973,3.4779767863387283,4.556494351824801,1,2.62
1cmt_iv__rich__091,rich,91,260925091,nlmixr2_focei,1,theta_V,41.1582399551963,40.0,0.02895599887990752,38.40523848488584,44.108584741016024,1,2.62
1cmt_iv__rich__091,rich,91,260925091,nlmixr2_focei,1,omega_CL,0.134043935358931,0.09,0.48937705954367783,,,,2.62
1cmt_iv__rich__091,rich,91,260925091,nlmixr2_focei,1,omega_V,0.0326001804055445,0.04,-0.1849954898613875,,,,2.62
1cmt_iv__rich__091,rich,91,260925091,nlmixr2_focei,1,sigma_prop,0.147285225125842,0.15,-0.018098499161053327,,,,2.62
1cmt_iv__rich__091,rich,91,260925091,nlmixr2_saem,1,theta_CL,3.95182918897449,4.0,-0.012042702756377532,3.458870978576049,4.5150437919080675,1,9.31
1cmt_iv__rich__091,rich,91,260925091,nlmixr2_saem,1,theta_V,41.0623166483284,40.0,0.026557916208209954,38.421395514244175,43.88476331898161,1,9.31
1cmt_iv__rich__091,rich,91,260925091,nlmixr2_saem,1,omega_CL,0.136069976488647,0.09,0.5118886276516333,,,,9.31
1cmt_iv__rich__091,rich,91,260925091,nlmixr2_saem,1,omega_V,0.031998612005566,0.04,-0.20003469986084998,,,,9.31
1cmt_iv__rich__091,rich,91,260925091,nlmixr2_saem,1,sigma_prop,0.147001980092751,0.15,-0.019986799381659925,,,,9.31
1cmt_iv__rich__091,rich,91,260925091,pkpy2,1,theta_CL,3.9513028358508593,4.0,-0.012174291037285179,3.456346923163959,4.517137442415938,1,9.683922500000335
1cmt_iv__rich__091,rich,91,260925091,pkpy2,1,theta_V,41.06869248663672,40.0,0.026717312165918015,38.35776988913643,43.97120863482775,1,9.683922500000335
1cmt_iv__rich__091,rich,91,260925091,pkpy2,1,omega_CL,0.1361118474746485,0.09,0.5123538608294278,,,,9.683922500000335
1cmt_iv__rich__091,rich,91,260925091,pkpy2,1,omega_V,0.03218565192283925,0.04,-0.19535870192901872,,,,9.683922500000335
1cmt_iv__rich__091,rich,91,260925091,pkpy2,1,sigma_prop,0.14705745359351075,0.15,-0.019616976043261663,,,,9.683922500000335
1cmt_iv__rich__091,rich,91,260925091,saemix,1,theta_CL,3.95239180253814,4.0,-0.011902049365465017,3.45642235970432,4.519528962342155,1,1.28000000000003
1cmt_iv__rich__091,rich,91,260925091,saemix,1,theta_V,41.1139937879092,40.0,0.027849844697730042,38.39014098064029,44.03110908200795,1,1.28000000000003
1cmt_iv__rich__091,rich,91,260925091,saemix,1,omega_CL,0.136577247761886,0.09,0.5175249751320669,,,,1.28000000000003
1cmt_iv__rich__091,rich,91,260925091,saemix,1,omega_V,0.032448784417916,0.04,-0.18878038955209997,,,,1.28000000000003
1cmt_iv__rich__091,rich,91,260925091,saemix,1,sigma_prop,0.147125433657723,0.15,-0.01916377561518005,,,,1.28000000000003
1cmt_iv__rich__092,rich,92,260925092,nlmixr2_focei,1,theta_CL,4.64031938009973,4.0,0.16007984502493255,4.210846421560822,5.113595176275209,0,2.60999999999996
1cmt_iv__rich__092,rich,92,260925092,nlmixr2_focei,1,theta_V,37.7309725528186,40.0,-0.056725686179535016,35.270974065407934,40.362545336613614,1,2.60999999999996
1cmt_iv__rich__092,rich,92,260925092,nlmixr2_focei,1,omega_CL,0.0745613651270241,0.09,-0.17154038747750994,,,,2.60999999999996
1cmt_iv__rich__092,rich,92,260925092,nlmixr2_focei,1,omega_V,0.0327106719658333,0.04,-0.18223320085416755,,,,2.60999999999996
1cmt_iv__rich__092,rich,92,260925092,nlmixr2_focei,1,sigma_prop,0.158542534044808,0.15,0.05695022696538673,,,,2.60999999999996
1cmt_iv__rich__092,rich,92,260925092,nlmixr2_saem,1,theta_CL,4.60696546444196,4.0,0.15174136611049005,4.1720764337749054,5.087186471163779,0,9.42000000000002
1cmt_iv__rich__092,rich,92,260925092,nlmixr2_saem,1,theta_V,37.6461270479256,40.0,-0.058846823801859925,35.21284523321137,40.24755376404175,1,9.42000000000002
1cmt_iv__rich__092,rich,92,260925092,nlmixr2_saem,1,omega_CL,0.0751980160736328,0.09,-0.16446648807074662,,,,9.42000000000002
1cmt_iv__rich__092,rich,92,260925092,nlmixr2_saem,1,omega_V,0.0319857671613514,0.04,-0.20035582096621496,,,,9.42000000000002
1cmt_iv__rich__092,rich,92,260925092,nlmixr2_saem,1,sigma_prop,0.158444647048918,0.15,0.05629764699278672,,,,9.42000000000002
1cmt_iv__rich__092,rich,92,260925092,pkpy2,1,theta_CL,4.602536083494013,4.0,0.1506340208735033,4.164462943695557,5.086691534122827,0,10.309719500000938
1cmt_iv__rich__092,rich,92,260925092,pkpy2,1,theta_V,37.62906719667619,40.0,-0.05927332008309527,35.10833340596866,40.33078647507806,1,10.309719500000938
1cmt_iv__rich__092,rich,92,260925092,pkpy2,1,omega_CL,0.07521756361516653,0.09,-0.1642492931648163,,,,10.309719500000938
1cmt_iv__rich__092,rich,92,260925092,pkpy2,1,omega_V,0.03250649265348332,0.04,-0.187337683662917,,,,10.309719500000938
1cmt_iv__rich__092,rich,92,260925092,pkpy2,1,sigma_prop,0.15839804282016853,0.15,0.055986952134456924,,,,10.309719500000938
1cmt_iv__rich__092,rich,92,260925092,saemix,1,theta_CL,4.60785377722485,4.0,0.15196344430621256,4.167161766796565,5.09515051742455,0,1.36000000000001
1cmt_iv__rich__092,rich,92,260925092,saemix,1,theta_V,37.7034472402938,40.0,-0.057413818992655054,35.185456164507706,40.40163433309598,1,1.36000000000001
1cmt_iv__rich__092,rich,92,260925092,saemix,1,omega_CL,0.0760569689469479,0.09,-0.15492256725613443,,,,1.36000000000001
1cmt_iv__rich__092,rich,92,260925092,saemix,1,omega_V,0.0323988448215395,0.04,-0.19002887946151253,,,,1.36000000000001
1cmt_iv__rich__092,rich,92,260925092,saemix,1,sigma_prop,0.158052442847466,0.15,0.05368295231644005,,,,1.36000000000001
1cmt_iv__rich__093,rich,93,260925093,nlmixr2_focei,1,theta_CL,4.01857959729802,4.0,0.004644899324504959,3.61066072473094,4.472583610309526,1,2.67000000000002
1cmt_iv__rich__093,rich,93,260925093,nlmixr2_focei,1,theta_V,38.4739694645003,40.0,-0.0381507633874925,35.995703429991494,41.12286148912888,1,2.67000000000002
1cmt_iv__rich__093,rich,93,260925093,nlmixr2_focei,1,omega_CL,0.0940175815372417,0.09,0.044639794858241134,,,,2.67000000000002
1cmt_iv__rich__093,rich,93,260925093,nlmixr2_focei,1,omega_V,0.0300062922795655,0.04,-0.24984269301086254,,,,2.67000000000002
1cmt_iv__rich__093,rich,93,260925093,nlmixr2_focei,1,sigma_prop,0.150429117597576,0.15,0.002860783983839969,,,,2.67000000000002
1cmt_iv__rich__093,rich,93,260925093,nlmixr2_saem,1,theta_CL,3.98349145317983,4.0,-0.0041271367050425,3.5681232957392814,4.4472129582812,1,9.13999999999999
1cmt_iv__rich__093,rich,93,260925093,nlmixr2_saem,1,theta_V,38.3201158069364,40.0,-0.041997104826590005,35.92136007286835,40.879055594727696,1,9.13999999999999
1cmt_iv__rich__093,rich,93,260925093,nlmixr2_saem,1,omega_CL,0.0927622213009798,0.09,0.03069134778866451,,,,9.13999999999999
1cmt_iv__rich__093,rich,93,260925093,nlmixr2_saem,1,omega_V,0.0299936371857408,0.04,-0.25015907035648,,,,9.13999999999999
1cmt_iv__rich__093,rich,93,260925093,nlmixr2_saem,1,sigma_prop,0.150404478998194,0.15,0.002696526654626756,,,,9.13999999999999
1cmt_iv__rich__093,rich,93,260925093,pkpy2,1,theta_CL,3.9829535859115697,4.0,-0.004261603522107582,3.564705541465617,4.450274807552109,1,11.318907599998056
1cmt_iv__rich__093,rich,93,260925093,pkpy2,1,theta_V,38.348715185009866,40.0,-0.04128212037475336,35.87495842526796,40.99304977327014,1,11.318907599998056
1cmt_iv__rich__093,rich,93,260925093,pkpy2,1,omega_CL,0.09314047938631867,0.09,0.03489421540354081,,,,11.318907599998056
1cmt_iv__rich__093,rich,93,260925093,pkpy2,1,omega_V,0.030292179236506987,0.04,-0.24269551908732534,,,,11.318907599998056
1cmt_iv__rich__093,rich,93,260925093,pkpy2,1,sigma_prop,0.1503022608566148,0.15,0.0020150723774320367,,,,11.318907599998056
1cmt_iv__rich__093,rich,93,260925093,saemix,1,theta_CL,3.98547190655819,4.0,-0.003632023360452541,3.5676462367294883,4.452231321154097,1,1.64999999999998
1cmt_iv__rich__093,rich,93,260925093,saemix,1,theta_V,38.3912278749447,40.0,-0.040219303126382576,35.92033954071161,41.032083677144776,1,1.64999999999998
1cmt_iv__rich__093,rich,93,260925093,saemix,1,omega_CL,0.0928807833260947,0.09,0.0320087036232745,,,,1.64999999999998
1cmt_iv__rich__093,rich,93,260925093,saemix,1,omega_V,0.0301320175805131,0.04,-0.2466995604871725,,,,1.64999999999998
1cmt_iv__rich__093,rich,93,260925093,saemix,1,sigma_prop,0.150115257634526,0.15,0.0007683842301732987,,,,1.64999999999998
1cmt_iv__rich__094,rich,94,260925094,nlmixr2_focei,1,theta_CL,3.70043493715972,4.0,-0.07489126571006999,3.326316703069171,4.116631080713876,1,2.67000000000002
1cmt_iv__rich__094,rich,94,260925094,nlmixr2_focei,1,theta_V,41.8588001289779,40.0,0.04647000322444743,38.60029245250638,45.39238013270414,1,2.67000000000002
1cmt_iv__rich__094,rich,94,260925094,nlmixr2_focei,1,omega_CL,0.0858137848617631,0.09,-0.04651350153596557,,,,2.67000000000002
1cmt_iv__rich__094,rich,94,260925094,nlmixr2_focei,1,omega_V,0.0478098863437464,0.04,0.19524715859366004,,,,2.67000000000002
1cmt_iv__rich__094,rich,94,260925094,nlmixr2_focei,1,sigma_prop,0.13944477807011,0.15,-0.07036814619926668,,,,2.67000000000002
1cmt_iv__rich__094,rich,94,260925094,nlmixr2_saem,1,theta_CL,3.67755564985657,4.0,-0.08061108753585755,3.3058064661704476,4.091109293962721,1,9.34000000000003
1cmt_iv__rich__094,rich,94,260925094,nlmixr2_saem,1,theta_V,41.730344459753,40.0,0.04325861149382497,38.53229322159483,45.19382323587439,1,9.34000000000003
1cmt_iv__rich__094,rich,94,260925094,nlmixr2_saem,1,omega_CL,0.0866516448271298,0.09,-0.03720394636522446,,,,9.34000000000003
1cmt_iv__rich__094,rich,94,260925094,nlmixr2_saem,1,omega_V,0.0471573864937985,0.04,0.17893466234496241,,,,9.34000000000003
1cmt_iv__rich__094,rich,94,260925094,nlmixr2_saem,1,sigma_prop,0.139605012881425,0.15,-0.06929991412383338,,,,9.34000000000003
1cmt_iv__rich__094,rich,94,260925094,pkpy2,1,theta_CL,3.67512901466217,4.0,-0.08121774633445755,3.302575394527193,4.089709290753489,1,11.220136299991282
1cmt_iv__rich__094,rich,94,260925094,pkpy2,1,theta_V,41.72093450748792,40.0,0.043023362687197954,38.45898767965571,45.259547408702836,1,11.220136299991282
1cmt_iv__rich__094,rich,94,260925094,pkpy2,1,omega_CL,0.08608012436113191,0.09,-0.04355417376520097,,,,11.220136299991282
1cmt_iv__rich__094,rich,94,260925094,pkpy2,1,omega_V,0.04793157549951349,0.04,0.19828938748783723,,,,11.220136299991282
1cmt_iv__rich__094,rich,94,260925094,pkpy2,1,sigma_prop,0.13932753775574835,0.15,-0.07114974829501094,,,,11.220136299991282
1cmt_iv__rich__094,rich,94,260925094,saemix,1,theta_CL,3.6807712939847,4.0,-0.07980717650382496,3.3072243500841174,4.096509908158247,1,1.33999999999997
1cmt_iv__rich__094,rich,94,260925094,saemix,1,theta_V,41.7615714820486,40.0,0.04403928705121505,38.53730397066759,45.255601013960685,1,1.33999999999997
1cmt_iv__rich__094,rich,94,260925094,saemix,1,omega_CL,0.0862847064496788,0.09,-0.04128103944801333,,,,1.33999999999997
1cmt_iv__rich__094,rich,94,260925094,saemix,1,omega_V,0.046590679340909,0.04,0.16476698352272492,,,,1.33999999999997
1cmt_iv__rich__094,rich,94,260925094,saemix,1,sigma_prop,0.139618190061736,0.15,-0.06921206625509324,,,,1.33999999999997
1cmt_iv__rich__095,rich,95,260925095,nlmixr2_focei,1,theta_CL,3.96184489776096,4.0,-0.009538775559760015,3.5817069295111255,4.382328119754053,1,2.21999999999991
1cmt_iv__rich__095,rich,95,260925095,nlmixr2_focei,1,theta_V,37.9033634193541,40.0,-0.05241591451614749,35.11546905083884,40.912594857260245,1,2.21999999999991
1cmt_iv__rich__095,rich,95,260925095,nlmixr2_focei,1,omega_CL,0.0803715397888695,0.09,-0.10698289123478326,,,,2.21999999999991
1cmt_iv__rich__095,rich,95,260925095,nlmixr2_focei,1,omega_V,0.0397366001083325,0.04,-0.0065849972916875305,,,,2.21999999999991
1cmt_iv__rich__095,rich,95,260925095,nlmixr2_focei,1,sigma_prop,0.152196897906332,0.15,0.014645986042213418,,,,2.21999999999991
1cmt_iv__rich__095,rich,95,260925095,nlmixr2_saem,1,theta_CL,3.92704408286207,4.0,-0.01823897928448248,3.5400795355400207,4.356307555781935,1,8.67000000000007
1cmt_iv__rich__095,rich,95,260925095,nlmixr2_saem,1,theta_V,37.7640255597615,40.0,-0.05589936100596251,35.09516476628065,40.63584359770649,1,8.67000000000007
1cmt_iv__rich__095,rich,95,260925095,nlmixr2_saem,1,omega_CL,0.0823408913915074,0.09,-0.0851012067610289,,,,8.67000000000007
1cmt_iv__rich__095,rich,95,260925095,nlmixr2_saem,1,omega_V,0.0392736493890804,0.04,-0.018158765272990006,,,,8.67000000000007
1cmt_iv__rich__095,rich,95,260925095,nlmixr2_saem,1,sigma_prop,0.151972612046134,0.15,0.013150746974226654,,,,8.67000000000007
1cmt_iv__rich__095,rich,95,260925095,pkpy2,1,theta_CL,3.926945027911415,4.0,-0.018263743022146284,3.53819141983944,4.358412370164521,1,14.053759200003697
1cmt_iv__rich__095,rich,95,260925095,pkpy2,1,theta_V,37.76519964691846,40.0,-0.05587000882703848,35.0325170523581,40.71104289309436,1,14.053759200003697
1cmt_iv__rich__095,rich,95,260925095,pkpy2,1,omega_CL,0.08196447728042286,0.09,-0.08928358577307931,,,,14.053759200003697
1cmt_iv__rich__095,rich,95,260925095,pkpy2,1,omega_V,0.03955927712039621,0.04,-0.011018071990094754,,,,14.053759200003697
1cmt_iv__rich__095,rich,95,260925095,pkpy2,1,sigma_prop,0.15189055364483894,0.15,0.012603690965592995,,,,14.053759200003697
1cmt_iv__rich__095,rich,95,260925095,saemix,1,theta_CL,3.9328776948641,4.0,-0.016780576283975,3.54417766928877,4.364207555617129,1,1.72000000000003
1cmt_iv__rich__095,rich,95,260925095,saemix,1,theta_V,37.7765594465035,40.0,-0.05558601383741255,35.05143188042606,40.713556253093834,1,1.72000000000003
1cmt_iv__rich__095,rich,95,260925095,saemix,1,omega_CL,0.0817129951762281,0.09,-0.09207783137524332,,,,1.72000000000003
1cmt_iv__rich__095,rich,95,260925095,saemix,1,omega_V,0.0392505566192725,0.04,-0.018736084518187514,,,,1.72000000000003
1cmt_iv__rich__095,rich,95,260925095,saemix,1,sigma_prop,0.151762299969266,0.15,0.011748666461773305,,,,1.72000000000003
1cmt_iv__rich__096,rich,96,260925096,nlmixr2_focei,1,theta_CL,3.96321274714454,4.0,-0.009196813213865007,3.486238854988534,4.5054443864778255,1,2.5
1cmt_iv__rich__096,rich,96,260925096,nlmixr2_focei,1,theta_V,38.2602782672307,40.0,-0.04349304331923243,35.65721118110161,41.053375869781114,1,2.5
1cmt_iv__rich__096,rich,96,260925096,nlmixr2_focei,1,omega_CL,0.122297636558713,0.09,0.35886262843014444,,,,2.5
1cmt_iv__rich__096,rich,96,260925096,nlmixr2_focei,1,omega_V,0.0348984346605095,0.04,-0.1275391334872625,,,,2.5
1cmt_iv__rich__096,rich,96,260925096,nlmixr2_focei,1,sigma_prop,0.152328382437734,0.15,0.015522549584893372,,,,2.5
1cmt_iv__rich__096,rich,96,260925096,nlmixr2_saem,1,theta_CL,3.92683418674626,4.0,-0.018291453313434958,3.457232692948239,4.460222408995375,1,8.70000000000005
1cmt_iv__rich__096,rich,96,260925096,nlmixr2_saem,1,theta_V,38.11997846581,40.0,-0.04700053835475,35.53871110360824,40.88872986973018,1,8.70000000000005
1cmt_iv__rich__096,rich,96,260925096,nlmixr2_saem,1,omega_CL,0.124621313977947,0.09,0.38468126642163336,,,,8.70000000000005
1cmt_iv__rich__096,rich,96,260925096,nlmixr2_saem,1,omega_V,0.0356893210729368,0.04,-0.10776697317658006,,,,8.70000000000005
1cmt_iv__rich__096,rich,96,260925096,nlmixr2_saem,1,sigma_prop,0.152006460689024,0.15,0.013376404593493282,,,,8.70000000000005
1cmt_iv__rich__096,rich,96,260925096,pkpy2,1,theta_CL,3.928529206548708,4.0,-0.01786769836282298,3.4578824993051223,4.463234864055567,1,11.763107100006891
1cmt_iv__rich__096,rich,96,260925096,pkpy2,1,theta_V,38.119510095011044,40.0,-0.04701224762472389,35.48535430893829,40.94920505042366,1,11.763107100006891
1cmt_iv__rich__096,rich,96,260925096,pkpy2,1,omega_CL,0.1239302317978108,0.09,0.37700257553123123,,,,11.763107100006891
1cmt_iv__rich__096,rich,96,260925096,pkpy2,1,omega_V,0.0354681395284608,0.04,-0.11329651178848005,,,,11.763107100006891
1cmt_iv__rich__096,rich,96,260925096,pkpy2,1,sigma_prop,0.15212674914897362,0.15,0.01417832765982415,,,,11.763107100006891
1cmt_iv__rich__096,rich,96,260925096,saemix,1,theta_CL,3.93033190430002,4.0,-0.017417023924995,3.461275618873194,4.462952558221152,1,1.31000000000006
1cmt_iv__rich__096,rich,96,260925096,saemix,1,theta_V,38.1016493062667,40.0,-0.04745876734333247,35.47410756093913,40.92381118718412,1,1.31000000000006
1cmt_iv__rich__096,rich,96,260925096,saemix,1,omega_CL,0.122985475993011,0.09,0.3665052888112334,,,,1.31000000000006
1cmt_iv__rich__096,rich,96,260925096,saemix,1,omega_V,0.0353465928400922,0.04,-0.11633517899769501,,,,1.31000000000006
1cmt_iv__rich__096,rich,96,260925096,saemix,1,sigma_prop,0.151752161622303,0.15,0.011681077482020113,,,,1.31000000000006
1cmt_iv__rich__097,rich,97,260925097,nlmixr2_focei,1,theta_CL,4.2153903575434,4.0,0.0538475893858501,3.7650639419201197,4.719578774911249,1,2.37
1cmt_iv__rich__097,rich,97,260925097,nlmixr2_focei,1,theta_V,42.5381225255307,40.0,0.06345306313826757,39.49349961873697,45.817460733172965,1,2.37
1cmt_iv__rich__097,rich,97,260925097,nlmixr2_focei,1,omega_CL,0.0971708644727405,0.09,0.07967627191933888,,,,2.37
1cmt_iv__rich__097,rich,97,260925097,nlmixr2_focei,1,omega_V,0.041490447773177,0.04,0.03726119432942501,,,,2.37
1cmt_iv__rich__097,rich,97,260925097,nlmixr2_focei,1,sigma_prop,0.150759539711543,0.15,0.005063598076953299,,,,2.37
1cmt_iv__rich__097,rich,97,260925097,nlmixr2_saem,1,theta_CL,4.17829456753167,4.0,0.04457364188291746,3.7300192696366756,4.680443780861536,1,8.72000000000003
1cmt_iv__rich__097,rich,97,260925097,nlmixr2_saem,1,theta_V,42.3566741042744,40.0,0.05891685260685993,39.28578188834578,45.66761191809014,1,8.72000000000003
1cmt_iv__rich__097,rich,97,260925097,nlmixr2_saem,1,omega_CL,0.0983224671363269,0.09,0.09247185707029898,,,,8.72000000000003
1cmt_iv__rich__097,rich,97,260925097,nlmixr2_saem,1,omega_V,0.041468419488884,0.04,0.03671048722210003,,,,8.72000000000003
1cmt_iv__rich__097,rich,97,260925097,nlmixr2_saem,1,sigma_prop,0.15053934763969,0.15,0.0035956509312667917,,,,8.72000000000003
1cmt_iv__rich__097,rich,97,260925097,pkpy2,1,theta_CL,4.182112458986119,4.0,0.045528114746529846,3.7307585541036525,4.688071974094573,1,10.269148699997459
1cmt_iv__rich__097,rich,97,260925097,pkpy2,1,theta_V,42.3945163515032,40.0,0.05986290878757998,39.26958789100917,45.76811505295591,1,10.269148699997459
1cmt_iv__rich__097,rich,97,260925097,pkpy2,1,omega_CL,0.09854876036295601,0.09,0.09498622625506684,,,,10.269148699997459
1cmt_iv__rich__097,rich,97,260925097,pkpy2,1,omega_V,0.04137548771807029,0.04,0.03438719295175731,,,,10.269148699997459
1cmt_iv__rich__097,rich,97,260925097,pkpy2,1,sigma_prop,0.15053558098146816,0.15,0.00357053987645443,,,,10.269148699997459
1cmt_iv__rich__097,rich,97,260925097,saemix,1,theta_CL,4.19589166893531,4.0,0.04897291723382757,3.743389517920254,4.703092428175089,1,1.57999999999993
1cmt_iv__rich__097,rich,97,260925097,saemix,1,theta_V,42.5090656795771,40.0,0.06272664198942746,39.396814822409,45.86717665111246,1,1.57999999999993
1cmt_iv__rich__097,rich,97,260925097,saemix,1,omega_CL,0.098385612335318,0.09,0.09317347039242234,,,,1.57999999999993
1cmt_iv__rich__097,rich,97,260925097,saemix,1,omega_V,0.0406576097050575,0.04,0.01644024262643755,,,,1.57999999999993
1cmt_iv__rich__097,rich,97,260925097,saemix,1,sigma_prop,0.151177815986693,0.15,0.00785210657795336,,,,1.57999999999993
1cmt_iv__rich__098,rich,98,260925098,nlmixr2_focei,1,theta_CL,4.15334236370537,4.0,0.03833559092634253,3.650201077165365,4.725836310241225,1,2.59000000000003
1cmt_iv__rich__098,rich,98,260925098,nlmixr2_focei,1,theta_V,40.3278813793505,40.0,0.008197034483762522,37.990183915323186,42.809427302903586,1,2.59000000000003
1cmt_iv__rich__098,rich,98,260925098,nlmixr2_focei,1,omega_CL,0.128255901880839,0.09,0.42506557645376664,,,,2.59000000000003
1cmt_iv__rich__098,rich,98,260925098,nlmixr2_focei,1,omega_V,0.025397382040999,0.04,-0.365065448975025,,,,2.59000000000003
1cmt_iv__rich__098,rich,98,260925098,nlmixr2_focei,1,sigma_prop,0.146863450749437,0.15,-0.02091032833708669,,,,2.59000000000003
1cmt_iv__rich__098,rich,98,260925098,nlmixr2_saem,1,theta_CL,4.11835725471245,4.0,0.02958931367811246,3.617393481598461,4.688698247432006,1,8.56
1cmt_iv__rich__098,rich,98,260925098,nlmixr2_saem,1,theta_V,40.1861470569412,40.0,0.004653676423530051,37.83961701478132,42.67819134245635,1,8.56
1cmt_iv__rich__098,rich,98,260925098,nlmixr2_saem,1,omega_CL,0.129555726563541,0.09,0.4395080729282334,,,,8.56
1cmt_iv__rich__098,rich,98,260925098,nlmixr2_saem,1,omega_V,0.0256881323720715,0.04,-0.35779669069821246,,,,8.56
1cmt_iv__rich__098,rich,98,260925098,nlmixr2_saem,1,sigma_prop,0.146667504528175,0.15,-0.022216636478833245,,,,8.56
1cmt_iv__rich__098,rich,98,260925098,pkpy2,1,theta_CL,4.11889419086294,4.0,0.029723547715734933,3.616220666568101,4.691441955511256,1,9.717951500002528
1cmt_iv__rich__098,rich,98,260925098,pkpy2,1,theta_V,40.20484876027679,40.0,0.00512121900691973,37.80187275517563,42.76057628958123,1,9.717951500002528
1cmt_iv__rich__098,rich,98,260925098,pkpy2,1,omega_CL,0.12932682479960195,0.09,0.43696471999557723,,,,9.717951500002528
1cmt_iv__rich__098,rich,98,260925098,pkpy2,1,omega_V,0.025448338125230355,0.04,-0.36379154686924114,,,,9.717951500002528
1cmt_iv__rich__098,rich,98,260925098,pkpy2,1,sigma_prop,0.14665957234909943,0.15,-0.02226951767267042,,,,9.717951500002528
1cmt_iv__rich__098,rich,98,260925098,saemix,1,theta_CL,4.1225373953456,4.0,0.030634348836400038,3.6202524251796344,4.694510929076883,1,1.51999999999998
1cmt_iv__rich__098,rich,98,260925098,saemix,1,theta_V,40.2399046052751,40.0,0.005997615131877509,37.83629499826499,42.796207258556684,1,1.51999999999998
1cmt_iv__rich__098,rich,98,260925098,saemix,1,omega_CL,0.128866432267186,0.09,0.4318492474131778,,,,1.51999999999998
1cmt_iv__rich__098,rich,98,260925098,saemix,1,omega_V,0.0253938479740938,0.04,-0.365153800647655,,,,1.51999999999998
1cmt_iv__rich__098,rich,98,260925098,saemix,1,sigma_prop,0.14669023403711,0.15,-0.02206510641926655,,,,1.51999999999998
1cmt_iv__rich__099,rich,99,260925099,nlmixr2_focei,1,theta_CL,3.92313444271171,4.0,-0.01921638932207248,3.5506499352777054,4.334694812539202,1,2.34000000000003
1cmt_iv__rich__099,rich,99,260925099,nlmixr2_focei,1,theta_V,39.7681907362424,40.0,-0.005795231593939932,36.969721699123674,42.77849336560313,1,2.34000000000003
1cmt_iv__rich__099,rich,99,260925099,nlmixr2_focei,1,omega_CL,0.0752814295896221,0.09,-0.1635396712264211,,,,2.34000000000003
1cmt_iv__rich__099,rich,99,260925099,nlmixr2_focei,1,omega_V,0.0372828409803747,0.04,-0.06792897549063245,,,,2.34000000000003
1cmt_iv__rich__099,rich,99,260925099,nlmixr2_focei,1,sigma_prop,0.142711107241807,0.15,-0.04859261838795333,,,,2.34000000000003
1cmt_iv__rich__099,rich,99,260925099,nlmixr2_saem,1,theta_CL,3.89717451669814,4.0,-0.025706370825465008,3.530867950005337,4.301483212811293,1,8.84000000000003
1cmt_iv__rich__099,rich,99,260925099,nlmixr2_saem,1,theta_V,39.6922664081698,40.0,-0.0076933397957549944,36.978199810649265,42.605535712514786,1,8.84000000000003
1cmt_iv__rich__099,rich,99,260925099,nlmixr2_saem,1,omega_CL,0.0744358969362797,0.09,-0.17293447848578114,,,,8.84000000000003
1cmt_iv__rich__099,rich,99,260925099,nlmixr2_saem,1,omega_V,0.0367810058711522,0.04,-0.08047485322119508,,,,8.84000000000003
1cmt_iv__rich__099,rich,99,260925099,nlmixr2_saem,1,sigma_prop,0.142947368250492,0.15,-0.047017544996719916,,,,8.84000000000003
1cmt_iv__rich__099,rich,99,260925099,pkpy2,1,theta_CL,3.894489611076014,4.0,-0.02637759723099653,3.526717704654357,4.300613375083129,1,10.593304399997578
1cmt_iv__rich__099,rich,99,260925099,pkpy2,1,theta_V,39.655554492627815,40.0,-0.008611137684304637,36.86961456453087,42.652005470938754,1,10.593304399997578
1cmt_iv__rich__099,rich,99,260925099,pkpy2,1,omega_CL,0.07407404467129834,0.09,-0.17695505920779617,,,,10.593304399997578
1cmt_iv__rich__099,rich,99,260925099,pkpy2,1,omega_V,0.0374115906372066,0.04,-0.06471023406983498,,,,10.593304399997578
1cmt_iv__rich__099,rich,99,260925099,pkpy2,1,sigma_prop,0.14250194933515084,0.15,-0.049987004432327696,,,,10.593304399997578
1cmt_iv__rich__099,rich,99,260925099,saemix,1,theta_CL,3.89988533500612,4.0,-0.02502866624847,3.531386579539734,4.306836785956775,1,1.58000000000004
1cmt_iv__rich__099,rich,99,260925099,saemix,1,theta_V,39.7108380057731,40.0,-0.007229049855672543,36.915899619640456,42.71738387439336,1,1.58000000000004
1cmt_iv__rich__099,rich,99,260925099,saemix,1,omega_CL,0.0741814224333552,0.09,-0.17576197296272,,,,1.58000000000004
1cmt_iv__rich__099,rich,99,260925099,saemix,1,omega_V,0.0376079434635663,0.04,-0.05980141341084249,,,,1.58000000000004
1cmt_iv__rich__099,rich,99,260925099,saemix,1,sigma_prop,0.14246708382408,0.15,-0.050219441172800014,,,,1.58000000000004
1cmt_iv__sparse__000,sparse,0,260925000,nlmixr2_focei,1,theta_CL,4.59738443521923,4.0,0.1493461088048076,4.05112941713653,5.217296578033198,0,3.03000000000009
1cmt_iv__sparse__000,sparse,0,260925000,nlmixr2_focei,1,theta_V,43.3992683052175,40.0,0.08498170763043741,40.309164801539474,46.72625936810088,0,3.03000000000009
1cmt_iv__sparse__000,sparse,0,260925000,nlmixr2_focei,1,omega_CL,0.115094256279743,0.09,0.2788250697749223,,,,3.03000000000009
1cmt_iv__sparse__000,sparse,0,260925000,nlmixr2_focei,1,omega_V,0.0233615605619814,0.04,-0.41596098595046505,,,,3.03000000000009
1cmt_iv__sparse__000,sparse,0,260925000,nlmixr2_focei,1,sigma_prop,0.169902832204177,0.15,0.1326855480278468,,,,3.03000000000009
1cmt_iv__sparse__000,sparse,0,260925000,nlmixr2_saem,1,theta_CL,4.50851904890191,4.0,0.12712976222547745,3.9689972333304433,5.121380242750866,1,5.44999999999993
1cmt_iv__sparse__000,sparse,0,260925000,nlmixr2_saem,1,theta_V,43.0870187522388,40.0,0.07717546880596995,40.36938526098514,45.987601073281084,0,5.44999999999993
1cmt_iv__sparse__000,sparse,0,260925000,nlmixr2_saem,1,omega_CL,0.120274522689342,0.09,0.3363835854371333,,,,5.44999999999993
1cmt_iv__sparse__000,sparse,0,260925000,nlmixr2_saem,1,omega_V,0.0214662161676946,0.04,-0.463344595807635,,,,5.44999999999993
1cmt_iv__sparse__000,sparse,0,260925000,nlmixr2_saem,1,sigma_prop,0.17264571037043,0.15,0.1509714024695334,,,,5.44999999999993
1cmt_iv__sparse__000,sparse,0,260925000,pkpy2,1,theta_CL,4.506396098072362,4.0,0.12659902451809057,3.959762753546607,5.128490532553514,1,7.8633468999905745
1cmt_iv__sparse__000,sparse,0,260925000,pkpy2,1,theta_V,43.01528012137586,40.0,0.07538200303439649,39.868382625370025,46.410569029278754,1,7.8633468999905745
1cmt_iv__sparse__000,sparse,0,260925000,pkpy2,1,omega_CL,0.11937398427288204,0.09,0.3263776030320227,,,,7.8633468999905745
1cmt_iv__sparse__000,sparse,0,260925000,pkpy2,1,omega_V,0.022129815626270352,0.04,-0.4467546093432412,,,,7.8633468999905745
1cmt_iv__sparse__000,sparse,0,260925000,pkpy2,1,sigma_prop,0.17157526295503153,0.15,0.14383508636687692,,,,7.8633468999905745
1cmt_iv__sparse__000,sparse,0,260925000,saemix,1,theta_CL,4.52339711686401,4.0,0.13084927921600253,3.975116941025833,5.147300514780168,1,1.06000000000006
1cmt_iv__sparse__000,sparse,0,260925000,saemix,1,theta_V,43.0547847608026,40.0,0.07636961902006494,40.048282523487124,46.28699095178154,0,1.06000000000006
1cmt_iv__sparse__000,sparse,0,260925000,saemix,1,omega_CL,0.118809939022729,0.09,0.3201104335858779,,,,1.06000000000006
1cmt_iv__sparse__000,sparse,0,260925000,saemix,1,omega_V,0.0169799395571744,0.04,-0.57550151107064,,,,1.06000000000006
1cmt_iv__sparse__000,sparse,0,260925000,saemix,1,sigma_prop,0.177117762026365,0.15,0.18078508017576675,,,,1.06000000000006
1cmt_iv__sparse__001,sparse,1,260925001,nlmixr2_focei,1,theta_CL,4.23220479037157,4.0,0.05805119759289257,3.800323279332604,4.7131667679570715,1,1.93000000000006
1cmt_iv__sparse__001,sparse,1,260925001,nlmixr2_focei,1,theta_V,39.7983918146552,40.0,-0.005040204633620071,36.83720887161143,42.997611370427535,1,1.93000000000006
1cmt_iv__sparse__001,sparse,1,260925001,nlmixr2_focei,1,omega_CL,0.0826669276190025,0.09,-0.08147858201108327,,,,1.93000000000006
1cmt_iv__sparse__001,sparse,1,260925001,nlmixr2_focei,1,omega_V,0.0315984205609624,0.04,-0.2100394859759401,,,,1.93000000000006
1cmt_iv__sparse__001,sparse,1,260925001,nlmixr2_focei,1,sigma_prop,0.138215385058415,0.15,-0.07856409961056669,,,,1.93000000000006
1cmt_iv__sparse__001,sparse,1,260925001,nlmixr2_saem,1,theta_CL,4.15949862213028,4.0,0.03987465553256997,3.7399576165828914,4.626102903088938,1,4.9899999999999
1cmt_iv__sparse__001,sparse,1,260925001,nlmixr2_saem,1,theta_V,39.496874088582,40.0,-0.012578147785450078,36.719368221934396,42.48447449696121,1,4.9899999999999
1cmt_iv__sparse__001,sparse,1,260925001,nlmixr2_saem,1,omega_CL,0.0833582851365354,0.09,-0.07379683181627332,,,,4.9899999999999
1cmt_iv__sparse__001,sparse,1,260925001,nlmixr2_saem,1,omega_V,0.0322232145767013,0.04,-0.19441963558246758,,,,4.9899999999999
1cmt_iv__sparse__001,sparse,1,260925001,nlmixr2_saem,1,sigma_prop,0.136812778626937,0.15,-0.08791480915375331,,,,4.9899999999999
1cmt_iv__sparse__001,sparse,1,260925001,pkpy2,1,theta_CL,4.161777900658935,4.0,0.040444475164733706,3.7355727534400556,4.636610350705363,1,7.093029299998307
1cmt_iv__sparse__001,sparse,1,260925001,pkpy2,1,theta_V,39.46530393261827,40.0,-0.013367401684543267,36.541731608727204,42.622780747531884,1,7.093029299998307
1cmt_iv__sparse__001,sparse,1,260925001,pkpy2,1,omega_CL,0.08399876840557619,0.09,-0.06668035104915346,,,,7.093029299998307
1cmt_iv__sparse__001,sparse,1,260925001,pkpy2,1,omega_V,0.031210189177943586,0.04,-0.21974527055141035,,,,7.093029299998307
1cmt_iv__sparse__001,sparse,1,260925001,pkpy2,1,sigma_prop,0.1389812160679026,0.15,-0.07345855954731603,,,,7.093029299998307
1cmt_iv__sparse__001,sparse,1,260925001,saemix,1,theta_CL,4.16836415065796,4.0,0.04209103766449007,3.7428582245002158,4.642243614453384,1,1.12
1cmt_iv__sparse__001,sparse,1,260925001,saemix,1,theta_V,39.5282526240098,40.0,-0.011793684399754945,36.53359327084428,42.7683842627788,1,1.12
1cmt_iv__sparse__001,sparse,1,260925001,saemix,1,omega_CL,0.0838694283267607,0.09,-0.06811746303599221,,,,1.12
1cmt_iv__sparse__001,sparse,1,260925001,saemix,1,omega_V,0.0344885991105279,0.04,-0.1377850222368025,,,,1.12
1cmt_iv__sparse__001,sparse,1,260925001,saemix,1,sigma_prop,0.13515492190512,0.15,-0.09896718729920004,,,,1.12
1cmt_iv__sparse__002,sparse,2,260925002,nlmixr2_focei,1,theta_CL,4.43852300505038,4.0,0.10963075126259492,3.9340945282021385,5.0076291571378375,1,1.94000000000005
1cmt_iv__sparse__002,sparse,2,260925002,nlmixr2_focei,1,theta_V,40.8764960952033,40.0,0.02191240238008252,37.53646812635789,44.51372269219658,1,1.94000000000005
1cmt_iv__sparse__002,sparse,2,260925002,nlmixr2_focei,1,omega_CL,0.110126223078503,0.09,0.22362470087225567,,,,1.94000000000005
1cmt_iv__sparse__002,sparse,2,260925002,nlmixr2_focei,1,omega_V,0.0409944694284208,0.04,0.024861735710519917,,,,1.94000000000005
1cmt_iv__sparse__002,sparse,2,260925002,nlmixr2_focei,1,sigma_prop,0.174168316971264,0.15,0.16112211314176006,,,,1.94000000000005
1cmt_iv__sparse__002,sparse,2,260925002,nlmixr2_saem,1,theta_CL,4.33148770221203,4.0,0.08287192555300749,3.823613908704234,4.906820134664732,1,5.05999999999995
1cmt_iv__sparse__002,sparse,2,260925002,nlmixr2_saem,1,theta_V,40.4768018524673,40.0,0.01192004631168242,37.264341663263,43.966199725435814,1,5.05999999999995
1cmt_iv__sparse__002,sparse,2,260925002,nlmixr2_saem,1,omega_CL,0.114192921684997,0.09,0.26881024094441125,,,,5.05999999999995
1cmt_iv__sparse__002,sparse,2,260925002,nlmixr2_saem,1,omega_V,0.0408178052359744,0.04,0.02044513089935994,,,,5.05999999999995
1cmt_iv__sparse__002,sparse,2,260925002,nlmixr2_saem,1,sigma_prop,0.174611563893817,0.15,0.16407709262544665,,,,5.05999999999995
1cmt_iv__sparse__002,sparse,2,260925002,pkpy2,1,theta_CL,4.330788748023399,4.0,0.08269718700584971,3.814810277334331,4.916556739778942,1,6.763265300003695
1cmt_iv__sparse__002,sparse,2,260925002,pkpy2,1,theta_V,40.40181221617259,40.0,0.010045305404314675,36.87806224958054,44.26226137652986,1,6.763265300003695
1cmt_iv__sparse__002,sparse,2,260925002,pkpy2,1,omega_CL,0.11400795756849676,0.09,0.26675508409440846,,,,6.763265300003695
1cmt_iv__sparse__002,sparse,2,260925002,pkpy2,1,omega_V,0.041090384239287875,0.04,0.02725960598219685,,,,6.763265300003695
1cmt_iv__sparse__002,sparse,2,260925002,pkpy2,1,sigma_prop,0.17294283547250458,0.15,0.15295223648336392,,,,6.763265300003695
1cmt_iv__sparse__002,sparse,2,260925002,saemix,1,theta_CL,4.36193037420203,4.0,0.09048259355050758,3.8399208458999996,4.9549033308072925,1,1.13999999999999
1cmt_iv__sparse__002,sparse,2,260925002,saemix,1,theta_V,40.861299314829,40.0,0.021532482870724935,37.28168554352287,44.784610925031544,1,1.13999999999999
1cmt_iv__sparse__002,sparse,2,260925002,saemix,1,omega_CL,0.115334301268139,0.09,0.2814922363126556,,,,1.13999999999999
1cmt_iv__sparse__002,sparse,2,260925002,saemix,1,omega_V,0.0420711953788526,0.04,0.051779884471315,,,,1.13999999999999
1cmt_iv__sparse__002,sparse,2,260925002,saemix,1,sigma_prop,0.175724688095031,0.15,0.17149792063354005,,,,1.13999999999999
1cmt_iv__sparse__003,sparse,3,260925003,nlmixr2_focei,1,theta_CL,3.9316997635143,4.0,-0.01707505912142504,3.5349704194319744,4.372953998552087,1,1.97000000000003
1cmt_iv__sparse__003,sparse,3,260925003,nlmixr2_focei,1,theta_V,40.5257073759061,40.0,0.013142684397652538,37.37695344947166,43.93972238903237,1,1.97000000000003
1cmt_iv__sparse__003,sparse,3,260925003,nlmixr2_focei,1,omega_CL,0.0794811062552607,0.09,-0.11687659716377,,,,1.97000000000003
1cmt_iv__sparse__003,sparse,3,260925003,nlmixr2_focei,1,omega_V,0.0328568154039248,0.04,-0.17857961490187998,,,,1.97000000000003
1cmt_iv__sparse__003,sparse,3,260925003,nlmixr2_focei,1,sigma_prop,0.154032959241297,0.15,0.026886394941980085,,,,1.97000000000003
1cmt_iv__sparse__003,sparse,3,260925003,nlmixr2_saem,1,theta_CL,3.85278230423538,4.0,-0.03680442394115502,3.4649822634305774,4.283984838967903,1,5.57000000000005
1cmt_iv__sparse__003,sparse,3,260925003,nlmixr2_saem,1,theta_V,40.2452733517194,40.0,0.006131833792984942,37.329241312916594,43.38909579161943,1,5.57000000000005
1cmt_iv__sparse__003,sparse,3,260925003,nlmixr2_saem,1,omega_CL,0.0827906030935201,0.09,-0.08010441007199887,,,,5.57000000000005
1cmt_iv__sparse__003,sparse,3,260925003,nlmixr2_saem,1,omega_V,0.0333093839528639,0.04,-0.1672654011784026,,,,5.57000000000005
1cmt_iv__sparse__003,sparse,3,260925003,nlmixr2_saem,1,sigma_prop,0.153690669034038,0.15,0.024604460226920016,,,,5.57000000000005
1cmt_iv__sparse__003,sparse,3,260925003,pkpy2,1,theta_CL,3.8503568695888637,4.0,-0.037410782602784076,3.4541589541893867,4.291999360715381,1,6.311397700002999
1cmt_iv__sparse__003,sparse,3,260925003,pkpy2,1,theta_V,40.154877570376776,40.0,0.003871939259419399,36.99980500686273,43.57899162962823,1,6.311397700002999
1cmt_iv__sparse__003,sparse,3,260925003,pkpy2,1,omega_CL,0.08300582804262104,0.09,-0.07771302174865513,,,,6.311397700002999
1cmt_iv__sparse__003,sparse,3,260925003,pkpy2,1,omega_V,0.0333130533434169,0.04,-0.16717366641457748,,,,6.311397700002999
1cmt_iv__sparse__003,sparse,3,260925003,pkpy2,1,sigma_prop,0.154454006372352,0.15,0.029693375815679955,,,,6.311397700002999
1cmt_iv__sparse__003,sparse,3,260925003,saemix,1,theta_CL,3.85871179885952,4.0,-0.03532205028512003,3.4685041825240868,4.292817872810587,1,1.38
1cmt_iv__sparse__003,sparse,3,260925003,saemix,1,theta_V,40.2763872155291,40.0,0.006909680388227457,37.08516545635892,43.74221733065188,1,1.38
1cmt_iv__sparse__003,sparse,3,260925003,saemix,1,omega_CL,0.0801028718940389,0.09,-0.10996809006623436,,,,1.38
1cmt_iv__sparse__003,sparse,3,260925003,saemix,1,omega_V,0.0355103007755595,0.04,-0.11224248061101251,,,,1.38
1cmt_iv__sparse__003,sparse,3,260925003,saemix,1,sigma_prop,0.152340330990895,0.15,0.015602206605966711,,,,1.38
1cmt_iv__sparse__004,sparse,4,260925004,nlmixr2_focei,1,theta_CL,4.22063447184688,4.0,0.05515861796172006,3.8148869159901646,4.6695369318224165,1,1.99000000000001
1cmt_iv__sparse__004,sparse,4,260925004,nlmixr2_focei,1,theta_V,37.9974054221504,40.0,-0.05006486444623999,34.61007583829656,41.716257010268535,1,1.99000000000001
1cmt_iv__sparse__004,sparse,4,260925004,nlmixr2_focei,1,omega_CL,0.0809561355461912,0.09,-0.10048738282009773,,,,1.99000000000001
1cmt_iv__sparse__004,sparse,4,260925004,nlmixr2_focei,1,omega_V,0.0523220181436095,0.04,0.3080504535902374,,,,1.99000000000001
1cmt_iv__sparse__004,sparse,4,260925004,nlmixr2_focei,1,sigma_prop,0.156083397186747,0.15,0.040555981244979986,,,,1.99000000000001
1cmt_iv__sparse__004,sparse,4,260925004,nlmixr2_saem,1,theta_CL,4.13205789844498,4.0,0.03301447461124507,3.710400721487967,4.601633019641735,1,5.84000000000003
1cmt_iv__sparse__004,sparse,4,260925004,nlmixr2_saem,1,theta_V,37.6555711543852,40.0,-0.058610721140370005,34.415366730422214,41.20084060326302,1,5.84000000000003
1cmt_iv__sparse__004,sparse,4,260925004,nlmixr2_saem,1,omega_CL,0.0843652569361993,0.09,-0.06260825626445221,,,,5.84000000000003
1cmt_iv__sparse__004,sparse,4,260925004,nlmixr2_saem,1,omega_V,0.0508626052324568,0.04,0.27156513081142003,,,,5.84000000000003
1cmt_iv__sparse__004,sparse,4,260925004,nlmixr2_saem,1,sigma_prop,0.158408077742818,0.15,0.056053851618786774,,,,5.84000000000003
1cmt_iv__sparse__004,sparse,4,260925004,pkpy2,1,theta_CL,4.1282073245654605,4.0,0.03205183114136512,3.7009374456651067,4.604805124322557,1,9.12288689998968
1cmt_iv__sparse__004,sparse,4,260925004,pkpy2,1,theta_V,37.58567023258367,40.0,-0.06035824418540834,34.15266170180824,41.36376306967988,1,9.12288689998968
1cmt_iv__sparse__004,sparse,4,260925004,pkpy2,1,omega_CL,0.08378244966313216,0.09,-0.0690838926318649,,,,9.12288689998968
1cmt_iv__sparse__004,sparse,4,260925004,pkpy2,1,omega_V,0.05217861031087122,0.04,0.3044652577717804,,,,9.12288689998968
1cmt_iv__sparse__004,sparse,4,260925004,pkpy2,1,sigma_prop,0.15724932301609718,0.15,0.04832882010731454,,,,9.12288689998968
1cmt_iv__sparse__004,sparse,4,260925004,saemix,1,theta_CL,4.12738202066773,4.0,0.03184550516693241,3.701761220432016,4.601939814622381,1,1.27999999999997
1cmt_iv__sparse__004,sparse,4,260925004,saemix,1,theta_V,37.5438285572822,40.0,-0.06140428606794508,34.12456590531065,41.3056994380473,1,1.27999999999997
1cmt_iv__sparse__004,sparse,4,260925004,saemix,1,omega_CL,0.0829610583463598,0.09,-0.07821046281822434,,,,1.27999999999997
1cmt_iv__sparse__004,sparse,4,260925004,saemix,1,omega_V,0.0516911534949216,0.04,0.29227883737304,,,,1.27999999999997
1cmt_iv__sparse__004,sparse,4,260925004,saemix,1,sigma_prop,0.159886893407544,0.15,0.06591262271696005,,,,1.27999999999997
1cmt_iv__sparse__005,sparse,5,260925005,nlmixr2_focei,1,theta_CL,3.65953280456931,4.0,-0.08511679885767254,3.2830329331145625,4.079209871042616,1,2.38
1cmt_iv__sparse__005,sparse,5,260925005,nlmixr2_focei,1,theta_V,37.1595054761145,40.0,-0.07101236309713758,34.01223371767678,40.598005373335454,1,2.38
1cmt_iv__sparse__005,sparse,5,260925005,nlmixr2_focei,1,omega_CL,0.0756294784933872,0.09,-0.15967246118458656,,,,2.38
1cmt_iv__sparse__005,sparse,5,260925005,nlmixr2_focei,1,omega_V,0.00686765959093475,0.04,-0.8283085102266312,,,,2.38
1cmt_iv__sparse__005,sparse,5,260925005,nlmixr2_focei,1,sigma_prop,0.181397546182858,0.15,0.2093169745523867,,,,2.38
1cmt_iv__sparse__005,sparse,5,260925005,nlmixr2_saem,1,theta_CL,3.59623189109034,4.0,-0.10094202722741497,3.240740548780164,3.990718670571523,0,5.66999999999996
1cmt_iv__sparse__005,sparse,5,260925005,nlmixr2_saem,1,theta_V,37.4320251706161,40.0,-0.0641993707345975,36.24029920377467,38.662939853093086,0,5.66999999999996
1cmt_iv__sparse__005,sparse,5,260925005,nlmixr2_saem,1,omega_CL,0.0788704950625629,0.09,-0.12366116597152332,,,,5.66999999999996
1cmt_iv__sparse__005,sparse,5,260925005,nlmixr2_saem,1,omega_V,0.00360114405676389,0.04,-0.9099713985809027,,,,5.66999999999996
1cmt_iv__sparse__005,sparse,5,260925005,nlmixr2_saem,1,sigma_prop,0.186720296461631,0.15,0.2448019764108733,,,,5.66999999999996
1cmt_iv__sparse__005,sparse,5,260925005,pkpy2,1,theta_CL,3.5881074908032295,4.0,-0.10297312729919261,3.221669409243433,3.9962248543005106,0,9.920214700003271
1cmt_iv__sparse__005,sparse,5,260925005,pkpy2,1,theta_V,37.17186448764297,40.0,-0.07070338780892574,34.85789099528207,39.63944662270901,0,9.920214700003271
1cmt_iv__sparse__005,sparse,5,260925005,pkpy2,1,omega_CL,0.07871194800906793,0.09,-0.12542279989924518,,,,9.920214700003271
1cmt_iv__sparse__005,sparse,5,260925005,pkpy2,1,omega_V,0.004948378633683594,0.04,-0.8762905341579101,,,,9.920214700003271
1cmt_iv__sparse__005,sparse,5,260925005,pkpy2,1,sigma_prop,0.1834353892225654,0.15,0.22290259481710262,,,,9.920214700003271
1cmt_iv__sparse__005,sparse,5,260925005,saemix,1,theta_CL,3.55077191912408,4.0,-0.11230702021897998,3.1905727241236366,3.9516357443641006,0,1.65999999999997
1cmt_iv__sparse__005,sparse,5,260925005,saemix,1,theta_V,36.2418885587621,40.0,-0.09395278603094752,34.175219516686745,38.433534733095144,0,1.65999999999997
1cmt_iv__sparse__005,sparse,5,260925005,saemix,1,omega_CL,0.0771641733635455,0.09,-0.1426202959606055,,,,1.65999999999997
1cmt_iv__sparse__005,sparse,5,260925005,saemix,1,omega_V,7.07530579084903e-05,0.04,-0.9982311735522877,,,,1.65999999999997
1cmt_iv__sparse__005,sparse,5,260925005,saemix,1,sigma_prop,0.18758411468843,0.15,0.2505607645895334,,,,1.65999999999997
1cmt_iv__sparse__006,sparse,6,260925006,nlmixr2_focei,1,theta_CL,3.87889630026918,4.0,-0.030275924932705034,3.4647926017104695,4.342492679306181,1,2.84000000000003
1cmt_iv__sparse__006,sparse,6,260925006,nlmixr2_focei,1,theta_V,39.7077807573282,40.0,-0.007305481066794961,36.425424108223446,43.28591612241749,1,2.84000000000003
1cmt_iv__sparse__006,sparse,6,260925006,nlmixr2_focei,1,omega_CL,0.0837247444469605,0.09,-0.06972506170043885,,,,2.84000000000003
1cmt_iv__sparse__006,sparse,6,260925006,nlmixr2_focei,1,omega_V,0.0319792245509883,0.04,-0.20051938622529258,,,,2.84000000000003
1cmt_iv__sparse__006,sparse,6,260925006,nlmixr2_focei,1,sigma_prop,0.159111129700784,0.15,0.0607408646718934,,,,2.84000000000003
1cmt_iv__sparse__006,sparse,6,260925006,nlmixr2_saem,1,theta_CL,3.8002738804426,4.0,-0.04993152988935001,3.406654382678777,4.239373867747018,1,5.59000000000003
1cmt_iv__sparse__006,sparse,6,260925006,nlmixr2_saem,1,theta_V,39.5272618174983,40.0,-0.011818454562542513,36.72522926499698,42.54308163783732,1,5.59000000000003
1cmt_iv__sparse__006,sparse,6,260925006,nlmixr2_saem,1,omega_CL,0.0865633447043734,0.09,-0.03818505884029559,,,,5.59000000000003
1cmt_iv__sparse__006,sparse,6,260925006,nlmixr2_saem,1,omega_V,0.0311678085538764,0.04,-0.22080478615309,,,,5.59000000000003
1cmt_iv__sparse__006,sparse,6,260925006,nlmixr2_saem,1,sigma_prop,0.162074669596642,0.15,0.08049779731094664,,,,5.59000000000003
1cmt_iv__sparse__006,sparse,6,260925006,pkpy2,1,theta_CL,3.793845516379479,4.0,-0.051538620905130283,3.3986406234235815,4.235006108899442,1,7.990007200001855
1cmt_iv__sparse__006,sparse,6,260925006,pkpy2,1,theta_V,39.34699475493494,40.0,-0.0163251311266265,36.26281628147335,42.693484814521845,1,7.990007200001855
1cmt_iv__sparse__006,sparse,6,260925006,pkpy2,1,omega_CL,0.08501124029942822,0.09,-0.05543066333968641,,,,7.990007200001855
1cmt_iv__sparse__006,sparse,6,260925006,pkpy2,1,omega_V,0.03153924032843484,0.04,-0.21151899178912906,,,,7.990007200001855
1cmt_iv__sparse__006,sparse,6,260925006,pkpy2,1,sigma_prop,0.16082416833220498,0.15,0.07216112221469988,,,,7.990007200001855
1cmt_iv__sparse__006,sparse,6,260925006,saemix,1,theta_CL,3.80546738208184,4.0,-0.048633154479539975,3.4109916539150134,4.245563597163122,1,1.19999999999993
1cmt_iv__sparse__006,sparse,6,260925006,saemix,1,theta_V,39.521276025434,40.0,-0.011968099364150043,36.50679656643814,42.78467040612589,1,1.19999999999993
1cmt_iv__sparse__006,sparse,6,260925006,saemix,1,omega_CL,0.0836677385034164,0.09,-0.07035846107315111,,,,1.19999999999993
1cmt_iv__sparse__006,sparse,6,260925006,saemix,1,omega_V,0.0280640501275471,0.04,-0.2983987468113225,,,,1.19999999999993
1cmt_iv__sparse__006,sparse,6,260925006,saemix,1,sigma_prop,0.166122817366255,0.15,0.10748544910836674,,,,1.19999999999993
1cmt_iv__sparse__007,sparse,7,260925007,nlmixr2_focei,1,theta_CL,3.72660720425337,4.0,-0.06834819893665744,3.3706459466077168,4.120160193262027,1,2.83999999999992
1cmt_iv__sparse__007,sparse,7,260925007,nlmixr2_focei,1,theta_V,41.9324670681723,40.0,0.04831167670430751,38.582572440635516,45.573213064753126,1,2.83999999999992
1cmt_iv__sparse__007,sparse,7,260925007,nlmixr2_focei,1,omega_CL,0.0709475593914719,0.09,-0.21169378453920104,,,,2.83999999999992
1cmt_iv__sparse__007,sparse,7,260925007,nlmixr2_focei,1,omega_V,0.0426017744612527,0.04,0.06504436153131742,,,,2.83999999999992
1cmt_iv__sparse__007,sparse,7,260925007,nlmixr2_focei,1,sigma_prop,0.126193553802588,0.15,-0.1587096413160799,,,,2.83999999999992
1cmt_iv__sparse__007,sparse,7,260925007,nlmixr2_saem,1,theta_CL,3.67046189622681,4.0,-0.08238452594329748,3.326920887637822,4.049477275433049,1,5.44000000000005
1cmt_iv__sparse__007,sparse,7,260925007,nlmixr2_saem,1,theta_V,41.6499907245083,40.0,0.04124976811270749,38.47033304251569,45.092454110924656,1,5.44000000000005
1cmt_iv__sparse__007,sparse,7,260925007,nlmixr2_saem,1,omega_CL,0.0713685145801336,0.09,-0.20701650466518218,,,,5.44000000000005
1cmt_iv__sparse__007,sparse,7,260925007,nlmixr2_saem,1,omega_V,0.0416956537642666,0.04,0.042391344106664994,,,,5.44000000000005
1cmt_iv__sparse__007,sparse,7,260925007,nlmixr2_saem,1,sigma_prop,0.128000121251944,0.15,-0.14666585832037338,,,,5.44000000000005
1cmt_iv__sparse__007,sparse,7,260925007,pkpy2,1,theta_CL,3.6689872586730634,4.0,-0.08275318533173415,3.32052233793767,4.054021064850301,1,7.94984130001103
1cmt_iv__sparse__007,sparse,7,260925007,pkpy2,1,theta_V,41.5996496039503,40.0,0.03999124009875743,38.24949156852958,45.243237915226715,1,7.94984130001103
1cmt_iv__sparse__007,sparse,7,260925007,pkpy2,1,omega_CL,0.07147983175930313,0.09,-0.2057796471188541,,,,7.94984130001103
1cmt_iv__sparse__007,sparse,7,260925007,pkpy2,1,omega_V,0.042433988651032775,0.04,0.06084971627581936,,,,7.94984130001103
1cmt_iv__sparse__007,sparse,7,260925007,pkpy2,1,sigma_prop,0.12681425662843687,0.15,-0.1545716224770875,,,,7.94984130001103
1cmt_iv__sparse__007,sparse,7,260925007,saemix,1,theta_CL,3.67960459457368,4.0,-0.08009885135658001,3.322024364875124,4.075674494011933,1,1.32999999999993
1cmt_iv__sparse__007,sparse,7,260925007,saemix,1,theta_V,41.8670367960497,40.0,0.04667591990124258,38.50326471982003,45.524679084666786,1,1.32999999999993
1cmt_iv__sparse__007,sparse,7,260925007,saemix,1,omega_CL,0.0756320367447403,0.09,-0.15964403616955222,,,,1.32999999999993
1cmt_iv__sparse__007,sparse,7,260925007,saemix,1,omega_V,0.0431261560839467,0.04,0.07815390209866754,,,,1.32999999999993
1cmt_iv__sparse__007,sparse,7,260925007,saemix,1,sigma_prop,0.123570761930995,0.15,-0.17619492046003327,,,,1.32999999999993
1cmt_iv__sparse__008,sparse,8,260925008,nlmixr2_focei,1,theta_CL,3.72782363071215,4.0,-0.06804409232196251,3.4416606596854735,4.037780128784081,1,2.07999999999993
1cmt_iv__sparse__008,sparse,8,260925008,nlmixr2_focei,1,theta_V,40.6572868999723,40.0,0.016432172499307462,37.7884712955054,43.743896521775156,1,2.07999999999993
1cmt_iv__sparse__008,sparse,8,260925008,nlmixr2_focei,1,omega_CL,0.0469843113677829,0.09,-0.4779520959135233,,,,2.07999999999993
1cmt_iv__sparse__008,sparse,8,260925008,nlmixr2_focei,1,omega_V,0.025521103377345,0.04,-0.36197241556637505,,,,2.07999999999993
1cmt_iv__sparse__008,sparse,8,260925008,nlmixr2_focei,1,sigma_prop,0.14708883452313,0.15,-0.019407769845799876,,,,2.07999999999993
1cmt_iv__sparse__008,sparse,8,260925008,nlmixr2_saem,1,theta_CL,3.65230175393251,4.0,-0.08692456151687245,3.3610182932528887,3.968829365956331,0,5.31000000000006
1cmt_iv__sparse__008,sparse,8,260925008,nlmixr2_saem,1,theta_V,40.3258819869879,40.0,0.008147049674697548,37.708441705038545,43.12500555575035,1,5.31000000000006
1cmt_iv__sparse__008,sparse,8,260925008,nlmixr2_saem,1,omega_CL,0.0489184311491452,0.09,-0.45646187612060884,,,,5.31000000000006
1cmt_iv__sparse__008,sparse,8,260925008,nlmixr2_saem,1,omega_V,0.0252982047861299,0.04,-0.36754488034675253,,,,5.31000000000006
1cmt_iv__sparse__008,sparse,8,260925008,nlmixr2_saem,1,sigma_prop,0.147318117170392,0.15,-0.01787921886405327,,,,5.31000000000006
1cmt_iv__sparse__008,sparse,8,260925008,pkpy2,1,theta_CL,3.654401051920665,4.0,-0.08639973701983372,3.3555518457535087,3.9798661031506124,0,9.040690099995118
1cmt_iv__sparse__008,sparse,8,260925008,pkpy2,1,theta_V,40.33504670896936,40.0,0.008376167724233951,37.46632267301381,43.42342340916666,1,9.040690099995118
1cmt_iv__sparse__008,sparse,8,260925008,pkpy2,1,omega_CL,0.04889468200114656,0.09,-0.456725755542816,,,,9.040690099995118
1cmt_iv__sparse__008,sparse,8,260925008,pkpy2,1,omega_V,0.02563705819946853,0.04,-0.35907354501328675,,,,9.040690099995118
1cmt_iv__sparse__008,sparse,8,260925008,pkpy2,1,sigma_prop,0.14652506781147465,0.15,-0.023166214590168988,,,,9.040690099995118
1cmt_iv__sparse__008,sparse,8,260925008,saemix,1,theta_CL,3.66127632861208,4.0,-0.08468091784697995,3.360291940380315,3.989220160715557,0,1.47000000000003
1cmt_iv__sparse__008,sparse,8,260925008,saemix,1,theta_V,40.547793183172,40.0,0.013694829579299928,37.618997124370416,43.70460824858592,1,1.47000000000003
1cmt_iv__sparse__008,sparse,8,260925008,saemix,1,omega_CL,0.049630988452916,0.09,-0.4485445727453778,,,,1.47000000000003
1cmt_iv__sparse__008,sparse,8,260925008,saemix,1,omega_V,0.0274046494163542,0.04,-0.314883764591145,,,,1.47000000000003
1cmt_iv__sparse__008,sparse,8,260925008,saemix,1,sigma_prop,0.147057374521053,0.15,-0.019617503192979984,,,,1.47000000000003
1cmt_iv__sparse__009,sparse,9,260925009,nlmixr2_focei,1,theta_CL,4.24598955722899,4.0,0.06149738930724746,3.7559151778994044,4.80000917650662,1,2.29000000000008
1cmt_iv__sparse__009,sparse,9,260925009,nlmixr2_focei,1,theta_V,39.9222073067447,40.0,-0.0019448173313824312,37.177324254856266,42.86975106968633,1,2.29000000000008
1cmt_iv__sparse__009,sparse,9,260925009,nlmixr2_focei,1,omega_CL,0.108522085969485,0.09,0.2058009552165,,,,2.29000000000008
1cmt_iv__sparse__009,sparse,9,260925009,nlmixr2_focei,1,omega_V,0.0243398307940195,0.04,-0.3915042301495125,,,,2.29000000000008
1cmt_iv__sparse__009,sparse,9,260925009,nlmixr2_focei,1,sigma_prop,0.131455129980288,0.15,-0.12363246679808002,,,,2.29000000000008
1cmt_iv__sparse__009,sparse,9,260925009,nlmixr2_saem,1,theta_CL,4.18500730606003,4.0,0.04625182651500759,3.7053511601489455,4.726754737888811,1,5.36000000000001
1cmt_iv__sparse__009,sparse,9,260925009,nlmixr2_saem,1,theta_V,39.7674715964651,40.0,-0.0058132100883725,37.22874383267846,42.47932200676348,1,5.36000000000001
1cmt_iv__sparse__009,sparse,9,260925009,nlmixr2_saem,1,omega_CL,0.111845436828553,0.09,0.24272707587281112,,,,5.36000000000001
1cmt_iv__sparse__009,sparse,9,260925009,nlmixr2_saem,1,omega_V,0.0265067733287424,0.04,-0.33733066678144,,,,5.36000000000001
1cmt_iv__sparse__009,sparse,9,260925009,nlmixr2_saem,1,sigma_prop,0.130178348460183,0.15,-0.13214434359877997,,,,5.36000000000001
1cmt_iv__sparse__009,sparse,9,260925009,pkpy2,1,theta_CL,4.179686469484565,4.0,0.04492161737114131,3.696795679914472,4.72565445748317,1,7.683304599995608
1cmt_iv__sparse__009,sparse,9,260925009,pkpy2,1,theta_V,39.65494611774737,40.0,-0.008626347056315709,36.96230370790288,42.5437430531482,1,7.683304599995608
1cmt_iv__sparse__009,sparse,9,260925009,pkpy2,1,omega_CL,0.11104764985183418,0.09,0.23386277613149098,,,,7.683304599995608
1cmt_iv__sparse__009,sparse,9,260925009,pkpy2,1,omega_V,0.024938399350198336,0.04,-0.37654001624504163,,,,7.683304599995608
1cmt_iv__sparse__009,sparse,9,260925009,pkpy2,1,sigma_prop,0.13202134706834961,0.15,-0.11985768621100254,,,,7.683304599995608
1cmt_iv__sparse__009,sparse,9,260925009,saemix,1,theta_CL,4.20409441981373,4.0,0.0510236049534325,3.717403360815697,4.754504199627858,1,1.51999999999998
1cmt_iv__sparse__009,sparse,9,260925009,saemix,1,theta_V,39.992765112024,40.0,-0.00018087219939992848,37.30919799200808,42.86935520962238,1,1.51999999999998
1cmt_iv__sparse__009,sparse,9,260925009,saemix,1,omega_CL,0.11125790879835,0.09,0.2361989866483334,,,,1.51999999999998
1cmt_iv__sparse__009,sparse,9,260925009,saemix,1,omega_V,0.0234979800324737,0.04,-0.41255049918815756,,,,1.51999999999998
1cmt_iv__sparse__009,sparse,9,260925009,saemix,1,sigma_prop,0.136139029035665,0.15,-0.09240647309556668,,,,1.51999999999998
1cmt_iv__sparse__010,sparse,10,260925010,nlmixr2_focei,1,theta_CL,3.73412016776349,4.0,-0.06646995805912748,3.3053070088675156,4.218565292086285,1,2.30000000000007
1cmt_iv__sparse__010,sparse,10,260925010,nlmixr2_focei,1,theta_V,42.2386288010981,40.0,0.05596572002745255,38.84721304101701,45.92611987668722,1,2.30000000000007
1cmt_iv__sparse__010,sparse,10,260925010,nlmixr2_focei,1,omega_CL,0.112427328980996,0.09,0.24919254423328893,,,,2.30000000000007
1cmt_iv__sparse__010,sparse,10,260925010,nlmixr2_focei,1,omega_V,0.0382894245728254,0.04,-0.042764385679365004,,,,2.30000000000007
1cmt_iv__sparse__010,sparse,10,260925010,nlmixr2_focei,1,sigma_prop,0.145399737823465,0.15,-0.030668414510233354,,,,2.30000000000007
1cmt_iv__sparse__010,sparse,10,260925010,nlmixr2_saem,1,theta_CL,3.66296351382311,4.0,-0.08425912154422255,3.2347345299626293,4.14788341340467,1,5.18999999999994
1cmt_iv__sparse__010,sparse,10,260925010,nlmixr2_saem,1,theta_V,41.8564928130085,40.0,0.04641232032521252,38.68005434512766,45.293783069002316,1,5.18999999999994
1cmt_iv__sparse__010,sparse,10,260925010,nlmixr2_saem,1,omega_CL,0.114571333122555,0.09,0.27301481247283343,,,,5.18999999999994
1cmt_iv__sparse__010,sparse,10,260925010,nlmixr2_saem,1,omega_V,0.0380721264183611,0.04,-0.04819683954097251,,,,5.18999999999994
1cmt_iv__sparse__010,sparse,10,260925010,nlmixr2_saem,1,sigma_prop,0.145999815371508,0.15,-0.02666789752327999,,,,5.18999999999994
1cmt_iv__sparse__010,sparse,10,260925010,pkpy2,1,theta_CL,3.665454545249149,4.0,-0.08363636368771277,3.2302756041973706,4.159260282877934,1,7.6330796999973245
1cmt_iv__sparse__010,sparse,10,260925010,pkpy2,1,theta_V,41.874230105561594,40.0,0.04685575263903985,38.520773649214206,45.519624369467714,1,7.6330796999973245
1cmt_iv__sparse__010,sparse,10,260925010,pkpy2,1,omega_CL,0.11595338489999636,0.09,0.28837094333329294,,,,7.6330796999973245
1cmt_iv__sparse__010,sparse,10,260925010,pkpy2,1,omega_V,0.0375128973071767,0.04,-0.06217756732058259,,,,7.6330796999973245
1cmt_iv__sparse__010,sparse,10,260925010,pkpy2,1,sigma_prop,0.1468185891390119,0.15,-0.02120940573992055,,,,7.6330796999973245
1cmt_iv__sparse__010,sparse,10,260925010,saemix,1,theta_CL,3.67640592182164,4.0,-0.08089851954459004,3.242554687096983,4.168306106228199,1,1.09000000000003
1cmt_iv__sparse__010,sparse,10,260925010,saemix,1,theta_V,41.9193174637725,40.0,0.04798293659431252,38.49501234290327,45.648229983032984,1,1.09000000000003
1cmt_iv__sparse__010,sparse,10,260925010,saemix,1,omega_CL,0.114995884005496,0.09,0.27773204450551114,,,,1.09000000000003
1cmt_iv__sparse__010,sparse,10,260925010,saemix,1,omega_V,0.0409993736170797,0.04,0.024984340426992442,,,,1.09000000000003
1cmt_iv__sparse__010,sparse,10,260925010,saemix,1,sigma_prop,0.143458831438402,0.15,-0.043607790410653366,,,,1.09000000000003
1cmt_iv__sparse__011,sparse,11,260925011,nlmixr2_focei,1,theta_CL,3.99962884157818,4.0,-9.278960545500148e-05,3.6425935841089214,4.391659541754046,1,2.0100000000001
1cmt_iv__sparse__011,sparse,11,260925011,nlmixr2_focei,1,theta_V,40.4900395166306,40.0,0.012250987915765066,37.075175756187086,44.21943434171632,1,2.0100000000001
1cmt_iv__sparse__011,sparse,11,260925011,nlmixr2_focei,1,omega_CL,0.0692909320115406,0.09,-0.23010075542732664,,,,2.0100000000001
1cmt_iv__sparse__011,sparse,11,260925011,nlmixr2_focei,1,omega_V,0.0329482592690769,0.04,-0.17629351827307752,,,,2.0100000000001
1cmt_iv__sparse__011,sparse,11,260925011,nlmixr2_focei,1,sigma_prop,0.148330582879117,0.15,-0.011129447472553363,,,,2.0100000000001
1cmt_iv__sparse__011,sparse,11,260925011,nlmixr2_saem,1,theta_CL,3.91704557906837,4.0,-0.020738605232907492,3.5491232342560934,4.32310885133721,1,5.55999999999995
1cmt_iv__sparse__011,sparse,11,260925011,nlmixr2_saem,1,theta_V,40.2376685706165,40.0,0.005941714265412479,37.289724876925895,43.41866230824958,1,5.55999999999995
1cmt_iv__sparse__011,sparse,11,260925011,nlmixr2_saem,1,omega_CL,0.0706630672889948,0.09,-0.2148548079000578,,,,5.55999999999995
1cmt_iv__sparse__011,sparse,11,260925011,nlmixr2_saem,1,omega_V,0.0349407679629546,0.04,-0.12648080092613495,,,,5.55999999999995
1cmt_iv__sparse__011,sparse,11,260925011,nlmixr2_saem,1,sigma_prop,0.148043539383533,0.15,-0.013043070776446546,,,,5.55999999999995
1cmt_iv__sparse__011,sparse,11,260925011,pkpy2,1,theta_CL,3.9217282084231897,4.0,-0.019567947894202575,3.5467671536705727,4.336329810888586,1,8.468000299995765
1cmt_iv__sparse__011,sparse,11,260925011,pkpy2,1,theta_V,40.16373775093742,40.0,0.004093443773435545,37.060451695749904,43.52687990338416,1,8.468000299995765
1cmt_iv__sparse__011,sparse,11,260925011,pkpy2,1,omega_CL,0.07027238167351993,0.09,-0.21919575918311188,,,,8.468000299995765
1cmt_iv__sparse__011,sparse,11,260925011,pkpy2,1,omega_V,0.032786321914489186,0.04,-0.18034195213777038,,,,8.468000299995765
1cmt_iv__sparse__011,sparse,11,260925011,pkpy2,1,sigma_prop,0.14882967024650834,0.15,-0.007802198356611038,,,,8.468000299995765
1cmt_iv__sparse__011,sparse,11,260925011,saemix,1,theta_CL,3.93322217160492,4.0,-0.016694457098770044,3.5566817045925676,4.349626403517798,1,1.31000000000006
1cmt_iv__sparse__011,sparse,11,260925011,saemix,1,theta_V,40.2650377760737,40.0,0.006625944401842432,37.22504134620759,43.553296611014076,1,1.31000000000006
1cmt_iv__sparse__011,sparse,11,260925011,saemix,1,omega_CL,0.0705497353687252,0.09,-0.2161140514586088,,,,1.31000000000006
1cmt_iv__sparse__011,sparse,11,260925011,saemix,1,omega_V,0.0306853830303488,0.04,-0.23286542424128,,,,1.31000000000006
1cmt_iv__sparse__011,sparse,11,260925011,saemix,1,sigma_prop,0.151269792249357,0.15,0.008465281662379994,,,,1.31000000000006
1cmt_iv__sparse__012,sparse,12,260925012,nlmixr2_focei,1,theta_CL,3.87308139091018,4.0,-0.031729652272454945,3.518215441234052,4.263741010514426,1,2.25999999999999
1cmt_iv__sparse__012,sparse,12,260925012,nlmixr2_focei,1,theta_V,43.7501108728277,40.0,0.09375277182069244,40.21037600645403,47.601449961012435,0,2.25999999999999
1cmt_iv__sparse__012,sparse,12,260925012,nlmixr2_focei,1,omega_CL,0.058202382231335,0.09,-0.3533068640962778,,,,2.25999999999999
1cmt_iv__sparse__012,sparse,12,260925012,nlmixr2_focei,1,omega_V,0.0156620823629301,0.04,-0.6084479409267475,,,,2.25999999999999
1cmt_iv__sparse__012,sparse,12,260925012,nlmixr2_focei,1,sigma_prop,0.180968904260596,0.15,0.20645936173730672,,,,2.25999999999999
1cmt_iv__sparse__012,sparse,12,260925012,nlmixr2_saem,1,theta_CL,3.77815971987091,4.0,-0.05546007003227249,3.4450273510824734,4.143505816976982,1,5.58000000000004
1cmt_iv__sparse__012,sparse,12,260925012,nlmixr2_saem,1,theta_V,43.6993333311507,40.0,0.09248333327876743,41.201484095577584,46.34861523815816,0,5.58000000000004
1cmt_iv__sparse__012,sparse,12,260925012,nlmixr2_saem,1,omega_CL,0.0599799293386449,0.09,-0.33355634068172335,,,,5.58000000000004
1cmt_iv__sparse__012,sparse,12,260925012,nlmixr2_saem,1,omega_V,0.0161351565070883,0.04,-0.5966210873227925,,,,5.58000000000004
1cmt_iv__sparse__012,sparse,12,260925012,nlmixr2_saem,1,sigma_prop,0.182379721964839,0.15,0.21586481309892677,,,,5.58000000000004
1cmt_iv__sparse__012,sparse,12,260925012,pkpy2,1,theta_CL,3.7777140581661977,4.0,-0.05557148545845059,3.430784820828769,4.15972561689808,1,8.38891059999878
1cmt_iv__sparse__012,sparse,12,260925012,pkpy2,1,theta_V,43.48202820512714,40.0,0.08705070512817858,40.48363253020213,46.702498236070035,0,8.38891059999878
1cmt_iv__sparse__012,sparse,12,260925012,pkpy2,1,omega_CL,0.06026621344654338,0.09,-0.330375406149518,,,,8.38891059999878
1cmt_iv__sparse__012,sparse,12,260925012,pkpy2,1,omega_V,0.013728038470463945,0.04,-0.6567990382384015,,,,8.38891059999878
1cmt_iv__sparse__012,sparse,12,260925012,pkpy2,1,sigma_prop,0.1837712549266609,0.15,0.22514169951107277,,,,8.38891059999878
1cmt_iv__sparse__012,sparse,12,260925012,saemix,1,theta_CL,3.76724670828569,4.0,-0.05818832292857745,3.41232687261882,4.15908214273666,1,1.41999999999996
1cmt_iv__sparse__012,sparse,12,260925012,saemix,1,theta_V,42.7530131226269,40.0,0.06882532806567258,40.142231929019765,45.533595000285324,0,1.41999999999996
1cmt_iv__sparse__012,sparse,12,260925012,saemix,1,omega_CL,0.0625101303347573,0.09,-0.3054429962804744,,,,1.41999999999996
1cmt_iv__sparse__012,sparse,12,260925012,saemix,1,omega_V,8.91890190146682e-06,0.04,-0.9997770274524633,,,,1.41999999999996
1cmt_iv__sparse__012,sparse,12,260925012,saemix,1,sigma_prop,0.201568471063073,0.15,0.34378980708715334,,,,1.41999999999996
1cmt_iv__sparse__013,sparse,13,260925013,nlmixr2_focei,1,theta_CL,4.09039766526765,4.0,0.022599416316912535,3.766649845325614,4.44197197697857,1,2.19000000000005
1cmt_iv__sparse__013,sparse,13,260925013,nlmixr2_focei,1,theta_V,40.7421210277758,40.0,0.018553025694395053,37.60606359262487,44.13970161363731,1,2.19000000000005
1cmt_iv__sparse__013,sparse,13,260925013,nlmixr2_focei,1,omega_CL,0.0406519551362146,0.09,-0.5483116095976156,,,,2.19000000000005
1cmt_iv__sparse__013,sparse,13,260925013,nlmixr2_focei,1,omega_V,0.0334370533963397,0.04,-0.16407366509150756,,,,2.19000000000005
1cmt_iv__sparse__013,sparse,13,260925013,nlmixr2_focei,1,sigma_prop,0.137286022405236,0.15,-0.08475985063176003,,,,2.19000000000005
1cmt_iv__sparse__013,sparse,13,260925013,nlmixr2_saem,1,theta_CL,4.02105669645776,4.0,0.005264174114439912,3.7213046953991915,4.3449537943286645,1,6.14999999999998
1cmt_iv__sparse__013,sparse,13,260925013,nlmixr2_saem,1,theta_V,40.4167475573812,40.0,0.010418688934529996,37.53508284525006,43.519645070499564,1,6.14999999999998
1cmt_iv__sparse__013,sparse,13,260925013,nlmixr2_saem,1,omega_CL,0.0419486145020116,0.09,-0.5339042833109822,,,,6.14999999999998
1cmt_iv__sparse__013,sparse,13,260925013,nlmixr2_saem,1,omega_V,0.0337692997613393,0.04,-0.15576750596651753,,,,6.14999999999998
1cmt_iv__sparse__013,sparse,13,260925013,nlmixr2_saem,1,sigma_prop,0.13912500258693,0.15,-0.07249998275379996,,,,6.14999999999998
1cmt_iv__sparse__013,sparse,13,260925013,pkpy2,1,theta_CL,4.022592932793158,4.0,0.005648233198289443,3.7165641134893024,4.353820735724013,1,7.326265999989118
1cmt_iv__sparse__013,sparse,13,260925013,pkpy2,1,theta_V,40.37014173035249,40.0,0.009253543258812336,37.3401056351365,43.64605604637545,1,7.326265999989118
1cmt_iv__sparse__013,sparse,13,260925013,pkpy2,1,omega_CL,0.04204604514522127,0.09,-0.5328217206086525,,,,7.326265999989118
1cmt_iv__sparse__013,sparse,13,260925013,pkpy2,1,omega_V,0.03261548445026872,0.04,-0.18461288874328205,,,,7.326265999989118
1cmt_iv__sparse__013,sparse,13,260925013,pkpy2,1,sigma_prop,0.13858493885319992,0.15,-0.07610040764533385,,,,7.326265999989118
1cmt_iv__sparse__013,sparse,13,260925013,saemix,1,theta_CL,4.02494963340447,4.0,0.006237408351117413,3.721464894655263,4.353183493604735,1,1.26999999999998
1cmt_iv__sparse__013,sparse,13,260925013,saemix,1,theta_V,40.370210327536,40.0,0.009255258188400006,37.30043567130933,43.69262322431974,1,1.26999999999998
1cmt_iv__sparse__013,sparse,13,260925013,saemix,1,omega_CL,0.0415131399160211,0.09,-0.5387428898219878,,,,1.26999999999998
1cmt_iv__sparse__013,sparse,13,260925013,saemix,1,omega_V,0.0347100995377048,0.04,-0.13224751155738004,,,,1.26999999999998
1cmt_iv__sparse__013,sparse,13,260925013,saemix,1,sigma_prop,0.135909341721542,0.15,-0.09393772185638657,,,,1.26999999999998
1cmt_iv__sparse__014,sparse,14,260925014,nlmixr2_focei,1,theta_CL,3.94928544407365,4.0,-0.012678638981587498,3.553873135397318,4.388692258995987,1,2.11000000000001
1cmt_iv__sparse__014,sparse,14,260925014,nlmixr2_focei,1,theta_V,38.0283177230992,40.0,-0.04929205692252001,35.10877321813464,41.190643143919466,1,2.11000000000001
1cmt_iv__sparse__014,sparse,14,260925014,nlmixr2_focei,1,omega_CL,0.0810642123712319,0.09,-0.09928652920853438,,,,2.11000000000001
1cmt_iv__sparse__014,sparse,14,260925014,nlmixr2_focei,1,omega_V,0.0316279536920838,0.04,-0.209301157697905,,,,2.11000000000001
1cmt_iv__sparse__014,sparse,14,260925014,nlmixr2_focei,1,sigma_prop,0.155163659049569,0.15,0.03442439366379335,,,,2.11000000000001
1cmt_iv__sparse__014,sparse,14,260925014,nlmixr2_saem,1,theta_CL,3.86587808467425,4.0,-0.03353047883143745,3.4747425778878727,4.301041884561417,1,6.18999999999994
1cmt_iv__sparse__014,sparse,14,260925014,nlmixr2_saem,1,theta_V,37.6214674834495,40.0,-0.0594633129137625,35.06703744757223,40.36197291329033,1,6.18999999999994
1cmt_iv__sparse__014,sparse,14,260925014,nlmixr2_saem,1,omega_CL,0.0826974362672711,0.09,-0.08113959703032116,,,,6.18999999999994
1cmt_iv__sparse__014,sparse,14,260925014,nlmixr2_saem,1,omega_V,0.0271726324485636,0.04,-0.32068418878591,,,,6.18999999999994
1cmt_iv__sparse__014,sparse,14,260925014,nlmixr2_saem,1,sigma_prop,0.160233600799046,0.15,0.06822400532697337,,,,6.18999999999994
1cmt_iv__sparse__014,sparse,14,260925014,pkpy2,1,theta_CL,3.8632148727647126,4.0,-0.03419628180882184,3.4661644582624263,4.305747558392548,1,5.91737940000894
1cmt_iv__sparse__014,sparse,14,260925014,pkpy2,1,theta_V,37.660705221541136,40.0,-0.0584823694614716,34.75038293784169,40.81476512994958,1,5.91737940000894
1cmt_iv__sparse__014,sparse,14,260925014,pkpy2,1,omega_CL,0.08280851084035319,0.09,-0.07990543510718673,,,,5.91737940000894
1cmt_iv__sparse__014,sparse,14,260925014,pkpy2,1,omega_V,0.03134215026311514,0.04,-0.21644624342212151,,,,5.91737940000894
1cmt_iv__sparse__014,sparse,14,260925014,pkpy2,1,sigma_prop,0.15451989761681625,0.15,0.030132650778775066,,,,5.91737940000894
1cmt_iv__sparse__014,sparse,14,260925014,saemix,1,theta_CL,3.8780669034682,4.0,-0.030483274132950045,3.4802475135273596,4.3213601473225225,1,1.25
1cmt_iv__sparse__014,sparse,14,260925014,saemix,1,theta_V,37.7369535692747,40.0,-0.056576160768132586,34.952760257123565,40.74292428448078,1,1.25
1cmt_iv__sparse__014,sparse,14,260925014,saemix,1,omega_CL,0.0819663298879401,0.09,-0.08926300124510995,,,,1.25
1cmt_iv__sparse__014,sparse,14,260925014,saemix,1,omega_V,0.0260618250956739,0.04,-0.34845437260815254,,,,1.25
1cmt_iv__sparse__014,sparse,14,260925014,saemix,1,sigma_prop,0.161109073226009,0.15,0.07406048817339343,,,,1.25
1cmt_iv__sparse__015,sparse,15,260925015,nlmixr2_focei,1,theta_CL,4.0164338866885,4.0,0.004108471672124914,3.643253424396463,4.42783943003143,1,2.12
1cmt_iv__sparse__015,sparse,15,260925015,nlmixr2_focei,1,theta_V,38.3469787489358,40.0,-0.04132553127660508,35.68698643099065,41.20523827403808,1,2.12
1cmt_iv__sparse__015,sparse,15,260925015,nlmixr2_focei,1,omega_CL,0.0626206878382191,0.09,-0.3042145795753433,,,,2.12
1cmt_iv__sparse__015,sparse,15,260925015,nlmixr2_focei,1,omega_V,0.0189176753357514,0.04,-0.527058116606215,,,,2.12
1cmt_iv__sparse__015,sparse,15,260925015,nlmixr2_focei,1,sigma_prop,0.14791502879715,0.15,-0.013899808019000037,,,,2.12
1cmt_iv__sparse__015,sparse,15,260925015,nlmixr2_saem,1,theta_CL,3.94447604006358,4.0,-0.01388098998410503,3.5913011362514413,4.332382788394029,1,5.22000000000003
1cmt_iv__sparse__015,sparse,15,260925015,nlmixr2_saem,1,theta_V,38.1135240378422,40.0,-0.04716189905394508,35.80033455147906,40.57617708835518,1,5.22000000000003
1cmt_iv__sparse__015,sparse,15,260925015,nlmixr2_saem,1,omega_CL,0.0633011991446381,0.09,-0.29665334283735445,,,,5.22000000000003
1cmt_iv__sparse__015,sparse,15,260925015,nlmixr2_saem,1,omega_V,0.0200395258563352,0.04,-0.49901185359162004,,,,5.22000000000003
1cmt_iv__sparse__015,sparse,15,260925015,nlmixr2_saem,1,sigma_prop,0.147631192383715,0.15,-0.015792050775233307,,,,5.22000000000003
1cmt_iv__sparse__015,sparse,15,260925015,pkpy2,1,theta_CL,3.94782678638824,4.0,-0.01304330340294002,3.5882415852117933,4.3434467733600455,1,7.700082499999553
1cmt_iv__sparse__015,sparse,15,260925015,pkpy2,1,theta_V,38.112573734964364,40.0,-0.047185656625890894,35.60180742035084,40.80040823637434,1,7.700082499999553
1cmt_iv__sparse__015,sparse,15,260925015,pkpy2,1,omega_CL,0.06316991129792582,0.09,-0.2981120966897131,,,,7.700082499999553
1cmt_iv__sparse__015,sparse,15,260925015,pkpy2,1,omega_V,0.018691604629624284,0.04,-0.5327098842593929,,,,7.700082499999553
1cmt_iv__sparse__015,sparse,15,260925015,pkpy2,1,sigma_prop,0.1493505711354765,0.15,-0.0043295257634899205,,,,7.700082499999553
1cmt_iv__sparse__015,sparse,15,260925015,saemix,1,theta_CL,3.97160376954531,4.0,-0.007099057613672466,3.6138688965310144,4.364750618764221,1,1.12
1cmt_iv__sparse__015,sparse,15,260925015,saemix,1,theta_V,38.2940996836922,40.0,-0.042647507907694934,35.88631425619499,40.863435016356036,1,1.12
1cmt_iv__sparse__015,sparse,15,260925015,saemix,1,omega_CL,0.0603832179118329,0.09,-0.32907535653519,,,,1.12
1cmt_iv__sparse__015,sparse,15,260925015,saemix,1,omega_V,0.0130000026824533,0.04,-0.6749999329386676,,,,1.12
1cmt_iv__sparse__015,sparse,15,260925015,saemix,1,sigma_prop,0.161470274327788,0.15,0.07646849551858663,,,,1.12
1cmt_iv__sparse__016,sparse,16,260925016,nlmixr2_focei,1,theta_CL,4.02542691801003,4.0,0.006356729502507541,3.440237710170237,4.710157622055101,1,2.67999999999995
1cmt_iv__sparse__016,sparse,16,260925016,nlmixr2_focei,1,theta_V,43.6878380884095,40.0,0.09219595221023749,40.526498932238525,47.09578293526819,0,2.67999999999995
1cmt_iv__sparse__016,sparse,16,260925016,nlmixr2_focei,1,omega_CL,0.128612363905759,0.09,0.42902626561954454,,,,2.67999999999995
1cmt_iv__sparse__016,sparse,16,260925016,nlmixr2_focei,1,omega_V,0.0260165883359781,0.04,-0.3495852916005475,,,,2.67999999999995
1cmt_iv__sparse__016,sparse,16,260925016,nlmixr2_focei,1,sigma_prop,0.149933891352007,0.15,-0.00044072431995334505,,,,2.67999999999995
1cmt_iv__sparse__016,sparse,16,260925016,nlmixr2_saem,1,theta_CL,3.9583574396275,4.0,-0.010410640093124979,3.4635800262217367,4.5238145217468935,1,5.52999999999997
1cmt_iv__sparse__016,sparse,16,260925016,nlmixr2_saem,1,theta_V,43.4649425372739,40.0,0.08662356343184748,40.84698645247146,46.250688088501946,0,5.52999999999997
1cmt_iv__sparse__016,sparse,16,260925016,nlmixr2_saem,1,omega_CL,0.133357359861734,0.09,0.4817484429081556,,,,5.52999999999997
1cmt_iv__sparse__016,sparse,16,260925016,nlmixr2_saem,1,omega_V,0.0205484040745546,0.04,-0.486289898136135,,,,5.52999999999997
1cmt_iv__sparse__016,sparse,16,260925016,nlmixr2_saem,1,sigma_prop,0.155481990246179,0.15,0.03654660164119343,,,,5.52999999999997
1cmt_iv__sparse__016,sparse,16,260925016,pkpy2,1,theta_CL,3.946384017498533,4.0,-0.01340399562536676,3.4442648286114874,4.521704220940032,1,6.48738289999892
1cmt_iv__sparse__016,sparse,16,260925016,pkpy2,1,theta_V,43.34559583230756,40.0,0.08363989580768898,40.24370991743655,46.686567463893425,0,6.48738289999892
1cmt_iv__sparse__016,sparse,16,260925016,pkpy2,1,omega_CL,0.1353113015629039,0.09,0.503458906254488,,,,6.48738289999892
1cmt_iv__sparse__016,sparse,16,260925016,pkpy2,1,omega_V,0.02553661668026679,0.04,-0.3615845829933303,,,,6.48738289999892
1cmt_iv__sparse__016,sparse,16,260925016,pkpy2,1,sigma_prop,0.1487519419238798,0.15,-0.0083203871741346,,,,6.48738289999892
1cmt_iv__sparse__016,sparse,16,260925016,saemix,1,theta_CL,3.9637239622051,4.0,-0.009069009448725018,3.4624054739989334,4.537627890939424,1,1.06000000000006
1cmt_iv__sparse__016,sparse,16,260925016,saemix,1,theta_V,43.5312487005085,40.0,0.08828121751271248,40.480490373781684,46.811923371680614,0,1.06000000000006
1cmt_iv__sparse__016,sparse,16,260925016,saemix,1,omega_CL,0.133295927058861,0.09,0.4810658562095668,,,,1.06000000000006
1cmt_iv__sparse__016,sparse,16,260925016,saemix,1,omega_V,0.0233133910589238,0.04,-0.41716522352690505,,,,1.06000000000006
1cmt_iv__sparse__016,sparse,16,260925016,saemix,1,sigma_prop,0.153332736785619,0.15,0.022218245237460115,,,,1.06000000000006
1cmt_iv__sparse__017,sparse,17,260925017,nlmixr2_focei,1,theta_CL,4.09330334233561,4.0,0.023325835583902554,3.7012369336825213,4.526900750367653,1,2.28000000000009
1cmt_iv__sparse__017,sparse,17,260925017,nlmixr2_focei,1,theta_V,40.2721438685759,40.0,0.006803596714397564,36.502088756654274,44.43158260294395,1,2.28000000000009
1cmt_iv__sparse__017,sparse,17,260925017,nlmixr2_focei,1,omega_CL,0.0695891481358157,0.09,-0.22678724293538113,,,,2.28000000000009
1cmt_iv__sparse__017,sparse,17,260925017,nlmixr2_focei,1,omega_V,0.0551934564272541,0.04,0.37983641068135254,,,,2.28000000000009
1cmt_iv__sparse__017,sparse,17,260925017,nlmixr2_focei,1,sigma_prop,0.142461263971222,0.15,-0.05025824019185332,,,,2.28000000000009
1cmt_iv__sparse__017,sparse,17,260925017,nlmixr2_saem,1,theta_CL,4.01027106335447,4.0,0.0025677658386173974,3.6359736162024943,4.423099752405501,1,5.30999999999995
1cmt_iv__sparse__017,sparse,17,260925017,nlmixr2_saem,1,theta_V,39.930529988005,40.0,-0.0017367502998750339,36.430647486188704,43.76664526007781,1,5.30999999999995
1cmt_iv__sparse__017,sparse,17,260925017,nlmixr2_saem,1,omega_CL,0.0700369147596362,0.09,-0.22181205822626435,,,,5.30999999999995
1cmt_iv__sparse__017,sparse,17,260925017,nlmixr2_saem,1,omega_V,0.0555194904160961,0.04,0.38798726040240245,,,,5.30999999999995
1cmt_iv__sparse__017,sparse,17,260925017,nlmixr2_saem,1,sigma_prop,0.14490376373373,0.15,-0.033974908441799886,,,,5.30999999999995
1cmt_iv__sparse__017,sparse,17,260925017,pkpy2,1,theta_CL,4.011508253596206,4.0,0.0028770633990515826,3.631912216913206,4.430778473590802,1,10.637046899995767
1cmt_iv__sparse__017,sparse,17,260925017,pkpy2,1,theta_V,39.90827921014718,40.0,-0.002293019746320546,36.26940751614096,43.91223509251647,1,10.637046899995767
1cmt_iv__sparse__017,sparse,17,260925017,pkpy2,1,omega_CL,0.06944281008186541,0.09,-0.22841322131260652,,,,10.637046899995767
1cmt_iv__sparse__017,sparse,17,260925017,pkpy2,1,omega_V,0.0548824450766001,0.04,0.37206112691500254,,,,10.637046899995767
1cmt_iv__sparse__017,sparse,17,260925017,pkpy2,1,sigma_prop,0.14392366101828147,0.15,-0.04050892654479018,,,,10.637046899995767
1cmt_iv__sparse__017,sparse,17,260925017,saemix,1,theta_CL,4.01373517384714,4.0,0.003433793461784962,3.6350350025808122,4.431888560726335,1,1.05999999999995
1cmt_iv__sparse__017,sparse,17,260925017,saemix,1,theta_V,39.961505096059,40.0,-0.0009623725985250075,36.36716407561798,43.91109205606137,1,1.05999999999995
1cmt_iv__sparse__017,sparse,17,260925017,saemix,1,omega_CL,0.068627175821335,0.09,-0.23747582420738889,,,,1.05999999999995
1cmt_iv__sparse__017,sparse,17,260925017,saemix,1,omega_V,0.0524198829870883,0.04,0.3104970746772075,,,,1.05999999999995
1cmt_iv__sparse__017,sparse,17,260925017,saemix,1,sigma_prop,0.148940583457505,0.15,-0.007062776949966673,,,,1.05999999999995
1cmt_iv__sparse__018,sparse,18,260925018,nlmixr2_focei,1,theta_CL,4.06441410610725,4.0,0.016103526526812573,3.6713275578076208,4.499588164175795,1,2.04000000000008
1cmt_iv__sparse__018,sparse,18,260925018,nlmixr2_focei,1,theta_V,41.8297425376074,40.0,0.04574356344018504,38.13754932640774,45.879386370297034,1,2.04000000000008
1cmt_iv__sparse__018,sparse,18,260925018,nlmixr2_focei,1,omega_CL,0.0778101637283714,0.09,-0.13544262524031767,,,,2.04000000000008
1cmt_iv__sparse__018,sparse,18,260925018,nlmixr2_focei,1,omega_V,0.0549280800083211,0.04,0.3732020002080274,,,,2.04000000000008
1cmt_iv__sparse__018,sparse,18,260925018,nlmixr2_focei,1,sigma_prop,0.116326835971518,0.15,-0.22448776018988,,,,2.04000000000008
1cmt_iv__sparse__018,sparse,18,260925018,nlmixr2_saem,1,theta_CL,4.00891620695224,4.0,0.002229051738060095,3.613896633627129,4.447113679129799,1,5.18999999999994
1cmt_iv__sparse__018,sparse,18,260925018,nlmixr2_saem,1,theta_V,41.5512293851097,40.0,0.038780734627742494,38.00237634654703,45.43149216959106,1,5.18999999999994
1cmt_iv__sparse__018,sparse,18,260925018,nlmixr2_saem,1,omega_CL,0.0798002085887755,0.09,-0.1133310156802722,,,,5.18999999999994
1cmt_iv__sparse__018,sparse,18,260925018,nlmixr2_saem,1,omega_V,0.0540978407631011,0.04,0.35244601907752743,,,,5.18999999999994
1cmt_iv__sparse__018,sparse,18,260925018,nlmixr2_saem,1,sigma_prop,0.118878271174561,0.15,-0.20747819216959332,,,,5.18999999999994
1cmt_iv__sparse__018,sparse,18,260925018,pkpy2,1,theta_CL,4.007237086879762,4.0,0.0018092717199404973,3.612417186653701,4.445208911581887,1,10.615797000005841
1cmt_iv__sparse__018,sparse,18,260925018,pkpy2,1,theta_V,41.50075669329061,40.0,0.03751891733226529,37.86842208919201,45.481504406471416,1,10.615797000005841
1cmt_iv__sparse__018,sparse,18,260925018,pkpy2,1,omega_CL,0.07881795450073827,0.09,-0.12424494999179701,,,,10.615797000005841
1cmt_iv__sparse__018,sparse,18,260925018,pkpy2,1,omega_V,0.05483187408994747,0.04,0.3707968522486867,,,,10.615797000005841
1cmt_iv__sparse__018,sparse,18,260925018,pkpy2,1,sigma_prop,0.11691473894440534,0.15,-0.22056840703729774,,,,10.615797000005841
1cmt_iv__sparse__018,sparse,18,260925018,saemix,1,theta_CL,4.0100706809329,4.0,0.0025176702332250223,3.6146940169561126,4.4486938010921815,1,1.09000000000003
1cmt_iv__sparse__018,sparse,18,260925018,saemix,1,theta_V,41.4814926011187,40.0,0.03703731502796757,37.80312251157593,45.51778038678565,1,1.09000000000003
1cmt_iv__sparse__018,sparse,18,260925018,saemix,1,omega_CL,0.0795278436295499,0.09,-0.11635729300500108,,,,1.09000000000003
1cmt_iv__sparse__018,sparse,18,260925018,saemix,1,omega_V,0.0578004197090856,0.04,0.44501049272714,,,,1.09000000000003
1cmt_iv__sparse__018,sparse,18,260925018,saemix,1,sigma_prop,0.111574471136685,0.15,-0.25617019242209993,,,,1.09000000000003
1cmt_iv__sparse__019,sparse,19,260925019,nlmixr2_focei,1,theta_CL,4.49891161518378,4.0,0.124727903795945,4.1071073922664985,4.928092642365997,0,2.25
1cmt_iv__sparse__019,sparse,19,260925019,nlmixr2_focei,1,theta_V,42.1717034443457,40.0,0.05429258610864256,39.566602393935234,44.948326714816446,1,2.25
1cmt_iv__sparse__019,sparse,19,260925019,nlmixr2_focei,1,omega_CL,0.0655507946479734,0.09,-0.2716578372447399,,,,2.25
1cmt_iv__sparse__019,sparse,19,260925019,nlmixr2_focei,1,omega_V,0.0237640179629773,0.04,-0.4058995509255675,,,,2.25
1cmt_iv__sparse__019,sparse,19,260925019,nlmixr2_focei,1,sigma_prop,0.109867729933354,0.15,-0.2675484671109733,,,,2.25
1cmt_iv__sparse__019,sparse,19,260925019,nlmixr2_saem,1,theta_CL,4.44663714715112,4.0,0.11165928678777992,4.046735062178127,4.886057924380599,0,5.22000000000003
1cmt_iv__sparse__019,sparse,19,260925019,nlmixr2_saem,1,theta_V,41.9106836689664,40.0,0.04776709172415998,39.429919366737906,44.54752720295723,1,5.22000000000003
1cmt_iv__sparse__019,sparse,19,260925019,nlmixr2_saem,1,omega_CL,0.0662361745888224,0.09,-0.2640425045686399,,,,5.22000000000003
1cmt_iv__sparse__019,sparse,19,260925019,nlmixr2_saem,1,omega_V,0.0232645972082537,0.04,-0.4183850697936575,,,,5.22000000000003
1cmt_iv__sparse__019,sparse,19,260925019,nlmixr2_saem,1,sigma_prop,0.111728459664754,0.15,-0.2551436022349733,,,,5.22000000000003
1cmt_iv__sparse__019,sparse,19,260925019,pkpy2,1,theta_CL,4.447016459417556,4.0,0.11175411485438902,4.043531996357641,4.890762681770436,0,6.21531220000179
1cmt_iv__sparse__019,sparse,19,260925019,pkpy2,1,theta_V,41.9176792559076,40.0,0.047941981397690014,39.28359182208431,44.728390473025705,1,6.21531220000179
1cmt_iv__sparse__019,sparse,19,260925019,pkpy2,1,omega_CL,0.06609575431720206,0.09,-0.26560272980886596,,,,6.21531220000179
1cmt_iv__sparse__019,sparse,19,260925019,pkpy2,1,omega_V,0.023537610021187573,0.04,-0.4115597494703107,,,,6.21531220000179
1cmt_iv__sparse__019,sparse,19,260925019,pkpy2,1,sigma_prop,0.10983041249643029,0.15,-0.26779725002379806,,,,6.21531220000179
1cmt_iv__sparse__019,sparse,19,260925019,saemix,1,theta_CL,4.45777824186762,4.0,0.1144445604669051,4.051898163869988,4.90431547141568,0,1.13
1cmt_iv__sparse__019,sparse,19,260925019,saemix,1,theta_V,42.0087580952399,40.0,0.05021895238099745,39.39777673323149,44.79277520286705,1,1.13
1cmt_iv__sparse__019,sparse,19,260925019,saemix,1,omega_CL,0.0666628914922986,0.09,-0.2593012056411266,,,,1.13
1cmt_iv__sparse__019,sparse,19,260925019,saemix,1,omega_V,0.022841308678867,0.04,-0.42896728302832504,,,,1.13
1cmt_iv__sparse__019,sparse,19,260925019,saemix,1,sigma_prop,0.110311958739827,0.15,-0.2645869417344866,,,,1.13
1cmt_iv__sparse__020,sparse,20,260925020,nlmixr2_focei,1,theta_CL,3.93103453020578,4.0,-0.01724136744855498,3.556334924516626,4.345212924446519,1,2.06000000000006
1cmt_iv__sparse__020,sparse,20,260925020,nlmixr2_focei,1,theta_V,37.601837516936,40.0,-0.059954062076599965,34.907586111352636,40.50403772233991,1,2.06000000000006
1cmt_iv__sparse__020,sparse,20,260925020,nlmixr2_focei,1,omega_CL,0.0775353612714696,0.09,-0.13849598587256004,,,,2.06000000000006
1cmt_iv__sparse__020,sparse,20,260925020,nlmixr2_focei,1,omega_V,0.0236305900338716,0.04,-0.40923524915321,,,,2.06000000000006
1cmt_iv__sparse__020,sparse,20,260925020,nlmixr2_focei,1,sigma_prop,0.165961246657012,0.15,0.10640831104674675,,,,2.06000000000006
1cmt_iv__sparse__020,sparse,20,260925020,nlmixr2_saem,1,theta_CL,3.83805116496783,4.0,-0.04048720875804246,3.4583672942981023,4.259419399783733,1,5.02999999999997
1cmt_iv__sparse__020,sparse,20,260925020,nlmixr2_saem,1,theta_V,37.3672427984008,40.0,-0.06581893003997993,34.8514196180627,40.06467597753064,1,5.02999999999997
1cmt_iv__sparse__020,sparse,20,260925020,nlmixr2_saem,1,omega_CL,0.0788421833917008,0.09,-0.12397574009221322,,,,5.02999999999997
1cmt_iv__sparse__020,sparse,20,260925020,nlmixr2_saem,1,omega_V,0.0258027585339543,0.04,-0.3549310366511425,,,,5.02999999999997
1cmt_iv__sparse__020,sparse,20,260925020,nlmixr2_saem,1,sigma_prop,0.164586540876589,0.15,0.0972436058439267,,,,5.02999999999997
1cmt_iv__sparse__020,sparse,20,260925020,pkpy2,1,theta_CL,3.8397399999352197,4.0,-0.04006500001619506,3.450373478006302,4.273045616969466,1,5.5877945000102045
1cmt_iv__sparse__020,sparse,20,260925020,pkpy2,1,theta_V,37.28517401714088,40.0,-0.06787064957147795,34.52013978489028,40.27168517136108,1,5.5877945000102045
1cmt_iv__sparse__020,sparse,20,260925020,pkpy2,1,omega_CL,0.07906354934554116,0.09,-0.12151611838287595,,,,5.5877945000102045
1cmt_iv__sparse__020,sparse,20,260925020,pkpy2,1,omega_V,0.024672998764840345,0.04,-0.38317503087899135,,,,5.5877945000102045
1cmt_iv__sparse__020,sparse,20,260925020,pkpy2,1,sigma_prop,0.16555902224174168,0.15,0.1037268149449446,,,,5.5877945000102045
1cmt_iv__sparse__020,sparse,20,260925020,saemix,1,theta_CL,3.86344417005691,4.0,-0.03413895748577245,3.47344395182826,4.297233829637662,1,1.13
1cmt_iv__sparse__020,sparse,20,260925020,saemix,1,theta_V,37.4653062166397,40.0,-0.06336734458400742,34.758782719466,40.38257557047573,1,1.13
1cmt_iv__sparse__020,sparse,20,260925020,saemix,1,omega_CL,0.0782806064428403,0.09,-0.13021548396844113,,,,1.13
1cmt_iv__sparse__020,sparse,20,260925020,saemix,1,omega_V,0.0226214631410357,0.04,-0.43446342147410755,,,,1.13
1cmt_iv__sparse__020,sparse,20,260925020,saemix,1,sigma_prop,0.167026544005435,0.15,0.11351029336956679,,,,1.13
1cmt_iv__sparse__021,sparse,21,260925021,nlmixr2_focei,1,theta_CL,4.03652506027481,4.0,0.009131265068702543,3.6297705298430767,4.488860777359104,1,2.11000000000001
1cmt_iv__sparse__021,sparse,21,260925021,nlmixr2_focei,1,theta_V,40.7929045971296,40.0,0.01982261492823998,38.144917077403555,43.624713145759614,1,2.11000000000001
1cmt_iv__sparse__021,sparse,21,260925021,nlmixr2_focei,1,omega_CL,0.0946600490625732,0.09,0.051778322917480114,,,,2.11000000000001
1cmt_iv__sparse__021,sparse,21,260925021,nlmixr2_focei,1,omega_V,0.0106010786714942,0.04,-0.734973033212645,,,,2.11000000000001
1cmt_iv__sparse__021,sparse,21,260925021,nlmixr2_focei,1,sigma_prop,0.185182859438823,0.15,0.23455239625882013,,,,2.11000000000001
1cmt_iv__sparse__021,sparse,21,260925021,nlmixr2_saem,1,theta_CL,3.94836309724325,4.0,-0.012909225689187509,3.50798182897243,4.444028477832469,1,5.16999999999996
1cmt_iv__sparse__021,sparse,21,260925021,nlmixr2_saem,1,theta_V,40.8312210571974,40.0,0.020780526429935088,38.99307421584431,42.75601876869408,1,5.16999999999996
1cmt_iv__sparse__021,sparse,21,260925021,nlmixr2_saem,1,omega_CL,0.102141297786019,0.09,0.13490330873354456,,,,5.16999999999996
1cmt_iv__sparse__021,sparse,21,260925021,nlmixr2_saem,1,omega_V,0.00831893692654452,0.04,-0.792026576836387,,,,5.16999999999996
1cmt_iv__sparse__021,sparse,21,260925021,nlmixr2_saem,1,sigma_prop,0.189979419139829,0.15,0.2665294609321933,,,,5.16999999999996
1cmt_iv__sparse__021,sparse,21,260925021,pkpy2,1,theta_CL,3.9406366828986528,4.0,-0.014840829275336809,3.4897235397395074,4.449813083980183,1,10.65576150000561
1cmt_iv__sparse__021,sparse,21,260925021,pkpy2,1,theta_V,40.71974368289015,40.0,0.017993592072253685,37.97960066384127,43.657581876022064,1,10.65576150000561
1cmt_iv__sparse__021,sparse,21,260925021,pkpy2,1,omega_CL,0.10215241915636417,0.09,0.13502687951515743,,,,10.65576150000561
1cmt_iv__sparse__021,sparse,21,260925021,pkpy2,1,omega_V,0.010151337774602124,0.04,-0.7462165556349469,,,,10.65576150000561
1cmt_iv__sparse__021,sparse,21,260925021,pkpy2,1,sigma_prop,0.18686121631978544,0.15,0.24574144213190302,,,,10.65576150000561
1cmt_iv__sparse__021,sparse,21,260925021,saemix,1,theta_CL,3.96240977856841,4.0,-0.009397555357897547,3.504653846912179,4.479954922546161,1,1.17999999999995
1cmt_iv__sparse__021,sparse,21,260925021,saemix,1,theta_V,40.6362815369383,40.0,0.015907038423457465,38.106043344589814,43.33452734036635,1,1.17999999999995
1cmt_iv__sparse__021,sparse,21,260925021,saemix,1,omega_CL,0.103689956569153,0.09,0.15211062854614452,,,,1.17999999999995
1cmt_iv__sparse__021,sparse,21,260925021,saemix,1,omega_V,0.00190514105946704,0.04,-0.952371473513324,,,,1.17999999999995
1cmt_iv__sparse__021,sparse,21,260925021,saemix,1,sigma_prop,0.199593211602741,0.15,0.33062141068494,,,,1.17999999999995
1cmt_iv__sparse__022,sparse,22,260925022,nlmixr2_focei,1,theta_CL,4.53201282786685,4.0,0.13300320696671242,4.011589371025563,5.119950815578826,0,2.11000000000001
1cmt_iv__sparse__022,sparse,22,260925022,nlmixr2_focei,1,theta_V,40.569538714291,40.0,0.014238467857274983,36.74922107887463,44.7870029124644,1,2.11000000000001
1cmt_iv__sparse__022,sparse,22,260925022,nlmixr2_focei,1,omega_CL,0.0875911842717722,0.09,-0.026764619202531027,,,,2.11000000000001
1cmt_iv__sparse__022,sparse,22,260925022,nlmixr2_focei,1,omega_V,0.0285372977475839,0.04,-0.2865675563104025,,,,2.11000000000001
1cmt_iv__sparse__022,sparse,22,260925022,nlmixr2_focei,1,sigma_prop,0.195780940649481,0.15,0.30520627099654013,,,,2.11000000000001
1cmt_iv__sparse__022,sparse,22,260925022,nlmixr2_saem,1,theta_CL,4.41954850476672,4.0,0.10488712619167995,3.9437600014787737,4.952737737251195,1,5.2700000000001
1cmt_iv__sparse__022,sparse,22,260925022,nlmixr2_saem,1,theta_V,40.325573044718,40.0,0.008139326117949963,37.62808478006121,43.2164392870341,1,5.2700000000001
1cmt_iv__sparse__022,sparse,22,260925022,nlmixr2_saem,1,omega_CL,0.0942089307144708,0.09,0.04676589682745335,,,,5.2700000000001
1cmt_iv__sparse__022,sparse,22,260925022,nlmixr2_saem,1,omega_V,0.0253250519888184,0.04,-0.36687370027954,,,,5.2700000000001
1cmt_iv__sparse__022,sparse,22,260925022,nlmixr2_saem,1,sigma_prop,0.200241856017142,0.15,0.33494570678094676,,,,5.2700000000001
1cmt_iv__sparse__022,sparse,22,260925022,pkpy2,1,theta_CL,4.412590791719893,4.0,0.10314769792997325,3.9248013068131926,4.961004640252975,1,5.996404299992719
1cmt_iv__sparse__022,sparse,22,260925022,pkpy2,1,theta_V,40.17995138049902,40.0,0.004498784512475496,36.827954221379244,43.837039745261286,1,5.996404299992719
1cmt_iv__sparse__022,sparse,22,260925022,pkpy2,1,omega_CL,0.0925198080144598,0.09,0.027997866827331186,,,,5.996404299992719
1cmt_iv__sparse__022,sparse,22,260925022,pkpy2,1,omega_V,0.027985562736591904,0.04,-0.30036093158520244,,,,5.996404299992719
1cmt_iv__sparse__022,sparse,22,260925022,pkpy2,1,sigma_prop,0.19831362902120164,0.15,0.32209086014134436,,,,5.996404299992719
1cmt_iv__sparse__022,sparse,22,260925022,saemix,1,theta_CL,4.42230789784652,4.0,0.10557697446162995,3.9341178735082094,4.971078084632,1,1.11000000000001
1cmt_iv__sparse__022,sparse,22,260925022,saemix,1,theta_V,39.803933855248,40.0,-0.004901653618800061,36.88167948129531,42.957727864764635,1,1.11000000000001
1cmt_iv__sparse__022,sparse,22,260925022,saemix,1,omega_CL,0.0895717769432487,0.09,-0.004758033963903372,,,,1.11000000000001
1cmt_iv__sparse__022,sparse,22,260925022,saemix,1,omega_V,0.00868180087849169,0.04,-0.7829549780377076,,,,1.11000000000001
1cmt_iv__sparse__022,sparse,22,260925022,saemix,1,sigma_prop,0.219515919447173,0.15,0.46343946298115335,,,,1.11000000000001
1cmt_iv__sparse__023,sparse,23,260925023,nlmixr2_focei,1,theta_CL,3.99694083922719,4.0,-0.0007647901932025247,3.6707646589070952,4.352100326976173,1,2.07999999999993
1cmt_iv__sparse__023,sparse,23,260925023,nlmixr2_focei,1,theta_V,40.7660166529919,40.0,0.019150416324797526,37.92068177052948,43.824847976323944,1,2.07999999999993
1cmt_iv__sparse__023,sparse,23,260925023,nlmixr2_focei,1,omega_CL,0.0474843830527262,0.09,-0.4723957438585977,,,,2.07999999999993
1cmt_iv__sparse__023,sparse,23,260925023,nlmixr2_focei,1,omega_V,0.024508133184364,0.04,-0.3872966703909,,,,2.07999999999993
1cmt_iv__sparse__023,sparse,23,260925023,nlmixr2_focei,1,sigma_prop,0.151722164158459,0.15,0.011481094389726628,,,,2.07999999999993
1cmt_iv__sparse__023,sparse,23,260925023,nlmixr2_saem,1,theta_CL,3.91464937598817,4.0,-0.02133765600295745,3.5980898147811278,4.25905981389649,1,5.27999999999997
1cmt_iv__sparse__023,sparse,23,260925023,nlmixr2_saem,1,theta_V,40.5041125499227,40.0,0.012602813748067553,37.95617083807977,43.223093827232965,1,5.27999999999997
1cmt_iv__sparse__023,sparse,23,260925023,nlmixr2_saem,1,omega_CL,0.0504114783704007,0.09,-0.43987246255110335,,,,5.27999999999997
1cmt_iv__sparse__023,sparse,23,260925023,nlmixr2_saem,1,omega_V,0.0231131454687102,0.04,-0.42217136328224497,,,,5.27999999999997
1cmt_iv__sparse__023,sparse,23,260925023,nlmixr2_saem,1,sigma_prop,0.154608533462783,0.15,0.030723556418553365,,,,5.27999999999997
1cmt_iv__sparse__023,sparse,23,260925023,pkpy2,1,theta_CL,3.9175622036861557,4.0,-0.020609449078461073,3.591053311894574,4.2737582226684845,1,5.720395900003496
1cmt_iv__sparse__023,sparse,23,260925023,pkpy2,1,theta_V,40.4977244099672,40.0,0.012443110249179944,37.621945447524226,43.593324664011504,1,5.720395900003496
1cmt_iv__sparse__023,sparse,23,260925023,pkpy2,1,omega_CL,0.05080801563367837,0.09,-0.4354664929591292,,,,5.720395900003496
1cmt_iv__sparse__023,sparse,23,260925023,pkpy2,1,omega_V,0.0237322985904654,0.04,-0.40669253523836496,,,,5.720395900003496
1cmt_iv__sparse__023,sparse,23,260925023,pkpy2,1,sigma_prop,0.15241420936812755,0.15,0.01609472912085038,,,,5.720395900003496
1cmt_iv__sparse__023,sparse,23,260925023,saemix,1,theta_CL,3.95419663997177,4.0,-0.011450840007057539,3.6137899731346055,4.3266684516260465,1,1.25
1cmt_iv__sparse__023,sparse,23,260925023,saemix,1,theta_V,40.8177806629069,40.0,0.020444516572672454,38.175671597389965,43.64274807830978,1,1.25
1cmt_iv__sparse__023,sparse,23,260925023,saemix,1,omega_CL,0.0533098110114167,0.09,-0.40766876653981443,,,,1.25
1cmt_iv__sparse__023,sparse,23,260925023,saemix,1,omega_V,0.0130312187603039,0.04,-0.6742195309924025,,,,1.25
1cmt_iv__sparse__023,sparse,23,260925023,saemix,1,sigma_prop,0.169446503807674,0.15,0.12964335871782678,,,,1.25
1cmt_iv__sparse__024,sparse,24,260925024,nlmixr2_focei,1,theta_CL,4.15670001591996,4.0,0.039175003979990075,3.7039252912102825,4.66482276609398,1,2.09000000000003
1cmt_iv__sparse__024,sparse,24,260925024,nlmixr2_focei,1,theta_V,42.538964663199,40.0,0.06347411657997508,38.66743023525641,46.79813226809573,1,2.09000000000003
1cmt_iv__sparse__024,sparse,24,260925024,nlmixr2_focei,1,omega_CL,0.0994947338949693,0.09,0.10549704327743666,,,,2.09000000000003
1cmt_iv__sparse__024,sparse,24,260925024,nlmixr2_focei,1,omega_V,0.0611331639126653,0.04,0.5283290978166325,,,,2.09000000000003
1cmt_iv__sparse__024,sparse,24,260925024,nlmixr2_focei,1,sigma_prop,0.12608409915238,0.15,-0.1594393389841333,,,,2.09000000000003
1cmt_iv__sparse__024,sparse,24,260925024,nlmixr2_saem,1,theta_CL,4.08417522049868,4.0,0.021043805124669968,3.6344087205491067,4.589601366908249,1,5.23000000000002
1cmt_iv__sparse__024,sparse,24,260925024,nlmixr2_saem,1,theta_V,42.1393932106339,40.0,0.05348483026584745,38.36325369255802,46.28722251743957,1,5.23000000000002
1cmt_iv__sparse__024,sparse,24,260925024,nlmixr2_saem,1,omega_CL,0.102059262002208,0.09,0.13399180002453331,,,,5.23000000000002
1cmt_iv__sparse__024,sparse,24,260925024,nlmixr2_saem,1,omega_V,0.060518397272089,0.04,0.512959931802225,,,,5.23000000000002
1cmt_iv__sparse__024,sparse,24,260925024,nlmixr2_saem,1,sigma_prop,0.12483550191505,0.15,-0.16776332056633333,,,,5.23000000000002
1cmt_iv__sparse__024,sparse,24,260925024,pkpy2,1,theta_CL,4.088621032600539,4.0,0.02215525815013475,3.63546850402659,4.5982579493422095,1,8.359435299993493
1cmt_iv__sparse__024,sparse,24,260925024,pkpy2,1,theta_V,42.18291169112799,40.0,0.05457279227819978,38.29525723807879,46.465232696548185,1,8.359435299993493
1cmt_iv__sparse__024,sparse,24,260925024,pkpy2,1,omega_CL,0.10147121030654334,0.09,0.12745789229492602,,,,8.359435299993493
1cmt_iv__sparse__024,sparse,24,260925024,pkpy2,1,omega_V,0.060670038434245385,0.04,0.5167509608561346,,,,8.359435299993493
1cmt_iv__sparse__024,sparse,24,260925024,pkpy2,1,sigma_prop,0.1266745765406594,0.15,-0.1555028230622707,,,,8.359435299993493
1cmt_iv__sparse__024,sparse,24,260925024,saemix,1,theta_CL,4.10598339871664,4.0,0.026495849679160077,3.6445699834638883,4.625813126659555,1,1.13999999999999
1cmt_iv__sparse__024,sparse,24,260925024,saemix,1,theta_V,42.4701069074271,40.0,0.061752672685677544,38.62568738536655,46.69716198789586,1,1.13999999999999
1cmt_iv__sparse__024,sparse,24,260925024,saemix,1,omega_CL,0.104919427881496,0.09,0.1657714209055111,,,,1.13999999999999
1cmt_iv__sparse__024,sparse,24,260925024,saemix,1,omega_V,0.0583423281387354,0.04,0.4585582034683849,,,,1.13999999999999
1cmt_iv__sparse__024,sparse,24,260925024,saemix,1,sigma_prop,0.125073342930588,0.15,-0.16617771379607998,,,,1.13999999999999
1cmt_iv__sparse__025,sparse,25,260925025,nlmixr2_focei,1,theta_CL,3.93773930451947,4.0,-0.015565173870132454,3.4797436912257975,4.456015214412331,1,2.10000000000002
1cmt_iv__sparse__025,sparse,25,260925025,nlmixr2_focei,1,theta_V,42.8262611795837,40.0,0.07065652948959258,39.72950973113692,46.16439163316685,1,2.10000000000002
1cmt_iv__sparse__025,sparse,25,260925025,nlmixr2_focei,1,omega_CL,0.109512630114664,0.09,0.21680700127404448,,,,2.10000000000002
1cmt_iv__sparse__025,sparse,25,260925025,nlmixr2_focei,1,omega_V,0.0259684691126147,0.04,-0.35078827218463254,,,,2.10000000000002
1cmt_iv__sparse__025,sparse,25,260925025,nlmixr2_focei,1,sigma_prop,0.150376356378768,0.15,0.0025090425251200754,,,,2.10000000000002
1cmt_iv__sparse__025,sparse,25,260925025,nlmixr2_saem,1,theta_CL,3.85234217177217,4.0,-0.036914457056957506,3.401134347326881,4.363408996200996,1,4.80999999999995
1cmt_iv__sparse__025,sparse,25,260925025,nlmixr2_saem,1,theta_V,42.613759168024,40.0,0.06534397920060009,39.7738117661813,45.656485757656064,1,4.80999999999995
1cmt_iv__sparse__025,sparse,25,260925025,nlmixr2_saem,1,omega_CL,0.115515450242246,0.09,0.2835050026916223,,,,4.80999999999995
1cmt_iv__sparse__025,sparse,25,260925025,nlmixr2_saem,1,omega_V,0.0264544350410309,0.04,-0.3386391239742275,,,,4.80999999999995
1cmt_iv__sparse__025,sparse,25,260925025,nlmixr2_saem,1,sigma_prop,0.150092817168061,0.15,0.0006187811204066973,,,,4.80999999999995
1cmt_iv__sparse__025,sparse,25,260925025,pkpy2,1,theta_CL,3.852082193353908,4.0,-0.036979451661523055,3.398236287491728,4.366540749085675,1,5.773155600007158
1cmt_iv__sparse__025,sparse,25,260925025,pkpy2,1,theta_V,42.51464845125193,40.0,0.06286621128129824,39.42423570014653,45.847314496621166,1,5.773155600007158
1cmt_iv__sparse__025,sparse,25,260925025,pkpy2,1,omega_CL,0.11398142400957674,0.09,0.26646026677307494,,,,5.773155600007158
1cmt_iv__sparse__025,sparse,25,260925025,pkpy2,1,omega_V,0.026186196663297533,0.04,-0.3453450834175617,,,,5.773155600007158
1cmt_iv__sparse__025,sparse,25,260925025,pkpy2,1,sigma_prop,0.15062045981777744,0.15,0.004136398785182979,,,,5.773155600007158
1cmt_iv__sparse__025,sparse,25,260925025,saemix,1,theta_CL,3.86764464498079,4.0,-0.03308883875480251,3.4102387271102805,4.386401157470888,1,1.61000000000001
1cmt_iv__sparse__025,sparse,25,260925025,saemix,1,theta_V,42.8379436362268,40.0,0.07094859090566992,39.76074996793348,46.153289775985606,1,1.61000000000001
1cmt_iv__sparse__025,sparse,25,260925025,saemix,1,omega_CL,0.114907101974291,0.09,0.27674557749212236,,,,1.61000000000001
1cmt_iv__sparse__025,sparse,25,260925025,saemix,1,omega_V,0.0253927804098737,0.04,-0.3651804897531575,,,,1.61000000000001
1cmt_iv__sparse__025,sparse,25,260925025,saemix,1,sigma_prop,0.153474382152609,0.15,0.023162547684060047,,,,1.61000000000001
1cmt_iv__sparse__026,sparse,26,260925026,nlmixr2_focei,1,theta_CL,4.10226667787618,4.0,0.025566669469045067,3.7663343626156935,4.46816195169829,1,2.10000000000002
1cmt_iv__sparse__026,sparse,26,260925026,nlmixr2_focei,1,theta_V,42.9272533542715,40.0,0.07318133385678749,39.32812274356474,46.8557600004781,1,2.10000000000002
1cmt_iv__sparse__026,sparse,26,260925026,nlmixr2_focei,1,omega_CL,0.0497521994865935,0.09,-0.44719778348229444,,,,2.10000000000002
1cmt_iv__sparse__026,sparse,26,260925026,nlmixr2_focei,1,omega_V,0.0363622784505401,0.04,-0.09094303873649744,,,,2.10000000000002
1cmt_iv__sparse__026,sparse,26,260925026,nlmixr2_focei,1,sigma_prop,0.170517222658779,0.15,0.13678148439186005,,,,2.10000000000002
1cmt_iv__sparse__026,sparse,26,260925026,nlmixr2_saem,1,theta_CL,3.99775631161265,4.0,-0.0005609220968374462,3.663605440178297,4.362384483810839,1,5.13999999999999
1cmt_iv__sparse__026,sparse,26,260925026,nlmixr2_saem,1,theta_V,42.4041736152315,40.0,0.06010434038078749,39.2869943967212,45.76868166175527,1,5.13999999999999
1cmt_iv__sparse__026,sparse,26,260925026,nlmixr2_saem,1,omega_CL,0.0517257181963079,0.09,-0.42526979781880114,,,,5.13999999999999
1cmt_iv__sparse__026,sparse,26,260925026,nlmixr2_saem,1,omega_V,0.0308763826735344,0.04,-0.22809043316164004,,,,5.13999999999999
1cmt_iv__sparse__026,sparse,26,260925026,nlmixr2_saem,1,sigma_prop,0.175484363413325,0.15,0.1698957560888333,,,,5.13999999999999
1cmt_iv__sparse__026,sparse,26,260925026,pkpy2,1,theta_CL,3.9988558396922054,4.0,-0.0002860400769486571,3.6567924714445024,4.37291647024305,1,7.096131199999945
1cmt_iv__sparse__026,sparse,26,260925026,pkpy2,1,theta_V,42.45978564471358,40.0,0.06149464111783942,38.91245596892145,46.330496292367414,1,7.096131199999945
1cmt_iv__sparse__026,sparse,26,260925026,pkpy2,1,omega_CL,0.05157508871446782,0.09,-0.42694345872813527,,,,7.096131199999945
1cmt_iv__sparse__026,sparse,26,260925026,pkpy2,1,omega_V,0.035997143603950496,0.04,-0.10007140990123761,,,,7.096131199999945
1cmt_iv__sparse__026,sparse,26,260925026,pkpy2,1,sigma_prop,0.1706569069365181,0.15,0.13771271291012077,,,,7.096131199999945
1cmt_iv__sparse__026,sparse,26,260925026,saemix,1,theta_CL,4.01200621888349,4.0,0.0030015547208726012,3.6723869072059854,4.383033244339186,1,1.05999999999995
1cmt_iv__sparse__026,sparse,26,260925026,saemix,1,theta_V,42.6418766394351,40.0,0.06604691598587742,39.12584237636913,46.47387846225693,1,1.05999999999995
1cmt_iv__sparse__026,sparse,26,260925026,saemix,1,omega_CL,0.0506694781958856,0.09,-0.4370057978234933,,,,1.05999999999995
1cmt_iv__sparse__026,sparse,26,260925026,saemix,1,omega_V,0.0357805471266239,0.04,-0.10548632183440247,,,,1.05999999999995
1cmt_iv__sparse__026,sparse,26,260925026,saemix,1,sigma_prop,0.170184317758811,0.15,0.1345621183920733,,,,1.05999999999995
1cmt_iv__sparse__027,sparse,27,260925027,nlmixr2_focei,1,theta_CL,3.60484753138903,4.0,-0.0987881171527425,3.2780868728863384,3.964179787926005,0,2.11000000000001
1cmt_iv__sparse__027,sparse,27,260925027,nlmixr2_focei,1,theta_V,41.5977623197781,40.0,0.03994405799445246,38.136800295481066,45.372810949160495,1,2.11000000000001
1cmt_iv__sparse__027,sparse,27,260925027,nlmixr2_focei,1,omega_CL,0.0652833680283728,0.09,-0.2746292441291911,,,,2.11000000000001
1cmt_iv__sparse__027,sparse,27,260925027,nlmixr2_focei,1,omega_V,0.0446269290656669,0.04,0.11567322664167243,,,,2.11000000000001
1cmt_iv__sparse__027,sparse,27,260925027,nlmixr2_focei,1,sigma_prop,0.136389371630956,0.15,-0.09073752246029336,,,,2.11000000000001
1cmt_iv__sparse__027,sparse,27,260925027,nlmixr2_saem,1,theta_CL,3.53308064120538,4.0,-0.11672983969865502,3.212577695565941,3.8855585763696907,0,5.02999999999997
1cmt_iv__sparse__027,sparse,27,260925027,nlmixr2_saem,1,theta_V,41.1659288437846,40.0,0.029148221094614967,37.91189075339829,44.699266216883046,1,5.02999999999997
1cmt_iv__sparse__027,sparse,27,260925027,nlmixr2_saem,1,omega_CL,0.0653014632512641,0.09,-0.27442818609706554,,,,5.02999999999997
1cmt_iv__sparse__027,sparse,27,260925027,nlmixr2_saem,1,omega_V,0.0433891313501931,0.04,0.08472828375482751,,,,5.02999999999997
1cmt_iv__sparse__027,sparse,27,260925027,nlmixr2_saem,1,sigma_prop,0.140053459598792,0.15,-0.06631026934138659,,,,5.02999999999997
1cmt_iv__sparse__027,sparse,27,260925027,pkpy2,1,theta_CL,3.5384360350365793,4.0,-0.11539099124085517,3.21065937562931,3.899675458905161,0,8.403495999998995
1cmt_iv__sparse__027,sparse,27,260925027,pkpy2,1,theta_V,41.198597349350784,40.0,0.029964933733769607,37.800210818415195,44.902512097288216,1,8.403495999998995
1cmt_iv__sparse__027,sparse,27,260925027,pkpy2,1,omega_CL,0.0663113149205905,0.09,-0.26320761199343884,,,,8.403495999998995
1cmt_iv__sparse__027,sparse,27,260925027,pkpy2,1,omega_V,0.043437091268597426,0.04,0.08592728171493563,,,,8.403495999998995
1cmt_iv__sparse__027,sparse,27,260925027,pkpy2,1,sigma_prop,0.1374238759930047,0.15,-0.08384082671330192,,,,8.403495999998995
1cmt_iv__sparse__027,sparse,27,260925027,saemix,1,theta_CL,3.54548342596662,4.0,-0.11362914350834497,3.2161673578198897,3.9085194659537263,0,1
1cmt_iv__sparse__027,sparse,27,260925027,saemix,1,theta_V,41.2934432023627,40.0,0.03233608005906756,37.869981140127926,45.026387660381985,1,1
1cmt_iv__sparse__027,sparse,27,260925027,saemix,1,omega_CL,0.0669966509933624,0.09,-0.2555927667404178,,,,1
1cmt_iv__sparse__027,sparse,27,260925027,saemix,1,omega_V,0.0443289361907766,0.04,0.10822340476941503,,,,1
1cmt_iv__sparse__027,sparse,27,260925027,saemix,1,sigma_prop,0.13631254563056,0.15,-0.09124969579626663,,,,1
1cmt_iv__sparse__028,sparse,28,260925028,nlmixr2_focei,1,theta_CL,4.07726902557138,4.0,0.019317256392844984,3.5350904841522013,4.702601752744286,1,2.22000000000003
1cmt_iv__sparse__028,sparse,28,260925028,nlmixr2_focei,1,theta_V,41.7031646008013,40.0,0.04257911502003253,38.62050182514877,45.03188346944342,1,2.22000000000003
1cmt_iv__sparse__028,sparse,28,260925028,nlmixr2_focei,1,omega_CL,0.14186525300972,0.09,0.5762805889968889,,,,2.22000000000003
1cmt_iv__sparse__028,sparse,28,260925028,nlmixr2_focei,1,omega_V,0.0329431536615342,0.04,-0.17642115846164505,,,,2.22000000000003
1cmt_iv__sparse__028,sparse,28,260925028,nlmixr2_focei,1,sigma_prop,0.138813816605127,0.15,-0.0745745559658199,,,,2.22000000000003
1cmt_iv__sparse__028,sparse,28,260925028,nlmixr2_saem,1,theta_CL,4.00851496085592,4.0,0.0021287402139800182,3.488241091411539,4.606388082225028,1,4.88
1cmt_iv__sparse__028,sparse,28,260925028,nlmixr2_saem,1,theta_V,41.5094185942159,40.0,0.03773546485539754,38.70013202999992,44.52263446269799,1,4.88
1cmt_iv__sparse__028,sparse,28,260925028,nlmixr2_saem,1,omega_CL,0.145744313291063,0.09,0.6193812587895888,,,,4.88
1cmt_iv__sparse__028,sparse,28,260925028,nlmixr2_saem,1,omega_V,0.0290667010391189,0.04,-0.27333247402202754,,,,4.88
1cmt_iv__sparse__028,sparse,28,260925028,nlmixr2_saem,1,sigma_prop,0.144509165635927,0.15,-0.03660556242715329,,,,4.88
1cmt_iv__sparse__028,sparse,28,260925028,pkpy2,1,theta_CL,4.003762837158495,4.0,0.0009407092896236424,3.481703132585616,4.604102143627334,1,9.82668339999509
1cmt_iv__sparse__028,sparse,28,260925028,pkpy2,1,theta_V,41.33640774223208,40.0,0.03341019355580208,38.25208894798289,44.669419423227794,1,9.82668339999509
1cmt_iv__sparse__028,sparse,28,260925028,pkpy2,1,omega_CL,0.14479720298946647,0.09,0.6088578109940719,,,,9.82668339999509
1cmt_iv__sparse__028,sparse,28,260925028,pkpy2,1,omega_V,0.03179625657094979,0.04,-0.20509358572625527,,,,9.82668339999509
1cmt_iv__sparse__028,sparse,28,260925028,pkpy2,1,sigma_prop,0.1400111229537395,0.15,-0.06659251364173668,,,,9.82668339999509
1cmt_iv__sparse__028,sparse,28,260925028,saemix,1,theta_CL,4.01180874106876,4.0,0.0029521852671900994,3.4851574052337106,4.6180437505480265,1,1.13999999999999
1cmt_iv__sparse__028,sparse,28,260925028,saemix,1,theta_V,41.3335581130234,40.0,0.03333895282558501,38.311284982811586,44.594250154991855,1,1.13999999999999
1cmt_iv__sparse__028,sparse,28,260925028,saemix,1,omega_CL,0.147046900252778,0.09,0.6338544472530889,,,,1.13999999999999
1cmt_iv__sparse__028,sparse,28,260925028,saemix,1,omega_V,0.0300479591449268,0.04,-0.24880102137683005,,,,1.13999999999999
1cmt_iv__sparse__028,sparse,28,260925028,saemix,1,sigma_prop,0.13994514927247,0.15,-0.06703233818353324,,,,1.13999999999999
1cmt_iv__sparse__029,sparse,29,260925029,nlmixr2_focei,1,theta_CL,4.25991080696436,4.0,0.06497770174108997,3.8857497713473146,4.670100019590209,1,2.13
1cmt_iv__sparse__029,sparse,29,260925029,nlmixr2_focei,1,theta_V,41.00661293942,40.0,0.025165323485500046,37.73028935685179,44.56743728783625,1,2.13
1cmt_iv__sparse__029,sparse,29,260925029,nlmixr2_focei,1,omega_CL,0.0562512211214586,0.09,-0.37498643198379333,,,,2.13
1cmt_iv__sparse__029,sparse,29,260925029,nlmixr2_focei,1,omega_V,0.0476634197018724,0.04,0.19158549254680995,,,,2.13
1cmt_iv__sparse__029,sparse,29,260925029,nlmixr2_focei,1,sigma_prop,0.132796574268986,0.15,-0.11468950487342663,,,,2.13
1cmt_iv__sparse__029,sparse,29,260925029,nlmixr2_saem,1,theta_CL,4.19024143194745,4.0,0.04756035798686242,3.835217086005195,4.578130224252248,1,5.06000000000006
1cmt_iv__sparse__029,sparse,29,260925029,nlmixr2_saem,1,theta_V,40.614033011879,40.0,0.015350825296975045,37.34237658289045,44.17232721727106,1,5.06000000000006
1cmt_iv__sparse__029,sparse,29,260925029,nlmixr2_saem,1,omega_CL,0.057263715241291,0.09,-0.3637364973189889,,,,5.06000000000006
1cmt_iv__sparse__029,sparse,29,260925029,nlmixr2_saem,1,omega_V,0.046851291362691,0.04,0.17128228406727494,,,,5.06000000000006
1cmt_iv__sparse__029,sparse,29,260925029,nlmixr2_saem,1,sigma_prop,0.133369407134751,0.15,-0.11087061910165989,,,,5.06000000000006
1cmt_iv__sparse__029,sparse,29,260925029,pkpy2,1,theta_CL,4.190704384428059,4.0,0.04767609610701484,3.8271777600700836,4.588760788927391,1,7.39160119999724
1cmt_iv__sparse__029,sparse,29,260925029,pkpy2,1,theta_V,40.63173880350525,40.0,0.015793470087631257,37.201000446728486,44.37886557810195,1,7.39160119999724
1cmt_iv__sparse__029,sparse,29,260925029,pkpy2,1,omega_CL,0.05762210571971364,0.09,-0.3597543808920706,,,,7.39160119999724
1cmt_iv__sparse__029,sparse,29,260925029,pkpy2,1,omega_V,0.04692641933004149,0.04,0.17316048325103725,,,,7.39160119999724
1cmt_iv__sparse__029,sparse,29,260925029,pkpy2,1,sigma_prop,0.13356032215604458,0.15,-0.10959785229303613,,,,7.39160119999724
1cmt_iv__sparse__029,sparse,29,260925029,saemix,1,theta_CL,4.21009322065729,4.0,0.052523305164322576,3.8451016984522446,4.609731111600823,1,1.55000000000007
1cmt_iv__sparse__029,sparse,29,260925029,saemix,1,theta_V,40.8675406309188,40.0,0.021688515772970086,37.470283062996906,44.57281185764864,1,1.55000000000007
1cmt_iv__sparse__029,sparse,29,260925029,saemix,1,omega_CL,0.0573870435770516,0.09,-0.3623661824772044,,,,1.55000000000007
1cmt_iv__sparse__029,sparse,29,260925029,saemix,1,omega_V,0.0446202641768458,0.04,0.11550660442114502,,,,1.55000000000007
1cmt_iv__sparse__029,sparse,29,260925029,saemix,1,sigma_prop,0.136360083553049,0.15,-0.09093277631300671,,,,1.55000000000007
1cmt_iv__sparse__030,sparse,30,260925030,nlmixr2_focei,1,theta_CL,4.24417837111589,4.0,0.06104459277897245,3.8999461047541684,4.618794609466372,1,1.94999999999993
1cmt_iv__sparse__030,sparse,30,260925030,nlmixr2_focei,1,theta_V,39.1833170667646,40.0,-0.02041707333088496,35.677085633171444,43.0341298653358,1,1.94999999999993
1cmt_iv__sparse__030,sparse,30,260925030,nlmixr2_focei,1,omega_CL,0.0543989960505179,0.09,-0.3955667105498011,,,,1.94999999999993
1cmt_iv__sparse__030,sparse,30,260925030,nlmixr2_focei,1,omega_V,0.0252622684163507,0.04,-0.36844328959123246,,,,1.94999999999993
1cmt_iv__sparse__030,sparse,30,260925030,nlmixr2_focei,1,sigma_prop,0.168576025566803,0.15,0.12384017044535345,,,,1.94999999999993
1cmt_iv__sparse__030,sparse,30,260925030,nlmixr2_saem,1,theta_CL,4.16339305288445,4.0,0.04084826322111246,3.8072608239551617,4.552837988861317,1,5.06000000000006
1cmt_iv__sparse__030,sparse,30,260925030,nlmixr2_saem,1,theta_V,39.0307030161127,40.0,-0.024232424597182424,36.44627068208227,41.798399381391896,1,5.06000000000006
1cmt_iv__sparse__030,sparse,30,260925030,nlmixr2_saem,1,omega_CL,0.055769923278586,0.09,-0.3803341857934889,,,,5.06000000000006
1cmt_iv__sparse__030,sparse,30,260925030,nlmixr2_saem,1,omega_V,0.0251550999856022,0.04,-0.371122500359945,,,,5.06000000000006
1cmt_iv__sparse__030,sparse,30,260925030,nlmixr2_saem,1,sigma_prop,0.170867583424887,0.15,0.13911722283258007,,,,5.06000000000006
1cmt_iv__sparse__030,sparse,30,260925030,pkpy2,1,theta_CL,4.1590081269164765,4.0,0.03975203172911912,3.793693854676849,4.559500387315967,1,10.700589899992337
1cmt_iv__sparse__030,sparse,30,260925030,pkpy2,1,theta_V,38.888576664398244,40.0,-0.02778558339004391,35.97789352151327,42.03473986264578,1,10.700589899992337
1cmt_iv__sparse__030,sparse,30,260925030,pkpy2,1,omega_CL,0.05524570735999957,0.09,-0.3861588071111159,,,,10.700589899992337
1cmt_iv__sparse__030,sparse,30,260925030,pkpy2,1,omega_V,0.024740954736897542,0.04,-0.38147613157756144,,,,10.700589899992337
1cmt_iv__sparse__030,sparse,30,260925030,pkpy2,1,sigma_prop,0.1694814450313077,0.15,0.12987630020871796,,,,10.700589899992337
1cmt_iv__sparse__030,sparse,30,260925030,saemix,1,theta_CL,4.16963899416139,4.0,0.0424097485403474,3.8098181968608076,4.563443304448683,1,1.07999999999993
1cmt_iv__sparse__030,sparse,30,260925030,saemix,1,theta_V,38.9580824423448,40.0,-0.026047938941380088,36.02949988927056,42.124708703950354,1,1.07999999999993
1cmt_iv__sparse__030,sparse,30,260925030,saemix,1,omega_CL,0.0527472930330743,0.09,-0.4139189662991744,,,,1.07999999999993
1cmt_iv__sparse__030,sparse,30,260925030,saemix,1,omega_V,0.0250473412297829,0.04,-0.37381646925542755,,,,1.07999999999993
1cmt_iv__sparse__030,sparse,30,260925030,saemix,1,sigma_prop,0.172504329749559,0.15,0.1500288649970601,,,,1.07999999999993
1cmt_iv__sparse__031,sparse,31,260925031,nlmixr2_focei,1,theta_CL,3.97472970437234,4.0,-0.006317573906915008,3.559811656362609,4.438009015050701,1,2.13999999999999
1cmt_iv__sparse__031,sparse,31,260925031,nlmixr2_focei,1,theta_V,42.4797882148824,40.0,0.061994705372059936,39.71597210223149,45.43593701134339,1,2.13999999999999
1cmt_iv__sparse__031,sparse,31,260925031,nlmixr2_focei,1,omega_CL,0.0863481242042203,0.09,-0.040576397730885456,,,,2.13999999999999
1cmt_iv__sparse__031,sparse,31,260925031,nlmixr2_focei,1,omega_V,0.0177565645578122,0.04,-0.556085886054695,,,,2.13999999999999
1cmt_iv__sparse__031,sparse,31,260925031,nlmixr2_focei,1,sigma_prop,0.15783433182118,0.15,0.05222887880786675,,,,2.13999999999999
1cmt_iv__sparse__031,sparse,31,260925031,nlmixr2_saem,1,theta_CL,3.89592181008578,4.0,-0.02601954747855495,3.4898755909822694,4.349211413014859,1,4.90000000000009
1cmt_iv__sparse__031,sparse,31,260925031,nlmixr2_saem,1,theta_V,42.2213058828885,40.0,0.055532647072212525,39.77889443980258,44.81368061030713,1,4.90000000000009
1cmt_iv__sparse__031,sparse,31,260925031,nlmixr2_saem,1,omega_CL,0.0887060801323728,0.09,-0.014376887418079964,,,,4.90000000000009
1cmt_iv__sparse__031,sparse,31,260925031,nlmixr2_saem,1,omega_V,0.0178090057835069,0.04,-0.5547748554123275,,,,4.90000000000009
1cmt_iv__sparse__031,sparse,31,260925031,nlmixr2_saem,1,sigma_prop,0.157989356156107,0.15,0.053262374374046795,,,,4.90000000000009
1cmt_iv__sparse__031,sparse,31,260925031,pkpy2,1,theta_CL,3.8975257647446817,4.0,-0.025618558813829573,3.4863328483554996,4.357216521656577,1,7.576738099989598
1cmt_iv__sparse__031,sparse,31,260925031,pkpy2,1,theta_V,42.18895109314716,40.0,0.054723777328679016,39.386499425534204,45.19080447108868,1,7.576738099989598
1cmt_iv__sparse__031,sparse,31,260925031,pkpy2,1,omega_CL,0.08799695519041167,0.09,-0.02225605343987025,,,,7.576738099989598
1cmt_iv__sparse__031,sparse,31,260925031,pkpy2,1,omega_V,0.01774727717291349,0.04,-0.5563180706771628,,,,7.576738099989598
1cmt_iv__sparse__031,sparse,31,260925031,pkpy2,1,sigma_prop,0.15790359759722009,0.15,0.05269065064813394,,,,7.576738099989598
1cmt_iv__sparse__031,sparse,31,260925031,saemix,1,theta_CL,3.90035319757133,4.0,-0.02491170060716752,3.492547613133979,4.355775998184313,1,1.30000000000007
1cmt_iv__sparse__031,sparse,31,260925031,saemix,1,theta_V,42.1236153440485,40.0,0.053090383601212564,39.37081687363813,45.06888885105808,1,1.30000000000007
1cmt_iv__sparse__031,sparse,31,260925031,saemix,1,omega_CL,0.0860486480029796,0.09,-0.043903911078004475,,,,1.30000000000007
1cmt_iv__sparse__031,sparse,31,260925031,saemix,1,omega_V,0.0159260582980636,0.04,-0.60184854254841,,,,1.30000000000007
1cmt_iv__sparse__031,sparse,31,260925031,saemix,1,sigma_prop,0.160696026242758,0.15,0.07130684161838671,,,,1.30000000000007
1cmt_iv__sparse__032,sparse,32,260925032,nlmixr2_focei,1,theta_CL,4.32659881104641,4.0,0.08164970276160255,3.9037760327798643,4.795218043904571,1,2.04000000000008
1cmt_iv__sparse__032,sparse,32,260925032,nlmixr2_focei,1,theta_V,40.3321431586255,40.0,0.00830357896563747,37.053229410846804,43.9012144860894,1,2.04000000000008
1cmt_iv__sparse__032,sparse,32,260925032,nlmixr2_focei,1,omega_CL,0.0663793577999109,0.09,-0.26245158000098995,,,,2.04000000000008
1cmt_iv__sparse__032,sparse,32,260925032,nlmixr2_focei,1,omega_V,0.0392237615513411,0.04,-0.019405961216472506,,,,2.04000000000008
1cmt_iv__sparse__032,sparse,32,260925032,nlmixr2_focei,1,sigma_prop,0.136122056987938,0.15,-0.0925196200804133,,,,2.04000000000008
1cmt_iv__sparse__032,sparse,32,260925032,nlmixr2_saem,1,theta_CL,4.25332631570666,4.0,0.06333157892666508,3.8663608316642186,4.679021316304789,1,4.91999999999996
1cmt_iv__sparse__032,sparse,32,260925032,nlmixr2_saem,1,theta_V,39.9737549506546,40.0,-0.0006561262336349571,37.015335028700854,43.16862412878357,1,4.91999999999996
1cmt_iv__sparse__032,sparse,32,260925032,nlmixr2_saem,1,omega_CL,0.0663412942863336,0.09,-0.2628745079296266,,,,4.91999999999996
1cmt_iv__sparse__032,sparse,32,260925032,nlmixr2_saem,1,omega_V,0.0362135544851602,0.04,-0.09466113787099505,,,,4.91999999999996
1cmt_iv__sparse__032,sparse,32,260925032,nlmixr2_saem,1,sigma_prop,0.140682222610551,0.15,-0.06211851592966,,,,4.91999999999996
1cmt_iv__sparse__032,sparse,32,260925032,pkpy2,1,theta_CL,4.253535557568141,4.0,0.06338388939203532,3.8595452638113454,4.6877451883100605,1,7.097286599993822
1cmt_iv__sparse__032,sparse,32,260925032,pkpy2,1,theta_V,40.006956109907556,40.0,0.00017390274768889214,36.808196798054624,43.48369864357663,1,7.097286599993822
1cmt_iv__sparse__032,sparse,32,260925032,pkpy2,1,omega_CL,0.06689162515830341,0.09,-0.2567597204632954,,,,7.097286599993822
1cmt_iv__sparse__032,sparse,32,260925032,pkpy2,1,omega_V,0.03939933881252602,0.04,-0.015016529686849578,,,,7.097286599993822
1cmt_iv__sparse__032,sparse,32,260925032,pkpy2,1,sigma_prop,0.13625639343267482,0.15,-0.09162404378216786,,,,7.097286599993822
1cmt_iv__sparse__032,sparse,32,260925032,saemix,1,theta_CL,4.25781528623836,4.0,0.06445382155959001,3.8677419344701094,4.687228703175815,1,1.10000000000002
1cmt_iv__sparse__032,sparse,32,260925032,saemix,1,theta_V,40.0531394639629,40.0,0.001328486599072498,36.9521208182842,43.41439531464903,1,1.10000000000002
1cmt_iv__sparse__032,sparse,32,260925032,saemix,1,omega_CL,0.0649288787886393,0.09,-0.2785680134595633,,,,1.10000000000002
1cmt_iv__sparse__032,sparse,32,260925032,saemix,1,omega_V,0.0355159960337055,0.04,-0.11210009915736258,,,,1.10000000000002
1cmt_iv__sparse__032,sparse,32,260925032,saemix,1,sigma_prop,0.14093033508124,0.15,-0.06046443279173327,,,,1.10000000000002
1cmt_iv__sparse__033,sparse,33,260925033,nlmixr2_focei,1,theta_CL,4.5376950145003,4.0,0.13442375362507497,4.133385888405324,4.981551831969127,0,1.86000000000001
1cmt_iv__sparse__033,sparse,33,260925033,nlmixr2_focei,1,theta_V,40.4753276726414,40.0,0.011883191816034967,37.43638614316016,43.76095876196128,1,1.86000000000001
1cmt_iv__sparse__033,sparse,33,260925033,nlmixr2_focei,1,omega_CL,0.0610448907198325,0.09,-0.3217234364463056,,,,1.86000000000001
1cmt_iv__sparse__033,sparse,33,260925033,nlmixr2_focei,1,omega_V,0.0304361014756799,0.04,-0.23909746310800256,,,,1.86000000000001
1cmt_iv__sparse__033,sparse,33,260925033,nlmixr2_focei,1,sigma_prop,0.157054827982316,0.15,0.04703218654877328,,,,1.86000000000001
1cmt_iv__sparse__033,sparse,33,260925033,nlmixr2_saem,1,theta_CL,4.45754961089143,4.0,0.11438740272285752,4.058820345416386,4.8954491311735895,0,4.88
1cmt_iv__sparse__033,sparse,33,260925033,nlmixr2_saem,1,theta_V,40.1655922045696,40.0,0.00413980511423997,37.391036736131596,43.14603011755614,1,4.88
1cmt_iv__sparse__033,sparse,33,260925033,nlmixr2_saem,1,omega_CL,0.0626805759150897,0.09,-0.3035491564990033,,,,4.88
1cmt_iv__sparse__033,sparse,33,260925033,nlmixr2_saem,1,omega_V,0.0285563078807627,0.04,-0.2860923029809326,,,,4.88
1cmt_iv__sparse__033,sparse,33,260925033,nlmixr2_saem,1,sigma_prop,0.160703273573046,0.15,0.07135515715364009,,,,4.88
1cmt_iv__sparse__033,sparse,33,260925033,pkpy2,1,theta_CL,4.454615477738929,4.0,0.11365386943473221,4.047207482146765,4.903034781894988,0,7.275515200002701
1cmt_iv__sparse__033,sparse,33,260925033,pkpy2,1,theta_V,40.10539481189158,40.0,0.00263487029728946,37.03458161327227,43.43083202109873,1,7.275515200002701
1cmt_iv__sparse__033,sparse,33,260925033,pkpy2,1,omega_CL,0.06263271528614749,0.09,-0.3040809412650279,,,,7.275515200002701
1cmt_iv__sparse__033,sparse,33,260925033,pkpy2,1,omega_V,0.030060688547315872,0.04,-0.24848278631710322,,,,7.275515200002701
1cmt_iv__sparse__033,sparse,33,260925033,pkpy2,1,sigma_prop,0.15763848016274581,0.15,0.050923201084972135,,,,7.275515200002701
1cmt_iv__sparse__033,sparse,33,260925033,saemix,1,theta_CL,4.47641132415345,4.0,0.11910283103836261,4.0695136628188395,4.923993381835534,0,1.01999999999998
1cmt_iv__sparse__033,sparse,33,260925033,saemix,1,theta_V,40.3629879642587,40.0,0.009074699106467498,37.290807618302544,43.6882680063836,1,1.01999999999998
1cmt_iv__sparse__033,sparse,33,260925033,saemix,1,omega_CL,0.061831439086621,0.09,-0.31298401014865557,,,,1.01999999999998
1cmt_iv__sparse__033,sparse,33,260925033,saemix,1,omega_V,0.0298419752685746,0.04,-0.25395061828563503,,,,1.01999999999998
1cmt_iv__sparse__033,sparse,33,260925033,saemix,1,sigma_prop,0.158105390262464,0.15,0.05403593508309342,,,,1.01999999999998
1cmt_iv__sparse__034,sparse,34,260925034,nlmixr2_focei,1,theta_CL,4.00975438882165,4.0,0.002438597205412396,3.6142814918283355,4.448499735016801,1,1.83999999999992
1cmt_iv__sparse__034,sparse,34,260925034,nlmixr2_focei,1,theta_V,39.8969604684191,40.0,-0.002575988289522435,36.733428570253245,43.33293995615784,1,1.83999999999992
1cmt_iv__sparse__034,sparse,34,260925034,nlmixr2_focei,1,omega_CL,0.0754267854952271,0.09,-0.16192460560858768,,,,1.83999999999992
1cmt_iv__sparse__034,sparse,34,260925034,nlmixr2_focei,1,omega_V,0.0361339795836109,0.04,-0.09665051040972754,,,,1.83999999999992
1cmt_iv__sparse__034,sparse,34,260925034,nlmixr2_focei,1,sigma_prop,0.145050490157854,0.15,-0.03299673228097322,,,,1.83999999999992
1cmt_iv__sparse__034,sparse,34,260925034,nlmixr2_saem,1,theta_CL,3.93515158556155,4.0,-0.01621210360961245,3.550667068142277,4.361270066767936,1,5.01999999999998
1cmt_iv__sparse__034,sparse,34,260925034,nlmixr2_saem,1,theta_V,39.5656675947077,40.0,-0.010858310132307558,36.714377762314285,42.63839257604854,1,5.01999999999998
1cmt_iv__sparse__034,sparse,34,260925034,nlmixr2_saem,1,omega_CL,0.0774732544129284,0.09,-0.13918606207857326,,,,5.01999999999998
1cmt_iv__sparse__034,sparse,34,260925034,nlmixr2_saem,1,omega_V,0.034080072588146,0.04,-0.14799818529635,,,,5.01999999999998
1cmt_iv__sparse__034,sparse,34,260925034,nlmixr2_saem,1,sigma_prop,0.149281674262104,0.15,-0.004788838252639908,,,,5.01999999999998
1cmt_iv__sparse__034,sparse,34,260925034,pkpy2,1,theta_CL,3.9334965001091042,4.0,-0.016625874972723942,3.543205033145581,4.366779390871014,1,7.063692099996842
1cmt_iv__sparse__034,sparse,34,260925034,pkpy2,1,theta_V,39.54621445197686,40.0,-0.011344638700578535,36.41153242352951,42.95076239282731,1,7.063692099996842
1cmt_iv__sparse__034,sparse,34,260925034,pkpy2,1,omega_CL,0.07735941987658011,0.09,-0.14045089026022095,,,,7.063692099996842
1cmt_iv__sparse__034,sparse,34,260925034,pkpy2,1,omega_V,0.036263601135256555,0.04,-0.09340997161858614,,,,7.063692099996842
1cmt_iv__sparse__034,sparse,34,260925034,pkpy2,1,sigma_prop,0.1455469252184198,0.15,-0.029687165210534605,,,,7.063692099996842
1cmt_iv__sparse__034,sparse,34,260925034,saemix,1,theta_CL,3.94197508343519,4.0,-0.014506229141202476,3.553020933414706,4.373508585970988,1,1.46000000000004
1cmt_iv__sparse__034,sparse,34,260925034,saemix,1,theta_V,39.5290271077821,40.0,-0.011774322305447527,36.43560344697641,42.885085912236725,1,1.46000000000004
1cmt_iv__sparse__034,sparse,34,260925034,saemix,1,omega_CL,0.0768292890616764,0.09,-0.14634123264804003,,,,1.46000000000004
1cmt_iv__sparse__034,sparse,34,260925034,saemix,1,omega_V,0.0362588993457855,0.04,-0.09352751635536248,,,,1.46000000000004
1cmt_iv__sparse__034,sparse,34,260925034,saemix,1,sigma_prop,0.142839132472286,0.15,-0.04773911685142666,,,,1.46000000000004
1cmt_iv__sparse__035,sparse,35,260925035,nlmixr2_focei,1,theta_CL,4.61129928208928,4.0,0.15282482052231994,4.080621542410221,5.21099073952285,0,2.11000000000001
1cmt_iv__sparse__035,sparse,35,260925035,nlmixr2_focei,1,theta_V,40.3440834569108,40.0,0.00860208642277005,37.03918455061018,43.943868897928276,1,2.11000000000001
1cmt_iv__sparse__035,sparse,35,260925035,nlmixr2_focei,1,omega_CL,0.120238203880321,0.09,0.33598004311467783,,,,2.11000000000001
1cmt_iv__sparse__035,sparse,35,260925035,nlmixr2_focei,1,omega_V,0.037327351023403,0.04,-0.06681622441492494,,,,2.11000000000001
1cmt_iv__sparse__035,sparse,35,260925035,nlmixr2_focei,1,sigma_prop,0.170780694706865,0.15,0.13853796471243335,,,,2.11000000000001
1cmt_iv__sparse__035,sparse,35,260925035,nlmixr2_saem,1,theta_CL,4.50096987019201,4.0,0.1252424675480024,3.951474467736188,5.126878570971145,1,5.11000000000001
1cmt_iv__sparse__035,sparse,35,260925035,nlmixr2_saem,1,theta_V,39.8206466188561,40.0,-0.004483834528597441,36.782845893349005,43.10933150038116,1,5.11000000000001
1cmt_iv__sparse__035,sparse,35,260925035,nlmixr2_saem,1,omega_CL,0.124646412343454,0.09,0.38496013714948896,,,,5.11000000000001
1cmt_iv__sparse__035,sparse,35,260925035,nlmixr2_saem,1,omega_V,0.0343034036123375,0.04,-0.14241490969156242,,,,5.11000000000001
1cmt_iv__sparse__035,sparse,35,260925035,nlmixr2_saem,1,sigma_prop,0.175120422394424,0.15,0.16746948262949332,,,,5.11000000000001
1cmt_iv__sparse__035,sparse,35,260925035,pkpy2,1,theta_CL,4.505513088989568,4.0,0.12637827224739206,3.9501816578727342,5.138915106498712,1,10.189008900008048
1cmt_iv__sparse__035,sparse,35,260925035,pkpy2,1,theta_V,39.92959921526085,40.0,-0.0017600196184787364,36.5480589182192,43.62401015766573,1,10.189008900008048
1cmt_iv__sparse__035,sparse,35,260925035,pkpy2,1,omega_CL,0.12357044611246777,0.09,0.3730049568051975,,,,10.189008900008048
1cmt_iv__sparse__035,sparse,35,260925035,pkpy2,1,omega_V,0.037632177682569094,0.04,-0.059195557935772664,,,,10.189008900008048
1cmt_iv__sparse__035,sparse,35,260925035,pkpy2,1,sigma_prop,0.1709758571567179,0.15,0.1398390477114527,,,,10.189008900008048
1cmt_iv__sparse__035,sparse,35,260925035,saemix,1,theta_CL,4.51425561342527,4.0,0.1285639033563175,3.960711218010304,5.145162730035862,1,1.31000000000006
1cmt_iv__sparse__035,sparse,35,260925035,saemix,1,theta_V,39.9187129679243,40.0,-0.0020321758018924997,36.60707003781886,43.5299422589482,1,1.31000000000006
1cmt_iv__sparse__035,sparse,35,260925035,saemix,1,omega_CL,0.122938841084477,0.09,0.36598712316085563,,,,1.31000000000006
1cmt_iv__sparse__035,sparse,35,260925035,saemix,1,omega_V,0.0371936046113603,0.04,-0.0701598847159925,,,,1.31000000000006
1cmt_iv__sparse__035,sparse,35,260925035,saemix,1,sigma_prop,0.167337340037976,0.15,0.11558226691984012,,,,1.31000000000006
1cmt_iv__sparse__036,sparse,36,260925036,nlmixr2_focei,1,theta_CL,4.18082622372812,4.0,0.045206555932030046,3.7678930956531005,4.639013758956713,1,2.01999999999998
1cmt_iv__sparse__036,sparse,36,260925036,nlmixr2_focei,1,theta_V,41.6522890106125,40.0,0.041307225265312476,38.30376386665502,45.29354310618813,1,2.01999999999998
1cmt_iv__sparse__036,sparse,36,260925036,nlmixr2_focei,1,omega_CL,0.0761495201398177,0.09,-0.1538942206686922,,,,2.01999999999998
1cmt_iv__sparse__036,sparse,36,260925036,nlmixr2_focei,1,omega_V,0.0409686747430214,0.04,0.024216868575534928,,,,2.01999999999998
1cmt_iv__sparse__036,sparse,36,260925036,nlmixr2_focei,1,sigma_prop,0.13045813335359,0.15,-0.13027911097606668,,,,2.01999999999998
1cmt_iv__sparse__036,sparse,36,260925036,nlmixr2_saem,1,theta_CL,4.11177490744459,4.0,0.027943726861147544,3.710816159101021,4.556057795540798,1,5.21000000000004
1cmt_iv__sparse__036,sparse,36,260925036,nlmixr2_saem,1,theta_V,41.2669714718966,40.0,0.03167428679741509,38.12224873428806,44.67110390921516,1,5.21000000000004
1cmt_iv__sparse__036,sparse,36,260925036,nlmixr2_saem,1,omega_CL,0.0777403442522901,0.09,-0.1362183971967767,,,,5.21000000000004
1cmt_iv__sparse__036,sparse,36,260925036,nlmixr2_saem,1,omega_V,0.040438800315466,0.04,0.010970007886649917,,,,5.21000000000004
1cmt_iv__sparse__036,sparse,36,260925036,nlmixr2_saem,1,sigma_prop,0.133446788793793,0.15,-0.11035474137471339,,,,5.21000000000004
1cmt_iv__sparse__036,sparse,36,260925036,pkpy2,1,theta_CL,4.117385202688857,4.0,0.02934630067221433,3.7111864283541762,4.56804346389016,1,7.338351999991573
1cmt_iv__sparse__036,sparse,36,260925036,pkpy2,1,theta_V,41.28519828106299,40.0,0.03212995702657473,38.0045207758436,44.8490748550651,1,7.338351999991573
1cmt_iv__sparse__036,sparse,36,260925036,pkpy2,1,omega_CL,0.07776007643420947,0.09,-0.13599915073100585,,,,7.338351999991573
1cmt_iv__sparse__036,sparse,36,260925036,pkpy2,1,omega_V,0.04016413946235117,0.04,0.004103486558779297,,,,7.338351999991573
1cmt_iv__sparse__036,sparse,36,260925036,pkpy2,1,sigma_prop,0.13109122248726499,0.15,-0.12605851675156673,,,,7.338351999991573
1cmt_iv__sparse__036,sparse,36,260925036,saemix,1,theta_CL,4.13579434665301,4.0,0.03394858666325251,3.7254137984410387,4.5913812003823,1,1.12
1cmt_iv__sparse__036,sparse,36,260925036,saemix,1,theta_V,41.5462367155787,40.0,0.03865591788946752,38.24417275798572,45.13340623550229,1,1.12
1cmt_iv__sparse__036,sparse,36,260925036,saemix,1,omega_CL,0.0791763816436593,0.09,-0.12026242618156334,,,,1.12
1cmt_iv__sparse__036,sparse,36,260925036,saemix,1,omega_V,0.0411551180052392,0.04,0.02887795013098004,,,,1.12
1cmt_iv__sparse__036,sparse,36,260925036,saemix,1,sigma_prop,0.127387440098064,0.15,-0.15075039934624002,,,,1.12
1cmt_iv__sparse__037,sparse,37,260925037,nlmixr2_focei,1,theta_CL,4.11000015767192,4.0,0.02750003941798007,3.674660423057017,4.596914912211226,1,1.92999999999995
1cmt_iv__sparse__037,sparse,37,260925037,nlmixr2_focei,1,theta_V,40.2417555504994,40.0,0.006043888762484961,37.017446802178995,43.74690935439732,1,1.92999999999995
1cmt_iv__sparse__037,sparse,37,260925037,nlmixr2_focei,1,omega_CL,0.0886089236155378,0.09,-0.015456404271802258,,,,1.92999999999995
1cmt_iv__sparse__037,sparse,37,260925037,nlmixr2_focei,1,omega_V,0.0428475189079767,0.04,0.07118797269941753,,,,1.92999999999995
1cmt_iv__sparse__037,sparse,37,260925037,nlmixr2_focei,1,sigma_prop,0.150667214292058,0.15,0.004448095280386774,,,,1.92999999999995
1cmt_iv__sparse__037,sparse,37,260925037,nlmixr2_saem,1,theta_CL,4.03036249055154,4.0,0.007590622637885014,3.607191914767727,4.5031764843847455,1,5.43000000000006
1cmt_iv__sparse__037,sparse,37,260925037,nlmixr2_saem,1,theta_V,39.9541805595302,40.0,-0.0011454860117449783,36.807980617513856,43.369305172476025,1,5.43000000000006
1cmt_iv__sparse__037,sparse,37,260925037,nlmixr2_saem,1,omega_CL,0.0906050277222325,0.09,0.006722530247027823,,,,5.43000000000006
1cmt_iv__sparse__037,sparse,37,260925037,nlmixr2_saem,1,omega_V,0.04224224907083,0.04,0.05605622677074991,,,,5.43000000000006
1cmt_iv__sparse__037,sparse,37,260925037,nlmixr2_saem,1,sigma_prop,0.151990456116939,0.15,0.013269707446260104,,,,5.43000000000006
1cmt_iv__sparse__037,sparse,37,260925037,pkpy2,1,theta_CL,4.028102030910722,4.0,0.007025507727680402,3.5982465558201304,4.509309109233304,1,8.75179300000309
1cmt_iv__sparse__037,sparse,37,260925037,pkpy2,1,theta_V,39.84939945403138,40.0,-0.003765013649215554,36.50771713332875,43.49695794583818,1,8.75179300000309
1cmt_iv__sparse__037,sparse,37,260925037,pkpy2,1,omega_CL,0.09031362518366423,0.09,0.0034847242629359393,,,,8.75179300000309
1cmt_iv__sparse__037,sparse,37,260925037,pkpy2,1,omega_V,0.04232297847160334,0.04,0.0580744617900834,,,,8.75179300000309
1cmt_iv__sparse__037,sparse,37,260925037,pkpy2,1,sigma_prop,0.1514210172040539,0.15,0.009473448027026063,,,,8.75179300000309
1cmt_iv__sparse__037,sparse,37,260925037,saemix,1,theta_CL,4.03073098378379,4.0,0.007682745945947422,3.607215338894473,4.503970719035005,1,1.42000000000007
1cmt_iv__sparse__037,sparse,37,260925037,saemix,1,theta_V,39.8597824799257,40.0,-0.0035054380018575415,36.45348184631094,43.584376001322276,1,1.42000000000007
1cmt_iv__sparse__037,sparse,37,260925037,saemix,1,omega_CL,0.0872255842451317,0.09,-0.030826841720758835,,,,1.42000000000007
1cmt_iv__sparse__037,sparse,37,260925037,saemix,1,omega_V,0.044817430964418,0.04,0.12043577411045003,,,,1.42000000000007
1cmt_iv__sparse__037,sparse,37,260925037,saemix,1,sigma_prop,0.151633832841132,0.15,0.010892218940879994,,,,1.42000000000007
1cmt_iv__sparse__038,sparse,38,260925038,nlmixr2_focei,1,theta_CL,3.95129428036013,4.0,-0.012176429909967479,3.5071818197366342,4.451644452005939,1,2
1cmt_iv__sparse__038,sparse,38,260925038,nlmixr2_focei,1,theta_V,40.7140206756822,40.0,0.01785051689205499,37.287466540234114,44.455460061660446,1,2
1cmt_iv__sparse__038,sparse,38,260925038,nlmixr2_focei,1,omega_CL,0.0875627888141115,0.09,-0.027080124287649932,,,,2
1cmt_iv__sparse__038,sparse,38,260925038,nlmixr2_focei,1,omega_V,0.0404307868555949,0.04,0.0107696713898724,,,,2
1cmt_iv__sparse__038,sparse,38,260925038,nlmixr2_focei,1,sigma_prop,0.131036464023119,0.15,-0.12642357317920666,,,,2
1cmt_iv__sparse__038,sparse,38,260925038,nlmixr2_saem,1,theta_CL,3.88383700205068,4.0,-0.029040749487330042,3.4810469494548504,4.333233672950109,1,5.38999999999999
1cmt_iv__sparse__038,sparse,38,260925038,nlmixr2_saem,1,theta_V,40.350181423621,40.0,0.008754535590525058,37.34688583330125,43.594990709168094,1,5.38999999999999
1cmt_iv__sparse__038,sparse,38,260925038,nlmixr2_saem,1,omega_CL,0.0892530598189144,0.09,-0.008299335345395472,,,,5.38999999999999
1cmt_iv__sparse__038,sparse,38,260925038,nlmixr2_saem,1,omega_V,0.0385403092696682,0.04,-0.03649226825829504,,,,5.38999999999999
1cmt_iv__sparse__038,sparse,38,260925038,nlmixr2_saem,1,sigma_prop,0.132914765970617,0.15,-0.11390156019588668,,,,5.38999999999999
1cmt_iv__sparse__038,sparse,38,260925038,pkpy2,1,theta_CL,3.8824874666710008,4.0,-0.02937813333224981,3.4744517403253816,4.33844245234667,1,7.463669499993557
1cmt_iv__sparse__038,sparse,38,260925038,pkpy2,1,theta_V,40.33547620459175,40.0,0.00838690511479374,37.13512391259502,43.811638934625414,1,7.463669499993557
1cmt_iv__sparse__038,sparse,38,260925038,pkpy2,1,omega_CL,0.08971088674456167,0.09,-0.0032123695048703422,,,,7.463669499993557
1cmt_iv__sparse__038,sparse,38,260925038,pkpy2,1,omega_V,0.03962569062542351,0.04,-0.009357734364412278,,,,7.463669499993557
1cmt_iv__sparse__038,sparse,38,260925038,pkpy2,1,sigma_prop,0.13158646039924027,0.15,-0.12275693067173152,,,,7.463669499993557
1cmt_iv__sparse__038,sparse,38,260925038,saemix,1,theta_CL,3.8906924150741,4.0,-0.027326896231474995,3.484549990007487,4.344172852197367,1,1.03999999999996
1cmt_iv__sparse__038,sparse,38,260925038,saemix,1,theta_V,40.3517862940705,40.0,0.008794657351762502,37.18249878590475,43.79121119583238,1,1.03999999999996
1cmt_iv__sparse__038,sparse,38,260925038,saemix,1,omega_CL,0.0881399966927501,0.09,-0.02066670341388768,,,,1.03999999999996
1cmt_iv__sparse__038,sparse,38,260925038,saemix,1,omega_V,0.038267703329911,0.04,-0.043307416752224985,,,,1.03999999999996
1cmt_iv__sparse__038,sparse,38,260925038,saemix,1,sigma_prop,0.135218745730587,0.15,-0.0985416951294199,,,,1.03999999999996
1cmt_iv__sparse__039,sparse,39,260925039,nlmixr2_focei,1,theta_CL,3.7255126365137,4.0,-0.06862184087157497,3.34011018491387,4.15538519283344,1,2.01999999999998
1cmt_iv__sparse__039,sparse,39,260925039,nlmixr2_focei,1,theta_V,41.3461998286991,40.0,0.03365499571747747,38.093251741013546,44.87693127111422,1,2.01999999999998
1cmt_iv__sparse__039,sparse,39,260925039,nlmixr2_focei,1,omega_CL,0.0880391994818571,0.09,-0.021786672423810025,,,,2.01999999999998
1cmt_iv__sparse__039,sparse,39,260925039,nlmixr2_focei,1,omega_V,0.0381578416864559,0.04,-0.0460539578386026,,,,2.01999999999998
1cmt_iv__sparse__039,sparse,39,260925039,nlmixr2_focei,1,sigma_prop,0.130173999127675,0.15,-0.13217333914883334,,,,2.01999999999998
1cmt_iv__sparse__039,sparse,39,260925039,nlmixr2_saem,1,theta_CL,3.65854641753013,4.0,-0.08536339561746753,3.2755589567749634,4.0863138370744085,1,5.13999999999999
1cmt_iv__sparse__039,sparse,39,260925039,nlmixr2_saem,1,theta_V,41.0142762121018,40.0,0.025356905302544953,37.91431009138976,44.36770309542296,1,5.13999999999999
1cmt_iv__sparse__039,sparse,39,260925039,nlmixr2_saem,1,omega_CL,0.091139196168884,0.09,0.012657735209822213,,,,5.13999999999999
1cmt_iv__sparse__039,sparse,39,260925039,nlmixr2_saem,1,omega_V,0.0398916524055721,0.04,-0.002708689860697437,,,,5.13999999999999
1cmt_iv__sparse__039,sparse,39,260925039,nlmixr2_saem,1,sigma_prop,0.128661343547568,0.15,-0.14225770968287996,,,,5.13999999999999
1cmt_iv__sparse__039,sparse,39,260925039,pkpy2,1,theta_CL,3.660248653412316,4.0,-0.084937836646921,3.275380192088743,4.09034048540881,1,10.98230990000593
1cmt_iv__sparse__039,sparse,39,260925039,pkpy2,1,theta_V,41.01867560288965,40.0,0.025466890072241278,37.80709932808653,44.50306366045802,1,10.98230990000593
1cmt_iv__sparse__039,sparse,39,260925039,pkpy2,1,omega_CL,0.08992216577657701,0.09,-0.0008648247046998588,,,,10.98230990000593
1cmt_iv__sparse__039,sparse,39,260925039,pkpy2,1,omega_V,0.038391047149041686,0.04,-0.04022382127395786,,,,10.98230990000593
1cmt_iv__sparse__039,sparse,39,260925039,pkpy2,1,sigma_prop,0.13040498696355132,0.15,-0.13063342024299116,,,,10.98230990000593
1cmt_iv__sparse__039,sparse,39,260925039,saemix,1,theta_CL,3.66391469823628,4.0,-0.08402132544093,3.280978496014515,4.091544925472276,1,1.11000000000001
1cmt_iv__sparse__039,sparse,39,260925039,saemix,1,theta_V,41.0516663481973,40.0,0.02629165870493253,37.877127334163944,44.492268251918965,1,1.11000000000001
1cmt_iv__sparse__039,sparse,39,260925039,saemix,1,omega_CL,0.0885926645892892,0.09,-0.01563706011900883,,,,1.11000000000001
1cmt_iv__sparse__039,sparse,39,260925039,saemix,1,omega_V,0.0368920495393787,0.04,-0.07769876151553258,,,,1.11000000000001
1cmt_iv__sparse__039,sparse,39,260925039,saemix,1,sigma_prop,0.133760476155311,0.15,-0.10826349229792662,,,,1.11000000000001
1cmt_iv__sparse__040,sparse,40,260925040,nlmixr2_focei,1,theta_CL,4.43769953932846,4.0,0.1094248848321151,4.018397024478715,4.9007544753273145,0,2.5
1cmt_iv__sparse__040,sparse,40,260925040,nlmixr2_focei,1,theta_V,39.4698780173993,40.0,-0.013253049565017428,36.02044850165452,43.249635568441725,1,2.5
1cmt_iv__sparse__040,sparse,40,260925040,nlmixr2_focei,1,omega_CL,0.0662920799486058,0.09,-0.26342133390438005,,,,2.5
1cmt_iv__sparse__040,sparse,40,260925040,nlmixr2_focei,1,omega_V,0.046088606394538,0.04,0.15221515986344988,,,,2.5
1cmt_iv__sparse__040,sparse,40,260925040,nlmixr2_focei,1,sigma_prop,0.133452392028995,0.15,-0.11031738647336661,,,,2.5
1cmt_iv__sparse__040,sparse,40,260925040,nlmixr2_saem,1,theta_CL,4.36977740799684,4.0,0.09244435199920997,3.9689007997964265,4.811144334073303,1,5.44000000000005
1cmt_iv__sparse__040,sparse,40,260925040,nlmixr2_saem,1,theta_V,39.2354009074831,40.0,-0.019114977312922575,36.061234685258164,42.688962200183326,1,5.44000000000005
1cmt_iv__sparse__040,sparse,40,260925040,nlmixr2_saem,1,omega_CL,0.0678659323295913,0.09,-0.24593408522676327,,,,5.44000000000005
1cmt_iv__sparse__040,sparse,40,260925040,nlmixr2_saem,1,omega_V,0.0469888810319427,0.04,0.17472202579856752,,,,5.44000000000005
1cmt_iv__sparse__040,sparse,40,260925040,nlmixr2_saem,1,sigma_prop,0.135045030948468,0.15,-0.09969979367687991,,,,5.44000000000005
1cmt_iv__sparse__040,sparse,40,260925040,pkpy2,1,theta_CL,4.364183221944836,4.0,0.09104580548620911,3.9608812588042652,4.808549903476421,1,11.143239700002596
1cmt_iv__sparse__040,sparse,40,260925040,pkpy2,1,theta_V,39.118885817067685,40.0,-0.02202785457330787,35.83150033623856,42.70787472499741,1,11.143239700002596
1cmt_iv__sparse__040,sparse,40,260925040,pkpy2,1,omega_CL,0.06669208381178926,0.09,-0.2589768465356749,,,,11.143239700002596
1cmt_iv__sparse__040,sparse,40,260925040,pkpy2,1,omega_V,0.04583296017667929,0.04,0.14582400441698218,,,,11.143239700002596
1cmt_iv__sparse__040,sparse,40,260925040,pkpy2,1,sigma_prop,0.1345760916367915,0.15,-0.10282605575472337,,,,11.143239700002596
1cmt_iv__sparse__040,sparse,40,260925040,saemix,1,theta_CL,4.37464604881138,4.0,0.09366151220284502,3.9752222078328785,4.814203345582028,1,1.15999999999997
1cmt_iv__sparse__040,sparse,40,260925040,saemix,1,theta_V,39.2375691421636,40.0,-0.019060771445909987,35.96588010939366,42.806872166154946,1,1.15999999999997
1cmt_iv__sparse__040,sparse,40,260925040,saemix,1,omega_CL,0.0644315148585015,0.09,-0.28409427934998327,,,,1.15999999999997
1cmt_iv__sparse__040,sparse,40,260925040,saemix,1,omega_V,0.044135651478534,0.04,0.10339128696335002,,,,1.15999999999997
1cmt_iv__sparse__040,sparse,40,260925040,saemix,1,sigma_prop,0.140266468095485,0.15,-0.06489021269676673,,,,1.15999999999997
1cmt_iv__sparse__041,sparse,41,260925041,nlmixr2_focei,1,theta_CL,4.64974493987346,4.0,0.162436234968365,4.092137046566011,5.283334296934596,0,2.03000000000009
1cmt_iv__sparse__041,sparse,41,260925041,nlmixr2_focei,1,theta_V,41.203579487318,40.0,0.03008948718295006,37.49644831364531,45.27722061478317,1,2.03000000000009
1cmt_iv__sparse__041,sparse,41,260925041,nlmixr2_focei,1,omega_CL,0.106175272035763,0.09,0.1797252448418112,,,,2.03000000000009
1cmt_iv__sparse__041,sparse,41,260925041,nlmixr2_focei,1,omega_V,0.0380602065932185,0.04,-0.04849483516953749,,,,2.03000000000009
1cmt_iv__sparse__041,sparse,41,260925041,nlmixr2_focei,1,sigma_prop,0.172049506410542,0.15,0.14699670940361342,,,,2.03000000000009
1cmt_iv__sparse__041,sparse,41,260925041,nlmixr2_saem,1,theta_CL,4.5370195946256,4.0,0.13425489865640006,4.011173342324774,5.1318018557847624,0,5.12
1cmt_iv__sparse__041,sparse,41,260925041,nlmixr2_saem,1,theta_V,40.7735953282024,40.0,0.019339883205059926,37.44964887433508,44.392567779916895,1,5.12
1cmt_iv__sparse__041,sparse,41,260925041,nlmixr2_saem,1,omega_CL,0.110532850066398,0.09,0.22814277851553338,,,,5.12
1cmt_iv__sparse__041,sparse,41,260925041,nlmixr2_saem,1,omega_V,0.0419557971640491,0.04,0.0488949291012274,,,,5.12
1cmt_iv__sparse__041,sparse,41,260925041,nlmixr2_saem,1,sigma_prop,0.169182771540369,0.15,0.12788514360246012,,,,5.12
1cmt_iv__sparse__041,sparse,41,260925041,pkpy2,1,theta_CL,4.5377665820148865,4.0,0.13444164550372162,4.00798204205893,5.1375792947099015,0,9.823198199999752
1cmt_iv__sparse__041,sparse,41,260925041,pkpy2,1,theta_V,40.74017715910192,40.0,0.01850442897754796,37.303912638057156,44.4929745321603,1,9.823198199999752
1cmt_iv__sparse__041,sparse,41,260925041,pkpy2,1,omega_CL,0.10890240256747467,0.09,0.2100266951941631,,,,9.823198199999752
1cmt_iv__sparse__041,sparse,41,260925041,pkpy2,1,omega_V,0.0367465155253163,0.04,-0.08133711186709257,,,,9.823198199999752
1cmt_iv__sparse__041,sparse,41,260925041,pkpy2,1,sigma_prop,0.17378411018744155,0.15,0.15856073458294373,,,,9.823198199999752
1cmt_iv__sparse__041,sparse,41,260925041,saemix,1,theta_CL,4.55780136776576,4.0,0.1394503419414399,4.024904024595149,5.16125432583376,0,1.43999999999994
1cmt_iv__sparse__041,sparse,41,260925041,saemix,1,theta_V,40.8835478404196,40.0,0.02208869601049006,37.390902221369046,44.70243788513425,1,1.43999999999994
1cmt_iv__sparse__041,sparse,41,260925041,saemix,1,omega_CL,0.109257613446188,0.09,0.21397348273542235,,,,1.43999999999994
1cmt_iv__sparse__041,sparse,41,260925041,saemix,1,omega_V,0.0383741949944607,0.04,-0.04064512513848248,,,,1.43999999999994
1cmt_iv__sparse__041,sparse,41,260925041,saemix,1,sigma_prop,0.176802731617157,0.15,0.17868487744771344,,,,1.43999999999994
1cmt_iv__sparse__042,sparse,42,260925042,nlmixr2_focei,1,theta_CL,4.51296123793481,4.0,0.12824030948370257,4.052572378682918,5.025652161633024,0,1.95000000000005
1cmt_iv__sparse__042,sparse,42,260925042,nlmixr2_focei,1,theta_V,38.2422221561567,40.0,-0.0439444460960825,35.290342804953944,41.44101301377968,1,1.95000000000005
1cmt_iv__sparse__042,sparse,42,260925042,nlmixr2_focei,1,omega_CL,0.0863701081776039,0.09,-0.04033213135995658,,,,1.95000000000005
1cmt_iv__sparse__042,sparse,42,260925042,nlmixr2_focei,1,omega_V,0.0363363645625796,0.04,-0.0915908859355101,,,,1.95000000000005
1cmt_iv__sparse__042,sparse,42,260925042,nlmixr2_focei,1,sigma_prop,0.125969137675212,0.15,-0.16020574883191993,,,,1.95000000000005
1cmt_iv__sparse__042,sparse,42,260925042,nlmixr2_saem,1,theta_CL,4.44806015191471,4.0,0.11201503797867751,3.997104870995805,4.949892423043278,1,5.21999999999991
1cmt_iv__sparse__042,sparse,42,260925042,nlmixr2_saem,1,theta_V,37.9018804165829,40.0,-0.052452989585427545,35.16744131346534,40.84893542035728,1,5.21999999999991
1cmt_iv__sparse__042,sparse,42,260925042,nlmixr2_saem,1,omega_CL,0.0856677376475868,0.09,-0.04813624836014666,,,,5.21999999999991
1cmt_iv__sparse__042,sparse,42,260925042,nlmixr2_saem,1,omega_V,0.0374070865626436,0.04,-0.06482283593391008,,,,5.21999999999991
1cmt_iv__sparse__042,sparse,42,260925042,nlmixr2_saem,1,sigma_prop,0.126022034013857,0.15,-0.1598531065742866,,,,5.21999999999991
1cmt_iv__sparse__042,sparse,42,260925042,pkpy2,1,theta_CL,4.451510419858723,4.0,0.11287760496468069,3.9954348691358486,4.959646613485322,1,7.607981599998311
1cmt_iv__sparse__042,sparse,42,260925042,pkpy2,1,theta_V,37.93015216556745,40.0,-0.05174619586081377,35.02433336553347,41.07705429502577,1,7.607981599998311
1cmt_iv__sparse__042,sparse,42,260925042,pkpy2,1,omega_CL,0.08516929317834056,0.09,-0.05367452024066043,,,,7.607981599998311
1cmt_iv__sparse__042,sparse,42,260925042,pkpy2,1,omega_V,0.03717649592469344,0.04,-0.0705876018826641,,,,7.607981599998311
1cmt_iv__sparse__042,sparse,42,260925042,pkpy2,1,sigma_prop,0.12589994127428025,0.15,-0.16066705817146495,,,,7.607981599998311
1cmt_iv__sparse__042,sparse,42,260925042,saemix,1,theta_CL,4.46303427433759,4.0,0.11575856858439759,4.0061426129893665,4.9720334142195775,0,1.22000000000003
1cmt_iv__sparse__042,sparse,42,260925042,saemix,1,theta_V,38.0743530525955,40.0,-0.048141173685112545,35.139810416226425,41.25396076992731,1,1.22000000000003
1cmt_iv__sparse__042,sparse,42,260925042,saemix,1,omega_CL,0.0851371128764047,0.09,-0.05403207915105886,,,,1.22000000000003
1cmt_iv__sparse__042,sparse,42,260925042,saemix,1,omega_V,0.0381997146975905,0.04,-0.04500713256023747,,,,1.22000000000003
1cmt_iv__sparse__042,sparse,42,260925042,saemix,1,sigma_prop,0.12539331274536,0.15,-0.16404458169759994,,,,1.22000000000003
1cmt_iv__sparse__043,sparse,43,260925043,nlmixr2_focei,1,theta_CL,4.25708287695974,4.0,0.06427071923993499,3.7649525692717605,4.81354128315333,1,1.97000000000003
1cmt_iv__sparse__043,sparse,43,260925043,nlmixr2_focei,1,theta_V,39.7073593644913,40.0,-0.00731601588771742,36.58296006835616,43.098600680611966,1,1.97000000000003
1cmt_iv__sparse__043,sparse,43,260925043,nlmixr2_focei,1,omega_CL,0.0941991602743448,0.09,0.04665733638160894,,,,1.97000000000003
1cmt_iv__sparse__043,sparse,43,260925043,nlmixr2_focei,1,omega_V,0.0259942204751442,0.04,-0.350144488121395,,,,1.97000000000003
1cmt_iv__sparse__043,sparse,43,260925043,nlmixr2_focei,1,sigma_prop,0.180739942154864,0.15,0.20493294769909337,,,,1.97000000000003
1cmt_iv__sparse__043,sparse,43,260925043,nlmixr2_saem,1,theta_CL,4.15258183745157,4.0,0.038145459362892487,3.699583478727641,4.661047930364091,1,5.35000000000002
1cmt_iv__sparse__043,sparse,43,260925043,nlmixr2_saem,1,theta_V,39.4602597104447,40.0,-0.01349350723888243,36.671317621412356,42.461307567158386,1,5.35000000000002
1cmt_iv__sparse__043,sparse,43,260925043,nlmixr2_saem,1,omega_CL,0.0967254749341753,0.09,0.07472749926861447,,,,5.35000000000002
1cmt_iv__sparse__043,sparse,43,260925043,nlmixr2_saem,1,omega_V,0.0292726897378846,0.04,-0.268182756552885,,,,5.35000000000002
1cmt_iv__sparse__043,sparse,43,260925043,nlmixr2_saem,1,sigma_prop,0.181793926483375,0.15,0.21195950988916673,,,,5.35000000000002
1cmt_iv__sparse__043,sparse,43,260925043,pkpy2,1,theta_CL,4.154442107176472,4.0,0.038610526794117916,3.6918944688685107,4.674941108804372,1,6.807742500008317
1cmt_iv__sparse__043,sparse,43,260925043,pkpy2,1,theta_V,39.356766839004365,40.0,-0.016080829024890875,36.27247840493394,42.70331568545529,1,6.807742500008317
1cmt_iv__sparse__043,sparse,43,260925043,pkpy2,1,omega_CL,0.09667190341212002,0.09,0.07413226013466695,,,,6.807742500008317
1cmt_iv__sparse__043,sparse,43,260925043,pkpy2,1,omega_V,0.025584850235682903,0.04,-0.3603787441079274,,,,6.807742500008317
1cmt_iv__sparse__043,sparse,43,260925043,pkpy2,1,sigma_prop,0.18129617844884585,0.15,0.20864118965897238,,,,6.807742500008317
1cmt_iv__sparse__043,sparse,43,260925043,saemix,1,theta_CL,4.16611268667076,4.0,0.04152817166769007,3.702686456807377,4.6875410922599725,1,1.32000000000005
1cmt_iv__sparse__043,sparse,43,260925043,saemix,1,theta_V,39.4752233408205,40.0,-0.013119416479487533,36.499328220773975,42.6937517420044,1,1.32000000000005
1cmt_iv__sparse__043,sparse,43,260925043,saemix,1,omega_CL,0.0958918818453816,0.09,0.06546535383757333,,,,1.32000000000005
1cmt_iv__sparse__043,sparse,43,260925043,saemix,1,omega_V,0.0210709513793681,0.04,-0.4732262155157975,,,,1.32000000000005
1cmt_iv__sparse__043,sparse,43,260925043,saemix,1,sigma_prop,0.187713511247063,0.15,0.2514234083137534,,,,1.32000000000005
1cmt_iv__sparse__044,sparse,44,260925044,nlmixr2_focei,1,theta_CL,4.06466033960687,4.0,0.01616508490171742,3.609975795635603,4.576613421161214,1,1.91999999999996
1cmt_iv__sparse__044,sparse,44,260925044,nlmixr2_focei,1,theta_V,35.6434729062214,40.0,-0.10891317734446507,32.245604299820386,39.399390658143616,0,1.91999999999996
1cmt_iv__sparse__044,sparse,44,260925044,nlmixr2_focei,1,omega_CL,0.0937953529055802,0.09,0.04217058783978011,,,,1.91999999999996
1cmt_iv__sparse__044,sparse,44,260925044,nlmixr2_focei,1,omega_V,0.0629818902072819,0.04,0.5745472551820474,,,,1.91999999999996
1cmt_iv__sparse__044,sparse,44,260925044,nlmixr2_focei,1,sigma_prop,0.149986983178732,0.15,-8.677880845335088e-05,,,,1.91999999999996
1cmt_iv__sparse__044,sparse,44,260925044,nlmixr2_saem,1,theta_CL,3.98545658644256,4.0,-0.003635853389360011,3.5549241080771994,4.468130322762278,1,5.93000000000006
1cmt_iv__sparse__044,sparse,44,260925044,nlmixr2_saem,1,theta_V,35.2745520085066,40.0,-0.11813619978733492,32.018488724789016,38.86173485875656,0,5.93000000000006
1cmt_iv__sparse__044,sparse,44,260925044,nlmixr2_saem,1,omega_CL,0.0961456021982428,0.09,0.06828446886936441,,,,5.93000000000006
1cmt_iv__sparse__044,sparse,44,260925044,nlmixr2_saem,1,omega_V,0.0615945799347287,0.04,0.5398644983682175,,,,5.93000000000006
1cmt_iv__sparse__044,sparse,44,260925044,nlmixr2_saem,1,sigma_prop,0.151445431165704,0.15,0.009636207771360022,,,,5.93000000000006
1cmt_iv__sparse__044,sparse,44,260925044,pkpy2,1,theta_CL,3.9842259595502645,4.0,-0.003943510112433879,3.549157718648983,4.472626396213472,1,7.510521700009122
1cmt_iv__sparse__044,sparse,44,260925044,pkpy2,1,theta_V,35.24392202164038,40.0,-0.1189019494589905,31.83594467807,39.016716859767136,0,7.510521700009122
1cmt_iv__sparse__044,sparse,44,260925044,pkpy2,1,omega_CL,0.0956224664296518,0.09,0.06247184921835341,,,,7.510521700009122
1cmt_iv__sparse__044,sparse,44,260925044,pkpy2,1,omega_V,0.06289674601259707,0.04,0.5724186503149266,,,,7.510521700009122
1cmt_iv__sparse__044,sparse,44,260925044,pkpy2,1,sigma_prop,0.15054279426087408,0.15,0.0036186284058272364,,,,7.510521700009122
1cmt_iv__sparse__044,sparse,44,260925044,saemix,1,theta_CL,4.01006464148189,4.0,0.00251616037047242,3.5699705156159434,4.504412111675049,1,1.38
1cmt_iv__sparse__044,sparse,44,260925044,saemix,1,theta_V,35.4422360438943,40.0,-0.11394409890264257,32.11467364187738,39.11458387523838,0,1.38
1cmt_iv__sparse__044,sparse,44,260925044,saemix,1,omega_CL,0.0964578376913863,0.09,0.07175375212651448,,,,1.38
1cmt_iv__sparse__044,sparse,44,260925044,saemix,1,omega_V,0.0576965051604255,0.04,0.4424126290106375,,,,1.38
1cmt_iv__sparse__044,sparse,44,260925044,saemix,1,sigma_prop,0.154409626994308,0.15,0.029397513295386646,,,,1.38
1cmt_iv__sparse__045,sparse,45,260925045,nlmixr2_focei,1,theta_CL,4.20356451318755,4.0,0.05089112829688758,3.7777880293978683,4.677328235207007,1,2.79999999999995
1cmt_iv__sparse__045,sparse,45,260925045,nlmixr2_focei,1,theta_V,41.7732651239464,40.0,0.04433162809866005,38.583708524524575,45.226489257930105,1,2.79999999999995
1cmt_iv__sparse__045,sparse,45,260925045,nlmixr2_focei,1,omega_CL,0.081010505110814,0.09,-0.09988327654651115,,,,2.79999999999995
1cmt_iv__sparse__045,sparse,45,260925045,nlmixr2_focei,1,omega_V,0.0391671421535726,0.04,-0.020821446160684993,,,,2.79999999999995
1cmt_iv__sparse__045,sparse,45,260925045,nlmixr2_focei,1,sigma_prop,0.11436433581089,0.15,-0.2375710945940666,,,,2.79999999999995
1cmt_iv__sparse__045,sparse,45,260925045,nlmixr2_saem,1,theta_CL,4.15404905579182,4.0,0.03851226394795493,3.7391813531714444,4.614946943744481,1,5.09000000000003
1cmt_iv__sparse__045,sparse,45,260925045,nlmixr2_saem,1,theta_V,41.4064854275256,40.0,0.03516213568814006,38.38451738982979,44.6663694647404,1,5.09000000000003
1cmt_iv__sparse__045,sparse,45,260925045,nlmixr2_saem,1,omega_CL,0.0831410236545618,0.09,-0.07621084828264661,,,,5.09000000000003
1cmt_iv__sparse__045,sparse,45,260925045,nlmixr2_saem,1,omega_V,0.0380696418594577,0.04,-0.0482589535135575,,,,5.09000000000003
1cmt_iv__sparse__045,sparse,45,260925045,nlmixr2_saem,1,sigma_prop,0.11521136000097,0.15,-0.23192426666019997,,,,5.09000000000003
1cmt_iv__sparse__045,sparse,45,260925045,pkpy2,1,theta_CL,4.159664664759406,4.0,0.0399161661898515,3.7396930010828315,4.626799611154695,1,6.707130700000562
1cmt_iv__sparse__045,sparse,45,260925045,pkpy2,1,theta_V,41.47492568467414,40.0,0.03687314211685351,38.35298505932329,44.850992898949954,1,6.707130700000562
1cmt_iv__sparse__045,sparse,45,260925045,pkpy2,1,omega_CL,0.0834105945500701,0.09,-0.07321561611033213,,,,6.707130700000562
1cmt_iv__sparse__045,sparse,45,260925045,pkpy2,1,omega_V,0.037549728245534895,0.04,-0.061256793861627634,,,,6.707130700000562
1cmt_iv__sparse__045,sparse,45,260925045,pkpy2,1,sigma_prop,0.11520803040570854,0.15,-0.23194646396194304,,,,6.707130700000562
1cmt_iv__sparse__045,sparse,45,260925045,saemix,1,theta_CL,4.18749066208086,4.0,0.04687266552021496,3.757686380731919,4.666455970069256,1,1.04999999999995
1cmt_iv__sparse__045,sparse,45,260925045,saemix,1,theta_V,41.7857349372005,40.0,0.044643373430012546,38.750881390630695,45.0582691691793,1,1.04999999999995
1cmt_iv__sparse__045,sparse,45,260925045,saemix,1,omega_CL,0.0857403174809495,0.09,-0.047329805767227756,,,,1.04999999999995
1cmt_iv__sparse__045,sparse,45,260925045,saemix,1,omega_V,0.0323611543190658,0.04,-0.19097114202335508,,,,1.04999999999995
1cmt_iv__sparse__045,sparse,45,260925045,saemix,1,sigma_prop,0.125435269163127,0.15,-0.16376487224581998,,,,1.04999999999995
1cmt_iv__sparse__046,sparse,46,260925046,nlmixr2_focei,1,theta_CL,4.14960803061311,4.0,0.0374020076532775,3.715120912769924,4.634908852775526,1,2.46000000000004
1cmt_iv__sparse__046,sparse,46,260925046,nlmixr2_focei,1,theta_V,39.8496025244552,40.0,-0.0037599368886199968,35.968866266890615,44.14903738066423,1,2.46000000000004
1cmt_iv__sparse__046,sparse,46,260925046,nlmixr2_focei,1,omega_CL,0.0890037478666754,0.09,-0.011069468148051006,,,,2.46000000000004
1cmt_iv__sparse__046,sparse,46,260925046,nlmixr2_focei,1,omega_V,0.0698779374063313,0.04,0.7469484351582826,,,,2.46000000000004
1cmt_iv__sparse__046,sparse,46,260925046,nlmixr2_focei,1,sigma_prop,0.137877605106176,0.15,-0.08081596595882665,,,,2.46000000000004
1cmt_iv__sparse__046,sparse,46,260925046,nlmixr2_saem,1,theta_CL,4.07502073010759,4.0,0.01875518252689745,3.652717162078811,4.546148309319413,1,5.65999999999997
1cmt_iv__sparse__046,sparse,46,260925046,nlmixr2_saem,1,theta_V,39.5066046529485,40.0,-0.012334883676287411,35.7361360000751,43.67489006648879,1,5.65999999999997
1cmt_iv__sparse__046,sparse,46,260925046,nlmixr2_saem,1,omega_CL,0.0881949087678706,0.09,-0.020056569245882155,,,,5.65999999999997
1cmt_iv__sparse__046,sparse,46,260925046,nlmixr2_saem,1,omega_V,0.0678510271456958,0.04,0.6962756786423949,,,,5.65999999999997
1cmt_iv__sparse__046,sparse,46,260925046,nlmixr2_saem,1,sigma_prop,0.141865579695308,0.15,-0.05422946869794665,,,,5.65999999999997
1cmt_iv__sparse__046,sparse,46,260925046,pkpy2,1,theta_CL,4.073379664100416,4.0,0.018344916025103908,3.64543550366374,4.551560951011499,1,7.688030799996341
1cmt_iv__sparse__046,sparse,46,260925046,pkpy2,1,theta_V,39.469826908671656,40.0,-0.013254327283208588,35.59250836051963,43.769526452609846,1,7.688030799996341
1cmt_iv__sparse__046,sparse,46,260925046,pkpy2,1,omega_CL,0.08859022988366708,0.09,-0.015664112403699113,,,,7.688030799996341
1cmt_iv__sparse__046,sparse,46,260925046,pkpy2,1,omega_V,0.06859634481213209,0.04,0.7149086203033022,,,,7.688030799996341
1cmt_iv__sparse__046,sparse,46,260925046,pkpy2,1,sigma_prop,0.13878405767353288,0.15,-0.07477294884311407,,,,7.688030799996341
1cmt_iv__sparse__046,sparse,46,260925046,saemix,1,theta_CL,4.07228222664255,4.0,0.018070556660637394,3.6484978954947507,4.5452904204512405,1,1.03999999999996
1cmt_iv__sparse__046,sparse,46,260925046,saemix,1,theta_V,39.4931207782741,40.0,-0.012671980543147577,35.63784582202064,43.76545643630351,1,1.03999999999996
1cmt_iv__sparse__046,sparse,46,260925046,saemix,1,omega_CL,0.0870200532304164,0.09,-0.033110519662040025,,,,1.03999999999996
1cmt_iv__sparse__046,sparse,46,260925046,saemix,1,omega_V,0.0681352808940758,0.04,0.7033820223518951,,,,1.03999999999996
1cmt_iv__sparse__046,sparse,46,260925046,saemix,1,sigma_prop,0.136709639255107,0.15,-0.08860240496595322,,,,1.03999999999996
1cmt_iv__sparse__047,sparse,47,260925047,nlmixr2_focei,1,theta_CL,4.28335743768326,4.0,0.07083935942081498,3.8240054204778713,4.797888319066171,1,2.74000000000001
1cmt_iv__sparse__047,sparse,47,260925047,nlmixr2_focei,1,theta_V,39.0075442729137,40.0,-0.024811393177157547,36.392282037561266,41.81074736211534,1,2.74000000000001
1cmt_iv__sparse__047,sparse,47,260925047,nlmixr2_focei,1,omega_CL,0.0853696819413681,0.09,-0.05144797842924333,,,,2.74000000000001
1cmt_iv__sparse__047,sparse,47,260925047,nlmixr2_focei,1,omega_V,0.0177431247507264,0.04,-0.55642188123184,,,,2.74000000000001
1cmt_iv__sparse__047,sparse,47,260925047,nlmixr2_focei,1,sigma_prop,0.164699850264269,0.15,0.09799900176179341,,,,2.74000000000001
1cmt_iv__sparse__047,sparse,47,260925047,nlmixr2_saem,1,theta_CL,4.20807663334618,4.0,0.052019158336545024,3.7709602312963755,4.695862026109599,1,5.61000000000001
1cmt_iv__sparse__047,sparse,47,260925047,nlmixr2_saem,1,theta_V,38.9704144707295,40.0,-0.025739638231762462,36.61657639518855,41.47556526393333,1,5.61000000000001
1cmt_iv__sparse__047,sparse,47,260925047,nlmixr2_saem,1,omega_CL,0.0879750373402371,0.09,-0.022499585108476692,,,,5.61000000000001
1cmt_iv__sparse__047,sparse,47,260925047,nlmixr2_saem,1,omega_V,0.018808108653271,0.04,-0.529797283668225,,,,5.61000000000001
1cmt_iv__sparse__047,sparse,47,260925047,nlmixr2_saem,1,sigma_prop,0.163584367756117,0.15,0.09056245170744678,,,,5.61000000000001
1cmt_iv__sparse__047,sparse,47,260925047,pkpy2,1,theta_CL,4.202083231376389,4.0,0.05052080784409729,3.757482211883283,4.699291304047064,1,7.501636300003156
1cmt_iv__sparse__047,sparse,47,260925047,pkpy2,1,theta_V,38.785114853687034,40.0,-0.030372128657824148,36.10716646470746,41.661677763721535,1,7.501636300003156
1cmt_iv__sparse__047,sparse,47,260925047,pkpy2,1,omega_CL,0.08787485854481629,0.09,-0.023612682835374526,,,,7.501636300003156
1cmt_iv__sparse__047,sparse,47,260925047,pkpy2,1,omega_V,0.01851627385445669,0.04,-0.5370931536385828,,,,7.501636300003156
1cmt_iv__sparse__047,sparse,47,260925047,pkpy2,1,sigma_prop,0.16356246038732786,0.15,0.09041640258218575,,,,7.501636300003156
1cmt_iv__sparse__047,sparse,47,260925047,saemix,1,theta_CL,4.21381838157693,4.0,0.053454595394232474,3.7703530891821586,4.709443633770436,1,1.42999999999995
1cmt_iv__sparse__047,sparse,47,260925047,saemix,1,theta_V,38.9003196184184,40.0,-0.027492009539539987,36.1605561468116,41.847665734768704,1,1.42999999999995
1cmt_iv__sparse__047,sparse,47,260925047,saemix,1,omega_CL,0.0876739758736527,0.09,-0.02584471251497004,,,,1.42999999999995
1cmt_iv__sparse__047,sparse,47,260925047,saemix,1,omega_V,0.022843793919936,0.04,-0.4289051520016,,,,1.42999999999995
1cmt_iv__sparse__047,sparse,47,260925047,saemix,1,sigma_prop,0.156794452777034,0.15,0.04529635184689333,,,,1.42999999999995
1cmt_iv__sparse__048,sparse,48,260925048,nlmixr2_focei,1,theta_CL,4.55391909661185,4.0,0.13847977415296242,4.096802906514283,5.062039744579982,0,2.76999999999998
1cmt_iv__sparse__048,sparse,48,260925048,nlmixr2_focei,1,theta_V,45.0971613175187,40.0,0.12742903293796742,41.532139316959096,48.96819649422317,0,2.76999999999998
1cmt_iv__sparse__048,sparse,48,260925048,nlmixr2_focei,1,omega_CL,0.0752716659631958,0.09,-0.16364815596449106,,,,2.76999999999998
1cmt_iv__sparse__048,sparse,48,260925048,nlmixr2_focei,1,omega_V,0.0305266895811281,0.04,-0.23683276047179752,,,,2.76999999999998
1cmt_iv__sparse__048,sparse,48,260925048,nlmixr2_focei,1,sigma_prop,0.152455464857377,0.15,0.016369765715846623,,,,2.76999999999998
1cmt_iv__sparse__048,sparse,48,260925048,nlmixr2_saem,1,theta_CL,4.46329808090574,4.0,0.11582452022643497,4.0288118539371,4.94464136853383,0,5.13
1cmt_iv__sparse__048,sparse,48,260925048,nlmixr2_saem,1,theta_V,44.7603639260866,40.0,0.11900909815216494,41.57730997884854,48.18710445228279,0,5.13
1cmt_iv__sparse__048,sparse,48,260925048,nlmixr2_saem,1,omega_CL,0.0762586260929311,0.09,-0.1526819323007655,,,,5.13
1cmt_iv__sparse__048,sparse,48,260925048,nlmixr2_saem,1,omega_V,0.0303267255909418,0.04,-0.24183186022645498,,,,5.13
1cmt_iv__sparse__048,sparse,48,260925048,nlmixr2_saem,1,sigma_prop,0.153328780929104,0.15,0.022191872860693462,,,,5.13
1cmt_iv__sparse__048,sparse,48,260925048,pkpy2,1,theta_CL,4.465275633866602,4.0,0.1163189084666505,4.023747155475484,4.955253328795865,0,7.491528000013204
1cmt_iv__sparse__048,sparse,48,260925048,pkpy2,1,theta_V,44.71719916883438,40.0,0.11792997922085942,41.2814378979038,48.43891112636703,0,7.491528000013204
1cmt_iv__sparse__048,sparse,48,260925048,pkpy2,1,omega_CL,0.075993975600528,0.09,-0.1556224933274667,,,,7.491528000013204
1cmt_iv__sparse__048,sparse,48,260925048,pkpy2,1,omega_V,0.03095880611073414,0.04,-0.22602984723164654,,,,7.491528000013204
1cmt_iv__sparse__048,sparse,48,260925048,pkpy2,1,sigma_prop,0.15335344611912202,0.15,0.022356307460813518,,,,7.491528000013204
1cmt_iv__sparse__048,sparse,48,260925048,saemix,1,theta_CL,4.47158531025402,4.0,0.11789632756350499,4.033510846859633,4.957238481817172,0,1.36000000000001
1cmt_iv__sparse__048,sparse,48,260925048,saemix,1,theta_V,44.9169190986295,40.0,0.12292297746573748,41.439372389380054,48.68629771598262,0,1.36000000000001
1cmt_iv__sparse__048,sparse,48,260925048,saemix,1,omega_CL,0.07438751591667,0.09,-0.17347204537033326,,,,1.36000000000001
1cmt_iv__sparse__048,sparse,48,260925048,saemix,1,omega_V,0.0325488795159394,0.04,-0.18627801210151507,,,,1.36000000000001
1cmt_iv__sparse__048,sparse,48,260925048,saemix,1,sigma_prop,0.154190278984054,0.15,0.027935193227026645,,,,1.36000000000001
1cmt_iv__sparse__049,sparse,49,260925049,nlmixr2_focei,1,theta_CL,4.07710931006836,4.0,0.019277327517090104,3.7068487125516976,4.484353588523819,1,2.22000000000003
1cmt_iv__sparse__049,sparse,49,260925049,nlmixr2_focei,1,theta_V,41.8831454774139,40.0,0.04707863693534744,38.69717946119099,45.3314143177149,1,2.22000000000003
1cmt_iv__sparse__049,sparse,49,260925049,nlmixr2_focei,1,omega_CL,0.0728332896332386,0.09,-0.1907412262973489,,,,2.22000000000003
1cmt_iv__sparse__049,sparse,49,260925049,nlmixr2_focei,1,omega_V,0.0388924735739031,0.04,-0.02768816065242246,,,,2.22000000000003
1cmt_iv__sparse__049,sparse,49,260925049,nlmixr2_focei,1,sigma_prop,0.135320467531514,0.15,-0.09786354978990663,,,,2.22000000000003
1cmt_iv__sparse__049,sparse,49,260925049,nlmixr2_saem,1,theta_CL,4.00213469944479,4.0,0.0005336748611974862,3.6206932658717306,4.42376113532603,1,5.5
1cmt_iv__sparse__049,sparse,49,260925049,nlmixr2_saem,1,theta_V,41.4844009261595,40.0,0.03711002315398755,38.37092591778887,44.85050800935986,1,5.5
1cmt_iv__sparse__049,sparse,49,260925049,nlmixr2_saem,1,omega_CL,0.0737669270532469,0.09,-0.1803674771861455,,,,5.5
1cmt_iv__sparse__049,sparse,49,260925049,nlmixr2_saem,1,omega_V,0.0390157833760441,0.04,-0.024605415598897597,,,,5.5
1cmt_iv__sparse__049,sparse,49,260925049,nlmixr2_saem,1,sigma_prop,0.134747880670168,0.15,-0.10168079553221336,,,,5.5
1cmt_iv__sparse__049,sparse,49,260925049,pkpy2,1,theta_CL,4.006468195613109,4.0,0.001617048903277185,3.6186089000363975,4.4359000505133075,1,7.867798100007349
1cmt_iv__sparse__049,sparse,49,260925049,pkpy2,1,theta_V,41.538098144294395,40.0,0.03845245360735987,38.24548982844316,45.114171767303226,1,7.867798100007349
1cmt_iv__sparse__049,sparse,49,260925049,pkpy2,1,omega_CL,0.07395089473149061,0.09,-0.17832339187232654,,,,7.867798100007349
1cmt_iv__sparse__049,sparse,49,260925049,pkpy2,1,omega_V,0.03874312996998515,0.04,-0.0314217507503713,,,,7.867798100007349
1cmt_iv__sparse__049,sparse,49,260925049,pkpy2,1,sigma_prop,0.13574829276118144,0.15,-0.09501138159212368,,,,7.867798100007349
1cmt_iv__sparse__049,sparse,49,260925049,saemix,1,theta_CL,4.00513794822517,4.0,0.0012844870562924715,3.620558309997817,4.4305680535560805,1,1.28999999999996
1cmt_iv__sparse__049,sparse,49,260925049,saemix,1,theta_V,41.4367356189119,40.0,0.035918390472797414,38.1388625913442,45.01977620961575,1,1.28999999999996
1cmt_iv__sparse__049,sparse,49,260925049,saemix,1,omega_CL,0.0729295600327169,0.09,-0.18967155519203438,,,,1.28999999999996
1cmt_iv__sparse__049,sparse,49,260925049,saemix,1,omega_V,0.0400223588681854,0.04,0.0005589717046349668,,,,1.28999999999996
1cmt_iv__sparse__049,sparse,49,260925049,saemix,1,sigma_prop,0.1338598878295,0.15,-0.10760074780333326,,,,1.28999999999996
1cmt_iv__sparse__050,sparse,50,260925050,nlmixr2_focei,1,theta_CL,4.15291405152743,4.0,0.03822851288185758,3.6931650531425713,4.6698955695734465,1,1.92000000000007
1cmt_iv__sparse__050,sparse,50,260925050,nlmixr2_focei,1,theta_V,40.5189083242571,40.0,0.012972708106427432,37.38187780620548,43.91919368793752,1,1.92000000000007
1cmt_iv__sparse__050,sparse,50,260925050,nlmixr2_focei,1,omega_CL,0.10582122454014,0.09,0.17579138377933332,,,,1.92000000000007
1cmt_iv__sparse__050,sparse,50,260925050,nlmixr2_focei,1,omega_V,0.0407538152842609,0.04,0.018845382106522438,,,,1.92000000000007
1cmt_iv__sparse__050,sparse,50,260925050,nlmixr2_focei,1,sigma_prop,0.152318324421794,0.15,0.015455496145293329,,,,1.92000000000007
1cmt_iv__sparse__050,sparse,50,260925050,nlmixr2_saem,1,theta_CL,4.06615572900676,4.0,0.01653893225169001,3.6004895328542057,4.592048459429306,1,5.28999999999996
1cmt_iv__sparse__050,sparse,50,260925050,nlmixr2_saem,1,theta_V,40.1888846038891,40.0,0.004722115097227508,37.15318203839537,43.472627567554426,1,5.28999999999996
1cmt_iv__sparse__050,sparse,50,260925050,nlmixr2_saem,1,omega_CL,0.109862986217318,0.09,0.220699846859089,,,,5.28999999999996
1cmt_iv__sparse__050,sparse,50,260925050,nlmixr2_saem,1,omega_V,0.0382527940393591,0.04,-0.043680149016022546,,,,5.28999999999996
1cmt_iv__sparse__050,sparse,50,260925050,nlmixr2_saem,1,sigma_prop,0.154590303682923,0.15,0.030602024552820094,,,,5.28999999999996
1cmt_iv__sparse__050,sparse,50,260925050,pkpy2,1,theta_CL,4.060650028035139,4.0,0.015162507008784853,3.5926640519268633,4.589596581216174,1,7.490572599999723
1cmt_iv__sparse__050,sparse,50,260925050,pkpy2,1,theta_V,40.07693869801819,40.0,0.00192346745045473,36.75751338102553,43.69612815631372,1,7.490572599999723
1cmt_iv__sparse__050,sparse,50,260925050,pkpy2,1,omega_CL,0.1078371208786544,0.09,0.19819023198504887,,,,7.490572599999723
1cmt_iv__sparse__050,sparse,50,260925050,pkpy2,1,omega_V,0.039718879184294856,0.04,-0.007028020392628627,,,,7.490572599999723
1cmt_iv__sparse__050,sparse,50,260925050,pkpy2,1,sigma_prop,0.15372906650916857,0.15,0.024860443394457143,,,,7.490572599999723
1cmt_iv__sparse__050,sparse,50,260925050,saemix,1,theta_CL,4.08482405739879,4.0,0.02120601434969749,3.6105785552451715,4.621361182036624,1,1.17999999999995
1cmt_iv__sparse__050,sparse,50,260925050,saemix,1,theta_V,40.3753493470756,40.0,0.00938373367688996,37.14526137811625,43.886320203922295,1,1.17999999999995
1cmt_iv__sparse__050,sparse,50,260925050,saemix,1,omega_CL,0.109456851620972,0.09,0.2161872402330223,,,,1.17999999999995
1cmt_iv__sparse__050,sparse,50,260925050,saemix,1,omega_V,0.0350635816289291,0.04,-0.12341045927677252,,,,1.17999999999995
1cmt_iv__sparse__050,sparse,50,260925050,saemix,1,sigma_prop,0.158719504363797,0.15,0.05813002909198006,,,,1.17999999999995
1cmt_iv__sparse__051,sparse,51,260925051,nlmixr2_focei,1,theta_CL,4.10742867866492,4.0,0.026857169666230085,3.717565946121382,4.5381764829002975,1,2.2600000000001
1cmt_iv__sparse__051,sparse,51,260925051,nlmixr2_focei,1,theta_V,39.0561958253572,40.0,-0.023595104366069996,36.454885279699475,41.843128037439925,1,2.2600000000001
1cmt_iv__sparse__051,sparse,51,260925051,nlmixr2_focei,1,omega_CL,0.0699333189560348,0.09,-0.2229631227107244,,,,2.2600000000001
1cmt_iv__sparse__051,sparse,51,260925051,nlmixr2_focei,1,omega_V,0.0271263320732599,0.04,-0.3218416981685025,,,,2.2600000000001
1cmt_iv__sparse__051,sparse,51,260925051,nlmixr2_focei,1,sigma_prop,0.129372701042005,0.15,-0.13751532638663339,,,,2.2600000000001
1cmt_iv__sparse__051,sparse,51,260925051,nlmixr2_saem,1,theta_CL,4.04635814927013,4.0,0.011589537317532539,3.6649685782283963,4.467436465738901,1,5.38999999999999
1cmt_iv__sparse__051,sparse,51,260925051,nlmixr2_saem,1,theta_V,38.7909333278947,40.0,-0.03022666680263253,36.20418574298794,41.56250106358518,1,5.38999999999999
1cmt_iv__sparse__051,sparse,51,260925051,nlmixr2_saem,1,omega_CL,0.0717154253377449,0.09,-0.2031619406917233,,,,5.38999999999999
1cmt_iv__sparse__051,sparse,51,260925051,nlmixr2_saem,1,omega_V,0.0282584151589579,0.04,-0.29353962102605247,,,,5.38999999999999
1cmt_iv__sparse__051,sparse,51,260925051,nlmixr2_saem,1,sigma_prop,0.129723182533143,0.15,-0.13517878311238002,,,,5.38999999999999
1cmt_iv__sparse__051,sparse,51,260925051,pkpy2,1,theta_CL,4.04971498700238,4.0,0.012428746750595021,3.6656641359958044,4.474002763893822,1,9.021329900002456
1cmt_iv__sparse__051,sparse,51,260925051,pkpy2,1,theta_V,38.80734181531386,40.0,-0.029816454617153453,36.073853028755536,41.74796015191732,1,9.021329900002456
1cmt_iv__sparse__051,sparse,51,260925051,pkpy2,1,omega_CL,0.07138500118450569,0.09,-0.20683332017215894,,,,9.021329900002456
1cmt_iv__sparse__051,sparse,51,260925051,pkpy2,1,omega_V,0.028526755972922018,0.04,-0.28683110067694956,,,,9.021329900002456
1cmt_iv__sparse__051,sparse,51,260925051,pkpy2,1,sigma_prop,0.128917947603524,0.15,-0.14054701597650654,,,,9.021329900002456
1cmt_iv__sparse__051,sparse,51,260925051,saemix,1,theta_CL,4.06244474385889,4.0,0.015611185964722551,3.6773774549379166,4.4878333810270625,1,1.32000000000005
1cmt_iv__sparse__051,sparse,51,260925051,saemix,1,theta_V,38.9718195750047,40.0,-0.025704510624882458,36.236522189160816,41.91358963915772,1,1.32000000000005
1cmt_iv__sparse__051,sparse,51,260925051,saemix,1,omega_CL,0.0710346680775082,0.09,-0.21072591024990883,,,,1.32000000000005
1cmt_iv__sparse__051,sparse,51,260925051,saemix,1,omega_V,0.0278316485619463,0.04,-0.30420878595134254,,,,1.32000000000005
1cmt_iv__sparse__051,sparse,51,260925051,saemix,1,sigma_prop,0.132941357121784,0.15,-0.11372428585477323,,,,1.32000000000005
1cmt_iv__sparse__052,sparse,52,260925052,nlmixr2_focei,1,theta_CL,3.9247510726901,4.0,-0.018812231827475046,3.4856738253790813,4.419137232643068,1,2.27999999999997
1cmt_iv__sparse__052,sparse,52,260925052,nlmixr2_focei,1,theta_V,41.4135633405496,40.0,0.03533908351374002,38.46502065176447,44.58812706975733,1,2.27999999999997
1cmt_iv__sparse__052,sparse,52,260925052,nlmixr2_focei,1,omega_CL,0.105330969723094,0.09,0.1703441080343778,,,,2.27999999999997
1cmt_iv__sparse__052,sparse,52,260925052,nlmixr2_focei,1,omega_V,0.0311190521465433,0.04,-0.22202369633641753,,,,2.27999999999997
1cmt_iv__sparse__052,sparse,52,260925052,nlmixr2_focei,1,sigma_prop,0.139698065027289,0.15,-0.06867956648474005,,,,2.27999999999997
1cmt_iv__sparse__052,sparse,52,260925052,nlmixr2_saem,1,theta_CL,3.84476004929236,4.0,-0.03880998767691002,3.4113571224070007,4.333225548137426,1,5.17999999999995
1cmt_iv__sparse__052,sparse,52,260925052,nlmixr2_saem,1,theta_V,41.0755888522855,40.0,0.02688972130713747,38.22012207794508,44.14439064640251,1,5.17999999999995
1cmt_iv__sparse__052,sparse,52,260925052,nlmixr2_saem,1,omega_CL,0.106693058772885,0.09,0.18547843080983337,,,,5.17999999999995
1cmt_iv__sparse__052,sparse,52,260925052,nlmixr2_saem,1,omega_V,0.0310878862283592,0.04,-0.22280284429101999,,,,5.17999999999995
1cmt_iv__sparse__052,sparse,52,260925052,nlmixr2_saem,1,sigma_prop,0.141097508653415,0.15,-0.05934994231056664,,,,5.17999999999995
1cmt_iv__sparse__052,sparse,52,260925052,pkpy2,1,theta_CL,3.845873225073629,4.0,-0.03853169373159271,3.4087085663101866,4.339103967268379,1,7.5310195999918506
1cmt_iv__sparse__052,sparse,52,260925052,pkpy2,1,theta_V,41.060856979643006,40.0,0.02652142449107515,38.02454149567876,44.33962671434973,1,7.5310195999918506
1cmt_iv__sparse__052,sparse,52,260925052,pkpy2,1,omega_CL,0.10602323565577976,0.09,0.17803595173088624,,,,7.5310195999918506
1cmt_iv__sparse__052,sparse,52,260925052,pkpy2,1,omega_V,0.03095821378572134,0.04,-0.2260446553569665,,,,7.5310195999918506
1cmt_iv__sparse__052,sparse,52,260925052,pkpy2,1,sigma_prop,0.13947845054685948,0.15,-0.07014366302093678,,,,7.5310195999918506
1cmt_iv__sparse__052,sparse,52,260925052,saemix,1,theta_CL,3.86781048938102,4.0,-0.03304737765474497,3.427006984107418,4.365312954173112,1,1.11000000000001
1cmt_iv__sparse__052,sparse,52,260925052,saemix,1,theta_V,41.3279302025804,40.0,0.03319825506450993,38.358237825591644,44.5275359779386,1,1.11000000000001
1cmt_iv__sparse__052,sparse,52,260925052,saemix,1,omega_CL,0.106770012485389,0.09,0.18633347205987788,,,,1.11000000000001
1cmt_iv__sparse__052,sparse,52,260925052,saemix,1,omega_V,0.0284656509396513,0.04,-0.2883587265087175,,,,1.11000000000001
1cmt_iv__sparse__052,sparse,52,260925052,saemix,1,sigma_prop,0.139963115211868,0.15,-0.06691256525421334,,,,1.11000000000001
1cmt_iv__sparse__053,sparse,53,260925053,nlmixr2_focei,1,theta_CL,4.01713904290735,4.0,0.004284760726837478,3.545737182311618,4.551213262662043,1,2.23000000000002
1cmt_iv__sparse__053,sparse,53,260925053,nlmixr2_focei,1,theta_V,39.7659090452273,40.0,-0.005852273869317415,36.26780412676892,43.60141343727308,1,2.23000000000002
1cmt_iv__sparse__053,sparse,53,260925053,nlmixr2_focei,1,omega_CL,0.120462131465108,0.09,0.33846812739008886,,,,2.23000000000002
1cmt_iv__sparse__053,sparse,53,260925053,nlmixr2_focei,1,omega_V,0.0450474272876314,0.04,0.12618568219078494,,,,2.23000000000002
1cmt_iv__sparse__053,sparse,53,260925053,nlmixr2_focei,1,sigma_prop,0.166994404887556,0.15,0.1132960325837068,,,,2.23000000000002
1cmt_iv__sparse__053,sparse,53,260925053,nlmixr2_saem,1,theta_CL,3.91309587671412,4.0,-0.021726030821469955,3.436601794799658,4.455657144661913,1,5.05999999999995
1cmt_iv__sparse__053,sparse,53,260925053,nlmixr2_saem,1,theta_V,39.392832098354,40.0,-0.015179197541150024,36.13560126705802,42.94366680827194,1,5.05999999999995
1cmt_iv__sparse__053,sparse,53,260925053,nlmixr2_saem,1,omega_CL,0.12407313424479,0.09,0.3785903804976667,,,,5.05999999999995
1cmt_iv__sparse__053,sparse,53,260925053,nlmixr2_saem,1,omega_V,0.0434479049450412,0.04,0.08619762362602999,,,,5.05999999999995
1cmt_iv__sparse__053,sparse,53,260925053,nlmixr2_saem,1,sigma_prop,0.17272753448817,0.15,0.1515168965878,,,,5.05999999999995
1cmt_iv__sparse__053,sparse,53,260925053,pkpy2,1,theta_CL,3.9098346988107973,4.0,-0.022541325297300685,3.4288030924274797,4.4583509055349,1,8.941297700002906
1cmt_iv__sparse__053,sparse,53,260925053,pkpy2,1,theta_V,39.30358323890539,40.0,-0.017410419027365266,35.7918279751304,43.15989830111316,1,8.941297700002906
1cmt_iv__sparse__053,sparse,53,260925053,pkpy2,1,omega_CL,0.12343568100388327,0.09,0.3715075667098142,,,,8.941297700002906
1cmt_iv__sparse__053,sparse,53,260925053,pkpy2,1,omega_V,0.046015175794792654,0.04,0.15037939486981633,,,,8.941297700002906
1cmt_iv__sparse__053,sparse,53,260925053,pkpy2,1,sigma_prop,0.16669591153666208,0.15,0.11130607691108056,,,,8.941297700002906
1cmt_iv__sparse__053,sparse,53,260925053,saemix,1,theta_CL,3.93127057371517,4.0,-0.01718235657120748,3.4416376950041854,4.490562253601772,1,1.16999999999996
1cmt_iv__sparse__053,sparse,53,260925053,saemix,1,theta_V,39.5526726282332,40.0,-0.011183184294169913,36.108944518038044,43.32483081178661,1,1.16999999999996
1cmt_iv__sparse__053,sparse,53,260925053,saemix,1,omega_CL,0.127299313785474,0.09,0.4144368198385999,,,,1.16999999999996
1cmt_iv__sparse__053,sparse,53,260925053,saemix,1,omega_V,0.043290677777275,0.04,0.082266944431875,,,,1.16999999999996
1cmt_iv__sparse__053,sparse,53,260925053,saemix,1,sigma_prop,0.167939765572551,0.15,0.11959843715034002,,,,1.16999999999996
1cmt_iv__sparse__054,sparse,54,260925054,nlmixr2_focei,1,theta_CL,4.24715830678217,4.0,0.061789576695542525,3.7981318655169094,4.749269988922264,1,1.95000000000005
1cmt_iv__sparse__054,sparse,54,260925054,nlmixr2_focei,1,theta_V,39.2785467818355,40.0,-0.01803633045411246,36.15302147004815,42.67428210864792,1,1.95000000000005
1cmt_iv__sparse__054,sparse,54,260925054,nlmixr2_focei,1,omega_CL,0.0866943208091779,0.09,-0.036729768786912226,,,,1.95000000000005
1cmt_iv__sparse__054,sparse,54,260925054,nlmixr2_focei,1,omega_V,0.0346372733846025,0.04,-0.13406816538493754,,,,1.95000000000005
1cmt_iv__sparse__054,sparse,54,260925054,nlmixr2_focei,1,sigma_prop,0.158710892573912,0.15,0.05807261715941333,,,,1.95000000000005
1cmt_iv__sparse__054,sparse,54,260925054,nlmixr2_saem,1,theta_CL,4.16790008280531,4.0,0.041975020701327415,3.735417990626937,4.650454418712313,1,5.27999999999997
1cmt_iv__sparse__054,sparse,54,260925054,nlmixr2_saem,1,theta_V,38.9196646773486,40.0,-0.027008383066285013,36.10898443107081,41.94912491900113,1,5.27999999999997
1cmt_iv__sparse__054,sparse,54,260925054,nlmixr2_saem,1,omega_CL,0.0872525178829311,0.09,-0.030527579078543244,,,,5.27999999999997
1cmt_iv__sparse__054,sparse,54,260925054,nlmixr2_saem,1,omega_V,0.0333309900952637,0.04,-0.16672524761840757,,,,5.27999999999997
1cmt_iv__sparse__054,sparse,54,260925054,nlmixr2_saem,1,sigma_prop,0.162307949260001,0.15,0.08205299506667338,,,,5.27999999999997
1cmt_iv__sparse__054,sparse,54,260925054,pkpy2,1,theta_CL,4.162334040963356,4.0,0.04058351024083895,3.720775067553554,4.656294549929274,1,7.31146009999793
1cmt_iv__sparse__054,sparse,54,260925054,pkpy2,1,theta_V,38.89828898939784,40.0,-0.027542775265053977,35.772653188530924,42.29702723833236,1,7.31146009999793
1cmt_iv__sparse__054,sparse,54,260925054,pkpy2,1,omega_CL,0.08803263769355733,0.09,-0.021859581182696257,,,,7.31146009999793
1cmt_iv__sparse__054,sparse,54,260925054,pkpy2,1,omega_V,0.03443731421848749,0.04,-0.1390671445378128,,,,7.31146009999793
1cmt_iv__sparse__054,sparse,54,260925054,pkpy2,1,sigma_prop,0.16101218325472727,0.15,0.07341455503151517,,,,7.31146009999793
1cmt_iv__sparse__054,sparse,54,260925054,saemix,1,theta_CL,4.17306516976563,4.0,0.04326629244140756,3.7328724453226316,4.665166883195206,1,1.19000000000005
1cmt_iv__sparse__054,sparse,54,260925054,saemix,1,theta_V,38.9692700528255,40.0,-0.025768248679362494,35.85680476474501,42.3519055424358,1,1.19000000000005
1cmt_iv__sparse__054,sparse,54,260925054,saemix,1,omega_CL,0.087386452450434,0.09,-0.029039417217399974,,,,1.19000000000005
1cmt_iv__sparse__054,sparse,54,260925054,saemix,1,omega_V,0.0347618814239503,0.04,-0.13095296440124252,,,,1.19000000000005
1cmt_iv__sparse__054,sparse,54,260925054,saemix,1,sigma_prop,0.159330906862306,0.15,0.062206045748706695,,,,1.19000000000005
1cmt_iv__sparse__055,sparse,55,260925055,nlmixr2_focei,1,theta_CL,3.52561744834788,4.0,-0.11859563791302996,3.124366893841622,3.978399085138018,0,1.99000000000001
1cmt_iv__sparse__055,sparse,55,260925055,nlmixr2_focei,1,theta_V,39.6415475953738,40.0,-0.008961310115654975,36.236429235493304,43.366643151943364,1,1.99000000000001
1cmt_iv__sparse__055,sparse,55,260925055,nlmixr2_focei,1,omega_CL,0.0919367182318852,0.09,0.021519091465391216,,,,1.99000000000001
1cmt_iv__sparse__055,sparse,55,260925055,nlmixr2_focei,1,omega_V,0.046593996747036,0.04,0.16484991867590001,,,,1.99000000000001
1cmt_iv__sparse__055,sparse,55,260925055,nlmixr2_focei,1,sigma_prop,0.145128244031396,0.15,-0.032478373124026724,,,,1.99000000000001
1cmt_iv__sparse__055,sparse,55,260925055,nlmixr2_saem,1,theta_CL,3.45320061434883,4.0,-0.13669984641279254,3.081835487988047,3.8693157144231654,0,5.13
1cmt_iv__sparse__055,sparse,55,260925055,nlmixr2_saem,1,theta_V,39.2772823085838,40.0,-0.018067942285405002,36.115801865291004,42.71551027171856,1,5.13
1cmt_iv__sparse__055,sparse,55,260925055,nlmixr2_saem,1,omega_CL,0.0953190116567602,0.09,0.05910012951955778,,,,5.13
1cmt_iv__sparse__055,sparse,55,260925055,nlmixr2_saem,1,omega_V,0.0440488162329719,0.04,0.10122040582429756,,,,5.13
1cmt_iv__sparse__055,sparse,55,260925055,nlmixr2_saem,1,sigma_prop,0.149156035369546,0.15,-0.005626430869693315,,,,5.13
1cmt_iv__sparse__055,sparse,55,260925055,pkpy2,1,theta_CL,3.4497388128226727,4.0,-0.13756529679433183,3.0748742457687386,3.870303929688003,0,7.378838299991912
1cmt_iv__sparse__055,sparse,55,260925055,pkpy2,1,theta_V,39.18582597957802,40.0,-0.020354350510549502,35.81088280788451,42.87883563048305,1,7.378838299991912
1cmt_iv__sparse__055,sparse,55,260925055,pkpy2,1,omega_CL,0.09464565816083756,0.09,0.05161842400930625,,,,7.378838299991912
1cmt_iv__sparse__055,sparse,55,260925055,pkpy2,1,omega_V,0.046396423032698385,0.04,0.1599105758174596,,,,7.378838299991912
1cmt_iv__sparse__055,sparse,55,260925055,pkpy2,1,sigma_prop,0.14570307390295392,0.15,-0.02864617398030715,,,,7.378838299991912
1cmt_iv__sparse__055,sparse,55,260925055,saemix,1,theta_CL,3.46549486292529,4.0,-0.1336262842686775,3.087063289222887,3.890316951676358,0,1.03999999999996
1cmt_iv__sparse__055,sparse,55,260925055,saemix,1,theta_V,39.3213142011746,40.0,-0.01696714497063496,36.06074528853329,42.87669980573446,1,1.03999999999996
1cmt_iv__sparse__055,sparse,55,260925055,saemix,1,omega_CL,0.095537612336261,0.09,0.06152902595845559,,,,1.03999999999996
1cmt_iv__sparse__055,sparse,55,260925055,saemix,1,omega_V,0.0414570652355231,0.04,0.03642663088807754,,,,1.03999999999996
1cmt_iv__sparse__055,sparse,55,260925055,saemix,1,sigma_prop,0.149635592840445,0.15,-0.0024293810636999424,,,,1.03999999999996
1cmt_iv__sparse__056,sparse,56,260925056,nlmixr2_focei,1,theta_CL,3.83187259268251,4.0,-0.042031851829372524,3.4616038345065503,4.241746967166874,1,1.82999999999993
1cmt_iv__sparse__056,sparse,56,260925056,nlmixr2_focei,1,theta_V,41.0823007207592,40.0,0.027057518018979997,37.33539641819354,45.205236703699455,1,1.82999999999993
1cmt_iv__sparse__056,sparse,56,260925056,nlmixr2_focei,1,omega_CL,0.0690086742978897,0.09,-0.23323695224566993,,,,1.82999999999993
1cmt_iv__sparse__056,sparse,56,260925056,nlmixr2_focei,1,omega_V,0.0489098359859316,0.04,0.22274589964828995,,,,1.82999999999993
1cmt_iv__sparse__056,sparse,56,260925056,nlmixr2_focei,1,sigma_prop,0.17053960492182,0.15,0.1369306994788,,,,1.82999999999993
1cmt_iv__sparse__056,sparse,56,260925056,nlmixr2_saem,1,theta_CL,3.72636876021905,4.0,-0.06840780994523754,3.3760580677538976,4.113028821916782,1,5.28000000000009
1cmt_iv__sparse__056,sparse,56,260925056,nlmixr2_saem,1,theta_V,40.5633273104235,40.0,0.014083182760587575,37.1572676765469,44.28160694740992,1,5.28000000000009
1cmt_iv__sparse__056,sparse,56,260925056,nlmixr2_saem,1,omega_CL,0.0693015969543765,0.09,-0.2299822560624833,,,,5.28000000000009
1cmt_iv__sparse__056,sparse,56,260925056,nlmixr2_saem,1,omega_V,0.0465343988559122,0.04,0.16335997139780498,,,,5.28000000000009
1cmt_iv__sparse__056,sparse,56,260925056,nlmixr2_saem,1,sigma_prop,0.174582364929653,0.15,0.16388243286435344,,,,5.28000000000009
1cmt_iv__sparse__056,sparse,56,260925056,pkpy2,1,theta_CL,3.7324756238678996,4.0,-0.06688109403302511,3.3696340273630727,4.134387939354395,1,15.2600792000012
1cmt_iv__sparse__056,sparse,56,260925056,pkpy2,1,theta_V,40.63196967581465,40.0,0.0157992418953663,36.91749709404336,44.720175789021816,1,15.2600792000012
1cmt_iv__sparse__056,sparse,56,260925056,pkpy2,1,omega_CL,0.07054841587526164,0.09,-0.2161287124970928,,,,15.2600792000012
1cmt_iv__sparse__056,sparse,56,260925056,pkpy2,1,omega_V,0.04846914342904615,0.04,0.21172858572615377,,,,15.2600792000012
1cmt_iv__sparse__056,sparse,56,260925056,pkpy2,1,sigma_prop,0.17035510379393953,0.15,0.13570069195959694,,,,15.2600792000012
1cmt_iv__sparse__056,sparse,56,260925056,saemix,1,theta_CL,3.73575532061901,4.0,-0.06606116984524746,3.378130078015223,4.1312405067992035,1,1.19000000000005
1cmt_iv__sparse__056,sparse,56,260925056,saemix,1,theta_V,40.5637291821672,40.0,0.01409322955418002,36.85662504700972,44.64370036772264,1,1.19000000000005
1cmt_iv__sparse__056,sparse,56,260925056,saemix,1,omega_CL,0.0679704213719261,0.09,-0.24477309586748772,,,,1.19000000000005
1cmt_iv__sparse__056,sparse,56,260925056,saemix,1,omega_V,0.0489893575359552,0.04,0.22473393839888,,,,1.19000000000005
1cmt_iv__sparse__056,sparse,56,260925056,saemix,1,sigma_prop,0.172886823896868,0.15,0.15257882597911998,,,,1.19000000000005
1cmt_iv__sparse__057,sparse,57,260925057,nlmixr2_focei,1,theta_CL,4.04466705811757,4.0,0.01116676452939247,3.68930778919825,4.434255027167739,1,1.97000000000003
1cmt_iv__sparse__057,sparse,57,260925057,nlmixr2_focei,1,theta_V,40.0035746588549,40.0,8.936647137254283e-05,36.73354677007921,43.564701102864056,1,1.97000000000003
1cmt_iv__sparse__057,sparse,57,260925057,nlmixr2_focei,1,omega_CL,0.060314778025825,0.09,-0.3298357997130555,,,,1.97000000000003
1cmt_iv__sparse__057,sparse,57,260925057,nlmixr2_focei,1,omega_V,0.0448136573279795,0.04,0.12034143319948741,,,,1.97000000000003
1cmt_iv__sparse__057,sparse,57,260925057,nlmixr2_focei,1,sigma_prop,0.129126667936565,0.15,-0.13915554708956668,,,,1.97000000000003
1cmt_iv__sparse__057,sparse,57,260925057,nlmixr2_saem,1,theta_CL,3.98263617264377,4.0,-0.004340956839057553,3.63282608660666,4.366129978566185,1,5.34000000000003
1cmt_iv__sparse__057,sparse,57,260925057,nlmixr2_saem,1,theta_V,39.6279682474211,40.0,-0.009300793814472463,36.50381368116388,43.01950150016615,1,5.34000000000003
1cmt_iv__sparse__057,sparse,57,260925057,nlmixr2_saem,1,omega_CL,0.0615658403816312,0.09,-0.31593510687076437,,,,5.34000000000003
1cmt_iv__sparse__057,sparse,57,260925057,nlmixr2_saem,1,omega_V,0.0427012098557005,0.04,0.06753024639251248,,,,5.34000000000003
1cmt_iv__sparse__057,sparse,57,260925057,nlmixr2_saem,1,sigma_prop,0.133281729277632,0.15,-0.11145513814912004,,,,5.34000000000003
1cmt_iv__sparse__057,sparse,57,260925057,pkpy2,1,theta_CL,3.982845909218181,4.0,-0.004288522695454766,3.629247981863967,4.370894911520704,1,7.680914999989909
1cmt_iv__sparse__057,sparse,57,260925057,pkpy2,1,theta_V,39.65281087010549,40.0,-0.008679728247362739,36.400202450992296,43.196062220183975,1,7.680914999989909
1cmt_iv__sparse__057,sparse,57,260925057,pkpy2,1,omega_CL,0.06130055587254389,0.09,-0.31888271252729006,,,,7.680914999989909
1cmt_iv__sparse__057,sparse,57,260925057,pkpy2,1,omega_V,0.04432970837964297,0.04,0.10824270949107428,,,,7.680914999989909
1cmt_iv__sparse__057,sparse,57,260925057,pkpy2,1,sigma_prop,0.12899261337084886,0.15,-0.14004924419434092,,,,7.680914999989909
1cmt_iv__sparse__057,sparse,57,260925057,saemix,1,theta_CL,3.99835933185461,4.0,-0.0004101670363475529,3.6426741459894068,4.388775033372236,1,1.13999999999999
1cmt_iv__sparse__057,sparse,57,260925057,saemix,1,theta_V,39.7326059361705,40.0,-0.006684851595737484,36.51271842574943,43.23644041156074,1,1.13999999999999
1cmt_iv__sparse__057,sparse,57,260925057,saemix,1,omega_CL,0.0617577249280004,0.09,-0.3138030563555511,,,,1.13999999999999
1cmt_iv__sparse__057,sparse,57,260925057,saemix,1,omega_V,0.0431738388641314,0.04,0.07934597160328491,,,,1.13999999999999
1cmt_iv__sparse__057,sparse,57,260925057,saemix,1,sigma_prop,0.12837886631615,0.15,-0.14414089122566662,,,,1.13999999999999
1cmt_iv__sparse__058,sparse,58,260925058,nlmixr2_focei,1,theta_CL,4.28897504401935,4.0,0.07224376100483743,3.9300257598849497,4.6807089958512895,1,2.17000000000007
1cmt_iv__sparse__058,sparse,58,260925058,nlmixr2_focei,1,theta_V,40.4841263728825,40.0,0.012103159322062495,37.17171846596883,44.09170616300704,1,2.17000000000007
1cmt_iv__sparse__058,sparse,58,260925058,nlmixr2_focei,1,omega_CL,0.0516894564602956,0.09,-0.42567270599671553,,,,2.17000000000007
1cmt_iv__sparse__058,sparse,58,260925058,nlmixr2_focei,1,omega_V,0.0404201314431778,0.04,0.01050328607944493,,,,2.17000000000007
1cmt_iv__sparse__058,sparse,58,260925058,nlmixr2_focei,1,sigma_prop,0.154562606965798,0.15,0.03041737977198663,,,,2.17000000000007
1cmt_iv__sparse__058,sparse,58,260925058,nlmixr2_saem,1,theta_CL,4.21175211421863,4.0,0.05293802855465746,3.8674982293822158,4.5866487376410925,1,5.25
1cmt_iv__sparse__058,sparse,58,260925058,nlmixr2_saem,1,theta_V,40.2192874294112,40.0,0.005482185735280076,37.25440308794366,43.420131507974205,1,5.25
1cmt_iv__sparse__058,sparse,58,260925058,nlmixr2_saem,1,omega_CL,0.0509269283389604,0.09,-0.4341452406782178,,,,5.25
1cmt_iv__sparse__058,sparse,58,260925058,nlmixr2_saem,1,omega_V,0.0348793808915389,0.04,-0.12801547771152752,,,,5.25
1cmt_iv__sparse__058,sparse,58,260925058,nlmixr2_saem,1,sigma_prop,0.163953438789947,0.15,0.0930229252663134,,,,5.25
1cmt_iv__sparse__058,sparse,58,260925058,pkpy2,1,theta_CL,4.199921670934065,4.0,0.04998041773351636,3.8466957458350888,4.585582850185158,1,11.576176100003067
1cmt_iv__sparse__058,sparse,58,260925058,pkpy2,1,theta_V,40.10475945079548,40.0,0.0026189862698869247,36.753872466773196,43.76115012262211,1,11.576176100003067
1cmt_iv__sparse__058,sparse,58,260925058,pkpy2,1,omega_CL,0.05138120023503122,0.09,-0.42909777516631975,,,,11.576176100003067
1cmt_iv__sparse__058,sparse,58,260925058,pkpy2,1,omega_V,0.04033630172310081,0.04,0.008407543077520313,,,,11.576176100003067
1cmt_iv__sparse__058,sparse,58,260925058,pkpy2,1,sigma_prop,0.15559035528925041,0.15,0.03726903526166947,,,,11.576176100003067
1cmt_iv__sparse__058,sparse,58,260925058,saemix,1,theta_CL,4.22831139416916,4.0,0.05707784854229003,3.871762366419775,4.617694877434623,1,1.15999999999997
1cmt_iv__sparse__058,sparse,58,260925058,saemix,1,theta_V,40.4246279283076,40.0,0.010615698207690016,37.147770663635065,43.99054139584801,1,1.15999999999997
1cmt_iv__sparse__058,sparse,58,260925058,saemix,1,omega_CL,0.0511417982417575,0.09,-0.43175779731380554,,,,1.15999999999997
1cmt_iv__sparse__058,sparse,58,260925058,saemix,1,omega_V,0.0357883101700196,0.04,-0.10529224574951003,,,,1.15999999999997
1cmt_iv__sparse__058,sparse,58,260925058,saemix,1,sigma_prop,0.161997958051678,0.15,0.07998638701118665,,,,1.15999999999997
1cmt_iv__sparse__059,sparse,59,260925059,nlmixr2_focei,1,theta_CL,4.04504950454113,4.0,0.011262376135282581,3.541557252835131,4.620121693949687,1,2.21999999999991
1cmt_iv__sparse__059,sparse,59,260925059,nlmixr2_focei,1,theta_V,38.5480558437892,40.0,-0.03629860390527,35.77616080078591,41.53471406868364,1,2.21999999999991
1cmt_iv__sparse__059,sparse,59,260925059,nlmixr2_focei,1,omega_CL,0.128730138517436,0.09,0.43033487241595564,,,,2.21999999999991
1cmt_iv__sparse__059,sparse,59,260925059,nlmixr2_focei,1,omega_V,0.0335785341313094,0.04,-0.160536646717265,,,,2.21999999999991
1cmt_iv__sparse__059,sparse,59,260925059,nlmixr2_focei,1,sigma_prop,0.129557520400076,0.15,-0.13628319733282657,,,,2.21999999999991
1cmt_iv__sparse__059,sparse,59,260925059,nlmixr2_saem,1,theta_CL,3.98201754250833,4.0,-0.004495614372917456,3.4855318821259433,4.549223546098419,1,5.41999999999996
1cmt_iv__sparse__059,sparse,59,260925059,nlmixr2_saem,1,theta_V,38.3010439836021,40.0,-0.042473900409947515,35.59668826363959,41.210855329265726,1,5.41999999999996
1cmt_iv__sparse__059,sparse,59,260925059,nlmixr2_saem,1,omega_CL,0.133844131718042,0.09,0.48715701908935555,,,,5.41999999999996
1cmt_iv__sparse__059,sparse,59,260925059,nlmixr2_saem,1,omega_V,0.0335960081132688,0.04,-0.16009979716828,,,,5.41999999999996
1cmt_iv__sparse__059,sparse,59,260925059,nlmixr2_saem,1,sigma_prop,0.128437210766032,0.15,-0.14375192822645322,,,,5.41999999999996
1cmt_iv__sparse__059,sparse,59,260925059,pkpy2,1,theta_CL,3.9841477231000986,4.0,-0.003963069224975357,3.484371850520391,4.555608230250455,1,7.384400499999174
1cmt_iv__sparse__059,sparse,59,260925059,pkpy2,1,theta_V,38.23529745212414,40.0,-0.044117563696896414,35.430546367669706,41.26207809728913,1,7.384400499999174
1cmt_iv__sparse__059,sparse,59,260925059,pkpy2,1,omega_CL,0.13352321411285026,0.09,0.48359126792055845,,,,7.384400499999174
1cmt_iv__sparse__059,sparse,59,260925059,pkpy2,1,omega_V,0.03245848311119573,0.04,-0.1885379222201068,,,,7.384400499999174
1cmt_iv__sparse__059,sparse,59,260925059,pkpy2,1,sigma_prop,0.13051806799416904,0.15,-0.1298795467055397,,,,7.384400499999174
1cmt_iv__sparse__059,sparse,59,260925059,saemix,1,theta_CL,3.99123795661039,4.0,-0.002190510847402516,3.4932615907816227,4.560202553489022,1,1.5
1cmt_iv__sparse__059,sparse,59,260925059,saemix,1,theta_V,38.3074830995923,40.0,-0.042312922510192585,35.48319696083116,41.35656837926522,1,1.5
1cmt_iv__sparse__059,sparse,59,260925059,saemix,1,omega_CL,0.132300073985488,0.09,0.4700008220609777,,,,1.5
1cmt_iv__sparse__059,sparse,59,260925059,saemix,1,omega_V,0.0333340779861899,0.04,-0.1666480503452526,,,,1.5
1cmt_iv__sparse__059,sparse,59,260925059,saemix,1,sigma_prop,0.127688602295536,0.15,-0.14874265136309334,,,,1.5
1cmt_iv__sparse__060,sparse,60,260925060,nlmixr2_focei,1,theta_CL,4.42014327600572,4.0,0.10503581900143,4.010640211518175,4.871458308403797,0,2.06000000000006
1cmt_iv__sparse__060,sparse,60,260925060,nlmixr2_focei,1,theta_V,43.2942895012262,40.0,0.08235723753065508,39.52974563270449,47.41734290000655,1,2.06000000000006
1cmt_iv__sparse__060,sparse,60,260925060,nlmixr2_focei,1,omega_CL,0.0664473419462609,0.09,-0.26169620059710114,,,,2.06000000000006
1cmt_iv__sparse__060,sparse,60,260925060,nlmixr2_focei,1,omega_V,0.0410870858020567,0.04,0.02717714505141751,,,,2.06000000000006
1cmt_iv__sparse__060,sparse,60,260925060,nlmixr2_focei,1,sigma_prop,0.181513077418492,0.15,0.2100871827899468,,,,2.06000000000006
1cmt_iv__sparse__060,sparse,60,260925060,nlmixr2_saem,1,theta_CL,4.31478388118077,4.0,0.0786959702951926,3.9152381648950705,4.755102795080243,1,5.23000000000002
1cmt_iv__sparse__060,sparse,60,260925060,nlmixr2_saem,1,theta_V,42.9026386363402,40.0,0.07256596590850499,39.546554230983666,46.54353426621178,1,5.23000000000002
1cmt_iv__sparse__060,sparse,60,260925060,nlmixr2_saem,1,omega_CL,0.0655348805291605,0.09,-0.27183466078710555,,,,5.23000000000002
1cmt_iv__sparse__060,sparse,60,260925060,nlmixr2_saem,1,omega_V,0.0370084478097965,0.04,-0.0747888047550875,,,,5.23000000000002
1cmt_iv__sparse__060,sparse,60,260925060,nlmixr2_saem,1,sigma_prop,0.184545091999518,0.15,0.23030061333011997,,,,5.23000000000002
1cmt_iv__sparse__060,sparse,60,260925060,pkpy2,1,theta_CL,4.309737263740263,4.0,0.07743431593506567,3.9003260423352732,4.7621237509032825,1,6.005814999996801
1cmt_iv__sparse__060,sparse,60,260925060,pkpy2,1,theta_V,42.800812534266086,40.0,0.07002031335665215,39.0848353568145,46.87008495416349,1,6.005814999996801
1cmt_iv__sparse__060,sparse,60,260925060,pkpy2,1,omega_CL,0.06573724019083713,0.09,-0.26958622010180966,,,,6.005814999996801
1cmt_iv__sparse__060,sparse,60,260925060,pkpy2,1,omega_V,0.03863853774961143,0.04,-0.034036556259714294,,,,6.005814999996801
1cmt_iv__sparse__060,sparse,60,260925060,pkpy2,1,sigma_prop,0.18147148123450413,0.15,0.20980987489669423,,,,6.005814999996801
1cmt_iv__sparse__060,sparse,60,260925060,saemix,1,theta_CL,4.3264980011951,4.0,0.081624500298775,3.91873224448734,4.776694039424991,1,1.16999999999996
1cmt_iv__sparse__060,sparse,60,260925060,saemix,1,theta_V,42.9467449679501,40.0,0.07366862419875257,39.28519692514503,46.949564917710745,1,1.16999999999996
1cmt_iv__sparse__060,sparse,60,260925060,saemix,1,omega_CL,0.0646583214086363,0.09,-0.2815742065707078,,,,1.16999999999996
1cmt_iv__sparse__060,sparse,60,260925060,saemix,1,omega_V,0.0368196410498172,0.04,-0.07950897375457004,,,,1.16999999999996
1cmt_iv__sparse__060,sparse,60,260925060,saemix,1,sigma_prop,0.181791050471591,0.15,0.21194033647727337,,,,1.16999999999996
1cmt_iv__sparse__061,sparse,61,260925061,nlmixr2_focei,1,theta_CL,4.44124151113166,4.0,0.11031037778291508,3.979583577963384,4.956454808342895,1,2.05999999999995
1cmt_iv__sparse__061,sparse,61,260925061,nlmixr2_focei,1,theta_V,38.6298075985771,40.0,-0.034254810035572444,36.02768367531207,41.419871689549,1,2.05999999999995
1cmt_iv__sparse__061,sparse,61,260925061,nlmixr2_focei,1,omega_CL,0.0896241355304047,0.09,-0.004176271884392186,,,,2.05999999999995
1cmt_iv__sparse__061,sparse,61,260925061,nlmixr2_focei,1,omega_V,0.0284444636454065,0.04,-0.2888884088648375,,,,2.05999999999995
1cmt_iv__sparse__061,sparse,61,260925061,nlmixr2_focei,1,sigma_prop,0.105234246549966,0.15,-0.2984383563335599,,,,2.05999999999995
1cmt_iv__sparse__061,sparse,61,260925061,nlmixr2_saem,1,theta_CL,4.40140295725426,4.0,0.10035073931356497,3.9469354439830986,4.908199859630008,1,5.18999999999994
1cmt_iv__sparse__061,sparse,61,260925061,nlmixr2_saem,1,theta_V,38.4801940921604,40.0,-0.037995147695989925,36.01634005411659,41.11259875782666,1,5.18999999999994
1cmt_iv__sparse__061,sparse,61,260925061,nlmixr2_saem,1,omega_CL,0.0898428586864583,0.09,-0.0017460145949076905,,,,5.18999999999994
1cmt_iv__sparse__061,sparse,61,260925061,nlmixr2_saem,1,omega_V,0.0284136055696081,0.04,-0.28965986075979755,,,,5.18999999999994
1cmt_iv__sparse__061,sparse,61,260925061,nlmixr2_saem,1,sigma_prop,0.107189750800259,0.15,-0.28540166133160666,,,,5.18999999999994
1cmt_iv__sparse__061,sparse,61,260925061,pkpy2,1,theta_CL,4.395255177558423,4.0,0.09881379438960569,3.9392224555867523,4.904081527169462,1,7.521765199999209
1cmt_iv__sparse__061,sparse,61,260925061,pkpy2,1,theta_V,38.40128743380973,40.0,-0.03996781415475681,35.82715016021845,41.16037334757082,1,7.521765199999209
1cmt_iv__sparse__061,sparse,61,260925061,pkpy2,1,omega_CL,0.08950194960177728,0.09,-0.005533893313585762,,,,7.521765199999209
1cmt_iv__sparse__061,sparse,61,260925061,pkpy2,1,omega_V,0.028912122338739115,0.04,-0.27719694153152213,,,,7.521765199999209
1cmt_iv__sparse__061,sparse,61,260925061,pkpy2,1,sigma_prop,0.10539916446205908,0.15,-0.2973389035862728,,,,7.521765199999209
1cmt_iv__sparse__061,sparse,61,260925061,saemix,1,theta_CL,4.40400843588482,4.0,0.10100210897120498,3.9471050471624474,4.913801399151469,1,1.29999999999995
1cmt_iv__sparse__061,sparse,61,260925061,saemix,1,theta_V,38.473472323129,40.0,-0.038163191921774954,35.968267277595814,41.15316596083505,1,1.29999999999995
1cmt_iv__sparse__061,sparse,61,260925061,saemix,1,omega_CL,0.0893877658730702,0.09,-0.006802601410331147,,,,1.29999999999995
1cmt_iv__sparse__061,sparse,61,260925061,saemix,1,omega_V,0.0266392745230206,0.04,-0.334018136924485,,,,1.29999999999995
1cmt_iv__sparse__061,sparse,61,260925061,saemix,1,sigma_prop,0.106940356532778,0.15,-0.28706428978147996,,,,1.29999999999995
1cmt_iv__sparse__062,sparse,62,260925062,nlmixr2_focei,1,theta_CL,3.81957759569284,4.0,-0.04510560107678996,3.434785206487385,4.24747753715827,1,2.05999999999995
1cmt_iv__sparse__062,sparse,62,260925062,nlmixr2_focei,1,theta_V,40.7614954451885,40.0,0.01903738612971253,38.04923304359225,43.667095970753884,1,2.05999999999995
1cmt_iv__sparse__062,sparse,62,260925062,nlmixr2_focei,1,omega_CL,0.0904401156562255,0.09,0.004890173958061215,,,,2.05999999999995
1cmt_iv__sparse__062,sparse,62,260925062,nlmixr2_focei,1,omega_V,0.0221661934228009,0.04,-0.4458451644299775,,,,2.05999999999995
1cmt_iv__sparse__062,sparse,62,260925062,nlmixr2_focei,1,sigma_prop,0.164836504870414,0.15,0.0989100324694268,,,,2.05999999999995
1cmt_iv__sparse__062,sparse,62,260925062,nlmixr2_saem,1,theta_CL,3.74044410480467,4.0,-0.06488897379883252,3.335099532180029,4.195053840573888,1,5.15000000000009
1cmt_iv__sparse__062,sparse,62,260925062,nlmixr2_saem,1,theta_V,40.5056959848007,40.0,0.012642399620017564,38.18636441995194,42.96589717652845,1,5.15000000000009
1cmt_iv__sparse__062,sparse,62,260925062,nlmixr2_saem,1,omega_CL,0.0961009957019509,0.09,0.06778884113278776,,,,5.15000000000009
1cmt_iv__sparse__062,sparse,62,260925062,nlmixr2_saem,1,omega_V,0.0172682732967814,0.04,-0.568293167580465,,,,5.15000000000009
1cmt_iv__sparse__062,sparse,62,260925062,nlmixr2_saem,1,sigma_prop,0.171105392624265,0.15,0.14070261749510002,,,,5.15000000000009
1cmt_iv__sparse__062,sparse,62,260925062,pkpy2,1,theta_CL,3.7341024548366564,4.0,-0.06647438629083591,3.3270819668469866,4.190916028567567,1,8.311394400006975
1cmt_iv__sparse__062,sparse,62,260925062,pkpy2,1,theta_V,40.48382465643019,40.0,0.012095616410754673,37.577855805988094,43.61451774349022,1,8.311394400006975
1cmt_iv__sparse__062,sparse,62,260925062,pkpy2,1,omega_CL,0.09347092465490622,0.09,0.03856582949895808,,,,8.311394400006975
1cmt_iv__sparse__062,sparse,62,260925062,pkpy2,1,omega_V,0.02177846199671381,0.04,-0.4555384500821547,,,,8.311394400006975
1cmt_iv__sparse__062,sparse,62,260925062,pkpy2,1,sigma_prop,0.1664773255575599,0.15,0.10984883705039936,,,,8.311394400006975
1cmt_iv__sparse__062,sparse,62,260925062,saemix,1,theta_CL,3.76390884138266,4.0,-0.05902278965433505,3.3469212807237736,4.232848214217614,1,1.08000000000004
1cmt_iv__sparse__062,sparse,62,260925062,saemix,1,theta_V,40.7844685705322,40.0,0.019611714263304946,37.98648247495074,43.78854708849652,1,1.08000000000004
1cmt_iv__sparse__062,sparse,62,260925062,saemix,1,omega_CL,0.0973529117836995,0.09,0.0816990198188833,,,,1.08000000000004
1cmt_iv__sparse__062,sparse,62,260925062,saemix,1,omega_V,0.0180119912130827,0.04,-0.5497002196729326,,,,1.08000000000004
1cmt_iv__sparse__062,sparse,62,260925062,saemix,1,sigma_prop,0.167610778398968,0.15,0.11740518932645347,,,,1.08000000000004
1cmt_iv__sparse__063,sparse,63,260925063,nlmixr2_focei,1,theta_CL,3.66973975639616,4.0,-0.08256506090096005,3.2514374571436218,4.141857273030636,1,2.14999999999998
1cmt_iv__sparse__063,sparse,63,260925063,nlmixr2_focei,1,theta_V,39.8452782502129,40.0,-0.0038680437446775074,36.768922023366784,43.17902487943308,1,2.14999999999998
1cmt_iv__sparse__063,sparse,63,260925063,nlmixr2_focei,1,omega_CL,0.100827108064713,0.09,0.12030120071903334,,,,2.14999999999998
1cmt_iv__sparse__063,sparse,63,260925063,nlmixr2_focei,1,omega_V,0.0328908888267099,0.04,-0.17772777933225248,,,,2.14999999999998
1cmt_iv__sparse__063,sparse,63,260925063,nlmixr2_focei,1,sigma_prop,0.167775994217996,0.15,0.11850662811997334,,,,2.14999999999998
1cmt_iv__sparse__063,sparse,63,260925063,nlmixr2_saem,1,theta_CL,3.57929542206068,4.0,-0.10517614448483004,3.1772740753749784,4.032184638296449,1,4.87
1cmt_iv__sparse__063,sparse,63,260925063,nlmixr2_saem,1,theta_V,39.4694417529637,40.0,-0.013263956175907587,36.60569560378597,42.55722522397508,1,4.87
1cmt_iv__sparse__063,sparse,63,260925063,nlmixr2_saem,1,omega_CL,0.103296426084495,0.09,0.1477380676055001,,,,4.87
1cmt_iv__sparse__063,sparse,63,260925063,nlmixr2_saem,1,omega_V,0.0312740798632262,0.04,-0.21814800341934495,,,,4.87
1cmt_iv__sparse__063,sparse,63,260925063,nlmixr2_saem,1,sigma_prop,0.171217283772145,0.15,0.1414485584809668,,,,4.87
1cmt_iv__sparse__063,sparse,63,260925063,pkpy2,1,theta_CL,3.5758652154210755,4.0,-0.10603369614473113,3.167064018438125,4.037434028619472,1,8.7865535000019
1cmt_iv__sparse__063,sparse,63,260925063,pkpy2,1,theta_V,39.43437177629473,40.0,-0.014140705592631697,36.25401027040632,42.8937286052576,1,8.7865535000019
1cmt_iv__sparse__063,sparse,63,260925063,pkpy2,1,omega_CL,0.10370816024329141,0.09,0.1523128915921268,,,,8.7865535000019
1cmt_iv__sparse__063,sparse,63,260925063,pkpy2,1,omega_V,0.03304398215469818,0.04,-0.17390044613254557,,,,8.7865535000019
1cmt_iv__sparse__063,sparse,63,260925063,pkpy2,1,sigma_prop,0.16806293541576214,0.15,0.12041956943841434,,,,8.7865535000019
1cmt_iv__sparse__063,sparse,63,260925063,saemix,1,theta_CL,3.61974250157479,4.0,-0.09506437460630246,3.2005826416387895,4.093797050338949,1,1.35000000000002
1cmt_iv__sparse__063,sparse,63,260925063,saemix,1,theta_V,39.8073841093931,40.0,-0.00481539726517255,36.78961559974897,43.072693307607565,1,1.35000000000002
1cmt_iv__sparse__063,sparse,63,260925063,saemix,1,omega_CL,0.105940815913385,0.09,0.17712017681538894,,,,1.35000000000002
1cmt_iv__sparse__063,sparse,63,260925063,saemix,1,omega_V,0.0239309862948431,0.04,-0.4017253426289225,,,,1.35000000000002
1cmt_iv__sparse__063,sparse,63,260925063,saemix,1,sigma_prop,0.1798662046823,0.15,0.19910803121533335,,,,1.35000000000002
1cmt_iv__sparse__064,sparse,64,260925064,nlmixr2_focei,1,theta_CL,4.2486022946696,4.0,0.062150573667399955,3.8918221931808983,4.638089964618475,1,1.95000000000005
1cmt_iv__sparse__064,sparse,64,260925064,nlmixr2_focei,1,theta_V,41.3467234565716,40.0,0.03366808641429007,37.474417824168334,45.61916208052922,1,1.95000000000005
1cmt_iv__sparse__064,sparse,64,260925064,nlmixr2_focei,1,omega_CL,0.0549798583224188,0.09,-0.38911268530645776,,,,1.95000000000005
1cmt_iv__sparse__064,sparse,64,260925064,nlmixr2_focei,1,omega_V,0.0606991174157835,0.04,0.5174779353945875,,,,1.95000000000005
1cmt_iv__sparse__064,sparse,64,260925064,nlmixr2_focei,1,sigma_prop,0.138997733059908,0.15,-0.07334844626727992,,,,1.95000000000005
1cmt_iv__sparse__064,sparse,64,260925064,nlmixr2_saem,1,theta_CL,4.16744652774445,4.0,0.041861631936112476,3.8152657306204016,4.552136545095935,1,5.04999999999995
1cmt_iv__sparse__064,sparse,64,260925064,nlmixr2_saem,1,theta_V,40.8839301729604,40.0,0.022098254324009935,37.120440619489756,45.02898452961514,1,5.04999999999995
1cmt_iv__sparse__064,sparse,64,260925064,nlmixr2_saem,1,omega_CL,0.0558219903857861,0.09,-0.3797556623801544,,,,5.04999999999995
1cmt_iv__sparse__064,sparse,64,260925064,nlmixr2_saem,1,omega_V,0.062405178674616,0.04,0.5601294668654,,,,5.04999999999995
1cmt_iv__sparse__064,sparse,64,260925064,nlmixr2_saem,1,sigma_prop,0.139290918302122,0.15,-0.07139387798585325,,,,5.04999999999995
1cmt_iv__sparse__064,sparse,64,260925064,pkpy2,1,theta_CL,4.171594085140809,4.0,0.04289852128520222,3.81295560126298,4.563965341064444,1,7.029855400003726
1cmt_iv__sparse__064,sparse,64,260925064,pkpy2,1,theta_V,40.92369712899254,40.0,0.02309242822481359,37.07029623297611,45.17765318572581,1,7.029855400003726
1cmt_iv__sparse__064,sparse,64,260925064,pkpy2,1,omega_CL,0.05573254153790456,0.09,-0.38074953846772713,,,,7.029855400003726
1cmt_iv__sparse__064,sparse,64,260925064,pkpy2,1,omega_V,0.06117359604963073,0.04,0.5293399012407681,,,,7.029855400003726
1cmt_iv__sparse__064,sparse,64,260925064,pkpy2,1,sigma_prop,0.13895846618462762,0.15,-0.07361022543581583,,,,7.029855400003726
1cmt_iv__sparse__064,sparse,64,260925064,saemix,1,theta_CL,4.18404149730538,4.0,0.046010374326344916,3.826527691523784,4.5749579416220545,1,1.08999999999992
1cmt_iv__sparse__064,sparse,64,260925064,saemix,1,theta_V,41.0378634370633,40.0,0.02594658592658252,37.1898660288513,45.28400920219918,1,1.08999999999992
1cmt_iv__sparse__064,sparse,64,260925064,saemix,1,omega_CL,0.0550310711558124,0.09,-0.38854365382430667,,,,1.08999999999992
1cmt_iv__sparse__064,sparse,64,260925064,saemix,1,omega_V,0.0609217302574088,0.04,0.5230432564352201,,,,1.08999999999992
1cmt_iv__sparse__064,sparse,64,260925064,saemix,1,sigma_prop,0.139261053409269,0.15,-0.07159297727153995,,,,1.08999999999992
1cmt_iv__sparse__065,sparse,65,260925065,nlmixr2_focei,1,theta_CL,4.24074785505848,4.0,0.06018696376461996,3.795702643889349,4.737974508918713,1,1.94000000000005
1cmt_iv__sparse__065,sparse,65,260925065,nlmixr2_focei,1,theta_V,40.6432544041781,40.0,0.016081360104452536,36.807940844340095,44.87819993920549,1,1.94000000000005
1cmt_iv__sparse__065,sparse,65,260925065,nlmixr2_focei,1,omega_CL,0.0786827615195774,0.09,-0.12574709422691777,,,,1.94000000000005
1cmt_iv__sparse__065,sparse,65,260925065,nlmixr2_focei,1,omega_V,0.0493158320493747,0.04,0.23289580123436754,,,,1.94000000000005
1cmt_iv__sparse__065,sparse,65,260925065,nlmixr2_focei,1,sigma_prop,0.151567881063922,0.15,0.010452540426146666,,,,1.94000000000005
1cmt_iv__sparse__065,sparse,65,260925065,nlmixr2_saem,1,theta_CL,4.14473974536278,4.0,0.03618493634069497,3.7354719754630485,4.5988479286236466,1,4.96999999999991
1cmt_iv__sparse__065,sparse,65,260925065,nlmixr2_saem,1,theta_V,40.1733164314632,40.0,0.00433291078657998,36.84220105817043,43.80561711159112,1,4.96999999999991
1cmt_iv__sparse__065,sparse,65,260925065,nlmixr2_saem,1,omega_CL,0.0784171682165431,0.09,-0.12869813092729887,,,,4.96999999999991
1cmt_iv__sparse__065,sparse,65,260925065,nlmixr2_saem,1,omega_V,0.0468237801705262,0.04,0.17059450426315498,,,,4.96999999999991
1cmt_iv__sparse__065,sparse,65,260925065,nlmixr2_saem,1,sigma_prop,0.157339354322727,0.15,0.04892902881818003,,,,4.96999999999991
1cmt_iv__sparse__065,sparse,65,260925065,pkpy2,1,theta_CL,4.151446604227029,4.0,0.03786165105675732,3.7323650238050927,4.617583970974468,1,8.588700599997537
1cmt_iv__sparse__065,sparse,65,260925065,pkpy2,1,theta_V,40.23317403253181,40.0,0.005829350813295164,36.665765066934654,44.147675352661594,1,8.588700599997537
1cmt_iv__sparse__065,sparse,65,260925065,pkpy2,1,omega_CL,0.07970638528895875,0.09,-0.11437349678934719,,,,8.588700599997537
1cmt_iv__sparse__065,sparse,65,260925065,pkpy2,1,omega_V,0.04888155115938046,0.04,0.22203877898451155,,,,8.588700599997537
1cmt_iv__sparse__065,sparse,65,260925065,pkpy2,1,sigma_prop,0.1525264865979035,0.15,0.016843243986023326,,,,8.588700599997537
1cmt_iv__sparse__065,sparse,65,260925065,saemix,1,theta_CL,4.1590141897271,4.0,0.03975354743177495,3.741550621451937,4.623056262068954,1,1.48000000000002
1cmt_iv__sparse__065,sparse,65,260925065,saemix,1,theta_V,40.1452445272801,40.0,0.0036311131820024657,36.78842273287965,43.808365198400004,1,1.48000000000002
1cmt_iv__sparse__065,sparse,65,260925065,saemix,1,omega_CL,0.0778117237177165,0.09,-0.13542529202537223,,,,1.48000000000002
1cmt_iv__sparse__065,sparse,65,260925065,saemix,1,omega_V,0.0394551197759476,0.04,-0.01362200560130998,,,,1.48000000000002
1cmt_iv__sparse__065,sparse,65,260925065,saemix,1,sigma_prop,0.162164900990045,0.15,0.08109933993363332,,,,1.48000000000002
1cmt_iv__sparse__066,sparse,66,260925066,nlmixr2_focei,1,theta_CL,3.98799998047964,4.0,-0.0030000048800900014,3.516068143123794,4.523275203129547,1,1.94000000000005
1cmt_iv__sparse__066,sparse,66,260925066,nlmixr2_focei,1,theta_V,38.0267309817457,40.0,-0.049331725456357486,34.19569997713298,42.286962107078814,1,1.94000000000005
1cmt_iv__sparse__066,sparse,66,260925066,nlmixr2_focei,1,omega_CL,0.100578696330331,0.09,0.11754107033701108,,,,1.94000000000005
1cmt_iv__sparse__066,sparse,66,260925066,nlmixr2_focei,1,omega_V,0.0434702875469149,0.04,0.08675718867287244,,,,1.94000000000005
1cmt_iv__sparse__066,sparse,66,260925066,nlmixr2_focei,1,sigma_prop,0.17904329982116,0.15,0.19362199880773331,,,,1.94000000000005
1cmt_iv__sparse__066,sparse,66,260925066,nlmixr2_saem,1,theta_CL,3.87444314775797,4.0,-0.03138921306050746,3.4409230567217954,4.362582207667882,1,5.06999999999994
1cmt_iv__sparse__066,sparse,66,260925066,nlmixr2_saem,1,theta_V,37.6786191169681,40.0,-0.05803452207579749,34.538251187606164,41.10452294906572,1,5.06999999999994
1cmt_iv__sparse__066,sparse,66,260925066,nlmixr2_saem,1,omega_CL,0.103054813571846,0.09,0.14505348413162222,,,,5.06999999999994
1cmt_iv__sparse__066,sparse,66,260925066,nlmixr2_saem,1,omega_V,0.0439928907078752,0.04,0.09982226769688005,,,,5.06999999999994
1cmt_iv__sparse__066,sparse,66,260925066,nlmixr2_saem,1,sigma_prop,0.179667429036843,0.15,0.19778286024561997,,,,5.06999999999994
1cmt_iv__sparse__066,sparse,66,260925066,pkpy2,1,theta_CL,3.871912992547949,4.0,-0.032021751863012704,3.4296890720307376,4.37115724108044,1,7.31280909999623
1cmt_iv__sparse__066,sparse,66,260925066,pkpy2,1,theta_V,37.58613474705533,40.0,-0.06034663132361669,34.16704271515315,41.34737492505482,1,7.31280909999623
1cmt_iv__sparse__066,sparse,66,260925066,pkpy2,1,omega_CL,0.10280746168025473,0.09,0.14230512978060816,,,,7.31280909999623
1cmt_iv__sparse__066,sparse,66,260925066,pkpy2,1,omega_V,0.04467194179297873,0.04,0.11679854482446825,,,,7.31280909999623
1cmt_iv__sparse__066,sparse,66,260925066,pkpy2,1,sigma_prop,0.1780338494317777,0.15,0.18689232954518464,,,,7.31280909999623
1cmt_iv__sparse__066,sparse,66,260925066,saemix,1,theta_CL,3.88105384705949,4.0,-0.029736538235127452,3.43435004000338,4.385860144809364,1,1.20000000000005
1cmt_iv__sparse__066,sparse,66,260925066,saemix,1,theta_V,37.7924104819081,40.0,-0.055189737952297514,34.4214862221353,41.49345210767125,1,1.20000000000005
1cmt_iv__sparse__066,sparse,66,260925066,saemix,1,omega_CL,0.104742661949562,0.09,0.16380735499513338,,,,1.20000000000005
1cmt_iv__sparse__066,sparse,66,260925066,saemix,1,omega_V,0.0432987932758486,0.04,0.08246983189621505,,,,1.20000000000005
1cmt_iv__sparse__066,sparse,66,260925066,saemix,1,sigma_prop,0.180503296885215,0.15,0.2033553125681,,,,1.20000000000005
1cmt_iv__sparse__067,sparse,67,260925067,nlmixr2_focei,1,theta_CL,4.12905719109164,4.0,0.032264297772909956,3.757885113797037,4.536890503839497,1,1.87
1cmt_iv__sparse__067,sparse,67,260925067,nlmixr2_focei,1,theta_V,39.8114788910159,40.0,-0.004713027724602447,36.16895354848972,43.82083792844448,1,1.87
1cmt_iv__sparse__067,sparse,67,260925067,nlmixr2_focei,1,omega_CL,0.0581384240157605,0.09,-0.35401751093599443,,,,1.87
1cmt_iv__sparse__067,sparse,67,260925067,nlmixr2_focei,1,omega_V,0.0569232710623685,0.04,0.42308177655921236,,,,1.87
1cmt_iv__sparse__067,sparse,67,260925067,nlmixr2_focei,1,sigma_prop,0.125520021372002,0.15,-0.16319985751998667,,,,1.87
1cmt_iv__sparse__067,sparse,67,260925067,nlmixr2_saem,1,theta_CL,4.06513322948143,4.0,0.016283307370357436,3.7174872838772717,4.445289764703249,1,5.15999999999997
1cmt_iv__sparse__067,sparse,67,260925067,nlmixr2_saem,1,theta_V,39.4244649314394,40.0,-0.014388376714014939,35.98092416738935,43.19756846431967,1,5.15999999999997
1cmt_iv__sparse__067,sparse,67,260925067,nlmixr2_saem,1,omega_CL,0.0581115132635318,0.09,-0.35431651929409114,,,,5.15999999999997
1cmt_iv__sparse__067,sparse,67,260925067,nlmixr2_saem,1,omega_V,0.0565656311926053,0.04,0.4141407798151324,,,,5.15999999999997
1cmt_iv__sparse__067,sparse,67,260925067,nlmixr2_saem,1,sigma_prop,0.128198884406263,0.15,-0.14534077062491324,,,,5.15999999999997
1cmt_iv__sparse__067,sparse,67,260925067,pkpy2,1,theta_CL,4.066504433333871,4.0,0.01662610833346778,3.713659019284664,4.452874704018822,1,7.447371500005829
1cmt_iv__sparse__067,sparse,67,260925067,pkpy2,1,theta_V,39.41985352055464,40.0,-0.01450366198613402,35.8671984924394,43.3243999223843,1,7.447371500005829
1cmt_iv__sparse__067,sparse,67,260925067,pkpy2,1,omega_CL,0.05829123051000794,0.09,-0.3523196609999118,,,,7.447371500005829
1cmt_iv__sparse__067,sparse,67,260925067,pkpy2,1,omega_V,0.0569443004654865,0.04,0.4236075116371625,,,,7.447371500005829
1cmt_iv__sparse__067,sparse,67,260925067,pkpy2,1,sigma_prop,0.12646137345549935,0.15,-0.15692417696333766,,,,7.447371500005829
1cmt_iv__sparse__067,sparse,67,260925067,saemix,1,theta_CL,4.06932159269703,4.0,0.01733039817425741,3.720773158044972,4.450520771196699,1,1.19000000000005
1cmt_iv__sparse__067,sparse,67,260925067,saemix,1,theta_V,39.4345320714803,40.0,-0.014136698212992549,35.89344997651543,43.32496098073817,1,1.19000000000005
1cmt_iv__sparse__067,sparse,67,260925067,saemix,1,omega_CL,0.0562379480068911,0.09,-0.3751339110345433,,,,1.19000000000005
1cmt_iv__sparse__067,sparse,67,260925067,saemix,1,omega_V,0.0559484368710308,0.04,0.39871092177577,,,,1.19000000000005
1cmt_iv__sparse__067,sparse,67,260925067,saemix,1,sigma_prop,0.131371981322917,0.15,-0.12418679118055331,,,,1.19000000000005
1cmt_iv__sparse__068,sparse,68,260925068,nlmixr2_focei,1,theta_CL,4.02497555461925,4.0,0.006243888654812402,3.7318142064866007,4.34116687457889,1,1.95000000000005
1cmt_iv__sparse__068,sparse,68,260925068,nlmixr2_focei,1,theta_V,38.4724931046085,40.0,-0.038187672384787416,35.24373906716404,41.99704017963184,1,1.95000000000005
1cmt_iv__sparse__068,sparse,68,260925068,nlmixr2_focei,1,omega_CL,0.0389510519904866,0.09,-0.5672105334390377,,,,1.95000000000005
1cmt_iv__sparse__068,sparse,68,260925068,nlmixr2_focei,1,omega_V,0.047181439304928,0.04,0.17953598262319992,,,,1.95000000000005
1cmt_iv__sparse__068,sparse,68,260925068,nlmixr2_focei,1,sigma_prop,0.118586488406894,0.15,-0.20942341062070668,,,,1.95000000000005
1cmt_iv__sparse__068,sparse,68,260925068,nlmixr2_saem,1,theta_CL,3.96432216819417,4.0,-0.008919457951457543,3.6837407782352107,4.2662747460652755,1,5.34000000000003
1cmt_iv__sparse__068,sparse,68,260925068,nlmixr2_saem,1,theta_V,38.1507997108245,40.0,-0.046230007229387485,35.07666253898399,41.494355882856055,1,5.34000000000003
1cmt_iv__sparse__068,sparse,68,260925068,nlmixr2_saem,1,omega_CL,0.038966341176643,0.09,-0.5670406535928555,,,,5.34000000000003
1cmt_iv__sparse__068,sparse,68,260925068,nlmixr2_saem,1,omega_V,0.0488235562782771,0.04,0.22058890695692748,,,,5.34000000000003
1cmt_iv__sparse__068,sparse,68,260925068,nlmixr2_saem,1,sigma_prop,0.11888912622803,0.15,-0.20740582514646666,,,,5.34000000000003
1cmt_iv__sparse__068,sparse,68,260925068,pkpy2,1,theta_CL,3.9680477048603544,4.0,-0.007988073784911398,3.6803339768367294,4.278253736521163,1,7.663319599989336
1cmt_iv__sparse__068,sparse,68,260925068,pkpy2,1,theta_V,38.18904503614263,40.0,-0.04527387409643424,35.01645437213023,41.64908146534906,1,7.663319599989336
1cmt_iv__sparse__068,sparse,68,260925068,pkpy2,1,omega_CL,0.03900257417942994,0.09,-0.5666380646730006,,,,7.663319599989336
1cmt_iv__sparse__068,sparse,68,260925068,pkpy2,1,omega_V,0.04754600206737453,0.04,0.1886500516843633,,,,7.663319599989336
1cmt_iv__sparse__068,sparse,68,260925068,pkpy2,1,sigma_prop,0.11935311211231085,0.15,-0.2043125859179276,,,,7.663319599989336
1cmt_iv__sparse__068,sparse,68,260925068,saemix,1,theta_CL,3.98245709058471,4.0,-0.004385727353822477,3.6940691010668583,4.293358907056727,1,1.04000000000008
1cmt_iv__sparse__068,sparse,68,260925068,saemix,1,theta_V,38.3955329865541,40.0,-0.040111675336147457,35.21342698694261,41.865194031475966,1,1.04000000000008
1cmt_iv__sparse__068,sparse,68,260925068,saemix,1,omega_CL,0.0388607266001415,0.09,-0.5682141488873167,,,,1.04000000000008
1cmt_iv__sparse__068,sparse,68,260925068,saemix,1,omega_V,0.0473101928717412,0.04,0.18275482179353,,,,1.04000000000008
1cmt_iv__sparse__068,sparse,68,260925068,saemix,1,sigma_prop,0.120716547271809,0.15,-0.19522301818793997,,,,1.04000000000008
1cmt_iv__sparse__069,sparse,69,260925069,nlmixr2_focei,1,theta_CL,3.99880032230076,4.0,-0.00029991942481000233,3.692793618580586,4.330164549996963,1,1.9799999999999
1cmt_iv__sparse__069,sparse,69,260925069,nlmixr2_focei,1,theta_V,40.0089436869471,40.0,0.0002235921736774671,37.1776545948181,43.05585148903974,1,1.9799999999999
1cmt_iv__sparse__069,sparse,69,260925069,nlmixr2_focei,1,omega_CL,0.0451064971542289,0.09,-0.4988166982863455,,,,1.9799999999999
1cmt_iv__sparse__069,sparse,69,260925069,nlmixr2_focei,1,omega_V,0.0254472506232446,0.04,-0.363818734418885,,,,1.9799999999999
1cmt_iv__sparse__069,sparse,69,260925069,nlmixr2_focei,1,sigma_prop,0.16245599045747,0.15,0.08303993638313338,,,,1.9799999999999
1cmt_iv__sparse__069,sparse,69,260925069,nlmixr2_saem,1,theta_CL,3.91444526498566,4.0,-0.021388683753585047,3.6060140343263876,4.249257375791386,1,5.50999999999999
1cmt_iv__sparse__069,sparse,69,260925069,nlmixr2_saem,1,theta_V,39.7588760689167,40.0,-0.006028098277082528,37.21701933839942,42.47433712759708,1,5.50999999999999
1cmt_iv__sparse__069,sparse,69,260925069,nlmixr2_saem,1,omega_CL,0.0466955447886197,0.09,-0.48116061345978106,,,,5.50999999999999
1cmt_iv__sparse__069,sparse,69,260925069,nlmixr2_saem,1,omega_V,0.0221701878451351,0.04,-0.4457453038716225,,,,5.50999999999999
1cmt_iv__sparse__069,sparse,69,260925069,nlmixr2_saem,1,sigma_prop,0.165265061903783,0.15,0.10176707935855345,,,,5.50999999999999
1cmt_iv__sparse__069,sparse,69,260925069,pkpy2,1,theta_CL,3.91482493503862,4.0,-0.021293766240344958,3.5964491710043687,4.261384922540176,1,7.0343466000049375
1cmt_iv__sparse__069,sparse,69,260925069,pkpy2,1,theta_V,39.74276709761157,40.0,-0.006430822559710769,36.825665915620704,42.890942968800736,1,7.0343466000049375
1cmt_iv__sparse__069,sparse,69,260925069,pkpy2,1,omega_CL,0.04641840630880934,0.09,-0.4842399299021184,,,,7.0343466000049375
1cmt_iv__sparse__069,sparse,69,260925069,pkpy2,1,omega_V,0.023906997827821855,0.04,-0.40232505430445364,,,,7.0343466000049375
1cmt_iv__sparse__069,sparse,69,260925069,pkpy2,1,sigma_prop,0.16398392424977437,0.15,0.09322616166516251,,,,7.0343466000049375
1cmt_iv__sparse__069,sparse,69,260925069,saemix,1,theta_CL,3.94264197703743,4.0,-0.014339505740642466,3.616515514309147,4.298177540672606,1,1.2700000000001
1cmt_iv__sparse__069,sparse,69,260925069,saemix,1,theta_V,40.0083218798708,40.0,0.00020804699676997275,37.20746252102195,43.02002101699313,1,1.2700000000001
1cmt_iv__sparse__069,sparse,69,260925069,saemix,1,omega_CL,0.0482626470006542,0.09,-0.4637483666593978,,,,1.2700000000001
1cmt_iv__sparse__069,sparse,69,260925069,saemix,1,omega_V,0.0195043728186768,0.04,-0.51239067953308,,,,1.2700000000001
1cmt_iv__sparse__069,sparse,69,260925069,saemix,1,sigma_prop,0.168359036584252,0.15,0.12239357722834669,,,,1.2700000000001
1cmt_iv__sparse__070,sparse,70,260925070,nlmixr2_focei,1,theta_CL,4.11258999455439,4.0,0.028147498638597446,3.663532459732732,4.616690762047395,1,2.34000000000003
1cmt_iv__sparse__070,sparse,70,260925070,nlmixr2_focei,1,theta_V,39.2283764500098,40.0,-0.019290588749755068,36.228579486722055,42.47656244616726,1,2.34000000000003
1cmt_iv__sparse__070,sparse,70,260925070,nlmixr2_focei,1,omega_CL,0.1033701261747,0.09,0.14855695749666667,,,,2.34000000000003
1cmt_iv__sparse__070,sparse,70,260925070,nlmixr2_focei,1,omega_V,0.0354611857223309,0.04,-0.11347035694172745,,,,2.34000000000003
1cmt_iv__sparse__070,sparse,70,260925070,nlmixr2_focei,1,sigma_prop,0.148906341132296,0.15,-0.007291059118026596,,,,2.34000000000003
1cmt_iv__sparse__070,sparse,70,260925070,nlmixr2_saem,1,theta_CL,4.02866130945989,4.0,0.007165327364972551,3.5794207306806887,4.534284502300639,1,5.34000000000003
1cmt_iv__sparse__070,sparse,70,260925070,nlmixr2_saem,1,theta_V,38.9542029183198,40.0,-0.026144927042004974,36.12413628140035,42.005984950924116,1,5.34000000000003
1cmt_iv__sparse__070,sparse,70,260925070,nlmixr2_saem,1,omega_CL,0.103742508018538,0.09,0.15269453353931117,,,,5.34000000000003
1cmt_iv__sparse__070,sparse,70,260925070,nlmixr2_saem,1,omega_V,0.0344328956428399,0.04,-0.13917760892900258,,,,5.34000000000003
1cmt_iv__sparse__070,sparse,70,260925070,nlmixr2_saem,1,sigma_prop,0.152070543351889,0.15,0.013803622345926655,,,,5.34000000000003
1cmt_iv__sparse__070,sparse,70,260925070,pkpy2,1,theta_CL,4.026548783160419,4.0,0.0066371957901047995,3.571509460246388,4.539563812901718,1,7.536371800000779
1cmt_iv__sparse__070,sparse,70,260925070,pkpy2,1,theta_V,38.88583646321793,40.0,-0.027854088419551816,35.80476339618664,42.232042164679555,1,7.536371800000779
1cmt_iv__sparse__070,sparse,70,260925070,pkpy2,1,omega_CL,0.10389624624810664,0.09,0.15440273609007388,,,,7.536371800000779
1cmt_iv__sparse__070,sparse,70,260925070,pkpy2,1,omega_V,0.03585430047143756,0.04,-0.10364248821406098,,,,7.536371800000779
1cmt_iv__sparse__070,sparse,70,260925070,pkpy2,1,sigma_prop,0.14831030300305564,0.15,-0.011264646646295673,,,,7.536371800000779
1cmt_iv__sparse__070,sparse,70,260925070,saemix,1,theta_CL,4.03391766070034,4.0,0.008479415175085103,3.582307306748726,4.542461129075744,1,1.1400000000001
1cmt_iv__sparse__070,sparse,70,260925070,saemix,1,theta_V,38.8663423804479,40.0,-0.028341440488802584,35.76654617197372,42.23479009605585,1,1.1400000000001
1cmt_iv__sparse__070,sparse,70,260925070,saemix,1,omega_CL,0.101741584407554,0.09,0.13046204897282226,,,,1.1400000000001
1cmt_iv__sparse__070,sparse,70,260925070,saemix,1,omega_V,0.0369476821366277,0.04,-0.07630794658430758,,,,1.1400000000001
1cmt_iv__sparse__070,sparse,70,260925070,saemix,1,sigma_prop,0.14916673337313,0.15,-0.005555110845799997,,,,1.1400000000001
1cmt_iv__sparse__071,sparse,71,260925071,nlmixr2_focei,1,theta_CL,3.70590109208026,4.0,-0.07352472697993495,3.312276240905633,4.146303600730667,1,1.89999999999998
1cmt_iv__sparse__071,sparse,71,260925071,nlmixr2_focei,1,theta_V,42.4147751554136,40.0,0.06036937888534002,38.319166020579004,46.94812905161206,1,1.89999999999998
1cmt_iv__sparse__071,sparse,71,260925071,nlmixr2_focei,1,omega_CL,0.0825012456280407,0.09,-0.08331949302176993,,,,1.89999999999998
1cmt_iv__sparse__071,sparse,71,260925071,nlmixr2_focei,1,omega_V,0.0569881902470942,0.04,0.424704756177355,,,,1.89999999999998
1cmt_iv__sparse__071,sparse,71,260925071,nlmixr2_focei,1,sigma_prop,0.133084502769896,0.15,-0.11276998153402662,,,,1.89999999999998
1cmt_iv__sparse__071,sparse,71,260925071,nlmixr2_saem,1,theta_CL,3.63335443309355,4.0,-0.09166139172661247,3.266462106632455,4.041456476619085,1,5.05000000000007
1cmt_iv__sparse__071,sparse,71,260925071,nlmixr2_saem,1,theta_V,41.9462103990543,40.0,0.048655259976357536,38.248018920783124,46.00197909559353,1,5.05000000000007
1cmt_iv__sparse__071,sparse,71,260925071,nlmixr2_saem,1,omega_CL,0.0837296809444789,0.09,-0.0696702117280122,,,,5.05000000000007
1cmt_iv__sparse__071,sparse,71,260925071,nlmixr2_saem,1,omega_V,0.0575726907284661,0.04,0.4393172682116525,,,,5.05000000000007
1cmt_iv__sparse__071,sparse,71,260925071,nlmixr2_saem,1,sigma_prop,0.133531511330334,0.15,-0.10978992446443996,,,,5.05000000000007
1cmt_iv__sparse__071,sparse,71,260925071,pkpy2,1,theta_CL,3.6355788019192574,4.0,-0.09110529952018565,3.2649136929243325,4.0483254591413145,1,7.361793100004434
1cmt_iv__sparse__071,sparse,71,260925071,pkpy2,1,theta_V,41.97366999845991,40.0,0.04934174996149778,38.16537390023732,46.16197335691917,1,7.361793100004434
1cmt_iv__sparse__071,sparse,71,260925071,pkpy2,1,omega_CL,0.08332362627267122,0.09,-0.07418193030365311,,,,7.361793100004434
1cmt_iv__sparse__071,sparse,71,260925071,pkpy2,1,omega_V,0.05649653933350227,0.04,0.4124134833375568,,,,7.361793100004434
1cmt_iv__sparse__071,sparse,71,260925071,pkpy2,1,sigma_prop,0.13481497840608328,0.15,-0.1012334772927781,,,,7.361793100004434
1cmt_iv__sparse__071,sparse,71,260925071,saemix,1,theta_CL,3.64747444469939,4.0,-0.08813138882515248,3.275376065034642,4.061844979194599,1,1.07999999999993
1cmt_iv__sparse__071,sparse,71,260925071,saemix,1,theta_V,42.0725670015027,40.0,0.051814175037567446,38.26784307838848,46.25556999567575,1,1.07999999999993
1cmt_iv__sparse__071,sparse,71,260925071,saemix,1,omega_CL,0.0838564451954058,0.09,-0.06826172005104658,,,,1.07999999999993
1cmt_iv__sparse__071,sparse,71,260925071,saemix,1,omega_V,0.0566151675696496,0.04,0.41537918924123995,,,,1.07999999999993
1cmt_iv__sparse__071,sparse,71,260925071,saemix,1,sigma_prop,0.133048362037897,0.15,-0.11301091974735333,,,,1.07999999999993
1cmt_iv__sparse__072,sparse,72,260925072,nlmixr2_focei,1,theta_CL,3.8981955284279,4.0,-0.02545111789302501,3.4899583990317615,4.354186107797493,1,2
1cmt_iv__sparse__072,sparse,72,260925072,nlmixr2_focei,1,theta_V,39.8748209440504,40.0,-0.0031294763987400388,36.91509520218971,43.07184734622506,1,2
1cmt_iv__sparse__072,sparse,72,260925072,nlmixr2_focei,1,omega_CL,0.083899593711758,0.09,-0.06778229209157781,,,,2
1cmt_iv__sparse__072,sparse,72,260925072,nlmixr2_focei,1,omega_V,0.0257867566576045,0.04,-0.3553310835598875,,,,2
1cmt_iv__sparse__072,sparse,72,260925072,nlmixr2_focei,1,sigma_prop,0.154652492624503,0.15,0.031016617496686754,,,,2
1cmt_iv__sparse__072,sparse,72,260925072,nlmixr2_saem,1,theta_CL,3.82732789595977,4.0,-0.043168026010057536,3.4338474123159104,4.265896839403357,1,4.94000000000005
1cmt_iv__sparse__072,sparse,72,260925072,nlmixr2_saem,1,theta_V,39.8031105402807,40.0,-0.004922236492982535,37.17230766479682,42.620103733354384,1,4.94000000000005
1cmt_iv__sparse__072,sparse,72,260925072,nlmixr2_saem,1,omega_CL,0.0860781652368952,0.09,-0.043575941812275566,,,,4.94000000000005
1cmt_iv__sparse__072,sparse,72,260925072,nlmixr2_saem,1,omega_V,0.0262833167894125,0.04,-0.3429170802646875,,,,4.94000000000005
1cmt_iv__sparse__072,sparse,72,260925072,nlmixr2_saem,1,sigma_prop,0.156651366901576,0.15,0.04434244601050667,,,,4.94000000000005
1cmt_iv__sparse__072,sparse,72,260925072,pkpy2,1,theta_CL,3.8208209287579447,4.0,-0.044794767810513836,3.424618651780536,4.262860789490984,1,12.073839500008035
1cmt_iv__sparse__072,sparse,72,260925072,pkpy2,1,theta_V,39.55117563235681,40.0,-0.011220609191079766,36.65687805100904,42.6739967251105,1,12.073839500008035
1cmt_iv__sparse__072,sparse,72,260925072,pkpy2,1,omega_CL,0.08451453980034801,0.09,-0.06094955777391097,,,,12.073839500008035
1cmt_iv__sparse__072,sparse,72,260925072,pkpy2,1,omega_V,0.02582237441965548,0.04,-0.35444063950861304,,,,12.073839500008035
1cmt_iv__sparse__072,sparse,72,260925072,pkpy2,1,sigma_prop,0.15558780898414357,0.15,0.03725205989429048,,,,12.073839500008035
1cmt_iv__sparse__072,sparse,72,260925072,saemix,1,theta_CL,3.84587017340038,4.0,-0.03853245664990501,3.439771613335284,4.299912625974967,1,1.13
1cmt_iv__sparse__072,sparse,72,260925072,saemix,1,theta_V,39.9213607470822,40.0,-0.0019659813229450764,36.98309260681369,43.093071226959864,1,1.13
1cmt_iv__sparse__072,sparse,72,260925072,saemix,1,omega_CL,0.0888512863398749,0.09,-0.012763485112501145,,,,1.13
1cmt_iv__sparse__072,sparse,72,260925072,saemix,1,omega_V,0.0284819679834918,0.04,-0.28795080041270504,,,,1.13
1cmt_iv__sparse__072,sparse,72,260925072,saemix,1,sigma_prop,0.149943807443402,0.15,-0.0003746170439866692,,,,1.13
1cmt_iv__sparse__073,sparse,73,260925073,nlmixr2_focei,1,theta_CL,3.94557100541874,4.0,-0.01360724864531504,3.532598087792084,4.406821883474137,1,2.01999999999998
1cmt_iv__sparse__073,sparse,73,260925073,nlmixr2_focei,1,theta_V,43.5234945612898,40.0,0.08808736403224504,40.144670786823326,47.186701041483865,0,2.01999999999998
1cmt_iv__sparse__073,sparse,73,260925073,nlmixr2_focei,1,omega_CL,0.0904547808687381,0.09,0.0050531207637566355,,,,2.01999999999998
1cmt_iv__sparse__073,sparse,73,260925073,nlmixr2_focei,1,omega_V,0.0435505460866866,0.04,0.08876365216716492,,,,2.01999999999998
1cmt_iv__sparse__073,sparse,73,260925073,nlmixr2_focei,1,sigma_prop,0.148033585219065,0.15,-0.013109431872899887,,,,2.01999999999998
1cmt_iv__sparse__073,sparse,73,260925073,nlmixr2_saem,1,theta_CL,3.86645503504264,4.0,-0.033386241239339975,3.452916943144398,4.329520455940319,1,4.93999999999994
1cmt_iv__sparse__073,sparse,73,260925073,nlmixr2_saem,1,theta_V,43.2095171509588,40.0,0.08023792877397007,39.7898973564947,46.923025603489066,1,4.93999999999994
1cmt_iv__sparse__073,sparse,73,260925073,nlmixr2_saem,1,omega_CL,0.094266692487112,0.09,0.047407694301244516,,,,4.93999999999994
1cmt_iv__sparse__073,sparse,73,260925073,nlmixr2_saem,1,omega_V,0.0427670998935923,0.04,0.06917749733980748,,,,4.93999999999994
1cmt_iv__sparse__073,sparse,73,260925073,nlmixr2_saem,1,sigma_prop,0.148881660325512,0.15,-0.007455597829919928,,,,4.93999999999994
1cmt_iv__sparse__073,sparse,73,260925073,pkpy2,1,theta_CL,3.861977272343387,4.0,-0.03450568191415326,3.4463308348893236,4.3277529542737145,1,5.517575699996087
1cmt_iv__sparse__073,sparse,73,260925073,pkpy2,1,theta_V,43.08757685633961,40.0,0.07718942140849024,39.424490019613025,47.09101572214062,1,5.517575699996087
1cmt_iv__sparse__073,sparse,73,260925073,pkpy2,1,omega_CL,0.09273856790147234,0.09,0.03042853223858154,,,,5.517575699996087
1cmt_iv__sparse__073,sparse,73,260925073,pkpy2,1,omega_V,0.04425202247638769,0.04,0.10630056190969218,,,,5.517575699996087
1cmt_iv__sparse__073,sparse,73,260925073,pkpy2,1,sigma_prop,0.14772138506570892,0.15,-0.015190766228607155,,,,5.517575699996087
1cmt_iv__sparse__073,sparse,73,260925073,saemix,1,theta_CL,3.87418540288246,4.0,-0.03145364927938499,3.465416136565787,4.331171768243018,1,1.32999999999993
1cmt_iv__sparse__073,sparse,73,260925073,saemix,1,theta_V,43.2244075857836,40.0,0.08061018964459006,39.51617489343603,47.28062410343,1,1.32999999999993
1cmt_iv__sparse__073,sparse,73,260925073,saemix,1,omega_CL,0.0888013017611287,0.09,-0.013318869320792176,,,,1.32999999999993
1cmt_iv__sparse__073,sparse,73,260925073,saemix,1,omega_V,0.0459554986640818,0.04,0.148887466602045,,,,1.32999999999993
1cmt_iv__sparse__073,sparse,73,260925073,saemix,1,sigma_prop,0.148625985504571,0.15,-0.009160096636193216,,,,1.32999999999993
1cmt_iv__sparse__074,sparse,74,260925074,nlmixr2_focei,1,theta_CL,4.17835679358409,4.0,0.04458919839602249,3.6653778537453925,4.763128438900379,1,1.99000000000001
1cmt_iv__sparse__074,sparse,74,260925074,nlmixr2_focei,1,theta_V,42.8925035660758,40.0,0.07231258915189506,39.49633625061781,46.58069676366621,1,1.99000000000001
1cmt_iv__sparse__074,sparse,74,260925074,nlmixr2_focei,1,omega_CL,0.121659919032834,0.09,0.3517768781426001,,,,1.99000000000001
1cmt_iv__sparse__074,sparse,74,260925074,nlmixr2_focei,1,omega_V,0.0397983811260595,0.04,-0.005040471848512598,,,,1.99000000000001
1cmt_iv__sparse__074,sparse,74,260925074,nlmixr2_focei,1,sigma_prop,0.119050065628815,0.15,-0.20633289580789999,,,,1.99000000000001
1cmt_iv__sparse__074,sparse,74,260925074,nlmixr2_saem,1,theta_CL,4.11144934517145,4.0,0.0278623362928625,3.6187311977269156,4.671254866492681,1,5.54999999999995
1cmt_iv__sparse__074,sparse,74,260925074,nlmixr2_saem,1,theta_V,42.5435172112758,40.0,0.06358793028189495,39.34666154993907,46.00011247228478,1,5.54999999999995
1cmt_iv__sparse__074,sparse,74,260925074,nlmixr2_saem,1,omega_CL,0.123946937893836,0.09,0.37718819882040006,,,,5.54999999999995
1cmt_iv__sparse__074,sparse,74,260925074,nlmixr2_saem,1,omega_V,0.0407173293021363,0.04,0.017933232553407445,,,,5.54999999999995
1cmt_iv__sparse__074,sparse,74,260925074,nlmixr2_saem,1,sigma_prop,0.117505675132239,0.15,-0.21662883245173997,,,,5.54999999999995
1cmt_iv__sparse__074,sparse,74,260925074,pkpy2,1,theta_CL,4.112172967110543,4.0,0.02804324177763573,3.6161124535942735,4.676283364646716,1,5.408467600005679
1cmt_iv__sparse__074,sparse,74,260925074,pkpy2,1,theta_V,42.55694404850739,40.0,0.06392360121268474,39.22785943449793,46.16855247408858,1,5.408467600005679
1cmt_iv__sparse__074,sparse,74,260925074,pkpy2,1,omega_CL,0.12347035045351053,0.09,0.3718927828167837,,,,5.408467600005679
1cmt_iv__sparse__074,sparse,74,260925074,pkpy2,1,omega_V,0.04068493080654048,0.04,0.017123270163512012,,,,5.408467600005679
1cmt_iv__sparse__074,sparse,74,260925074,pkpy2,1,sigma_prop,0.11877011485657019,0.15,-0.20819923428953208,,,,5.408467600005679
1cmt_iv__sparse__074,sparse,74,260925074,saemix,1,theta_CL,4.13511517454188,4.0,0.033778793635470095,3.6359225886994238,4.702844213425053,1,1.25
1cmt_iv__sparse__074,sparse,74,260925074,saemix,1,theta_V,42.8766631835699,40.0,0.07191657958924758,39.55328413065396,46.479281965173776,1,1.25
1cmt_iv__sparse__074,sparse,74,260925074,saemix,1,omega_CL,0.123716837893972,0.09,0.37463153215524453,,,,1.25
1cmt_iv__sparse__074,sparse,74,260925074,saemix,1,omega_V,0.0399945778174704,0.04,-0.0001355545632400132,,,,1.25
1cmt_iv__sparse__074,sparse,74,260925074,saemix,1,sigma_prop,0.118996554765228,0.15,-0.20668963489848,,,,1.25
1cmt_iv__sparse__075,sparse,75,260925075,nlmixr2_focei,1,theta_CL,3.95904415918403,4.0,-0.010238960203992509,3.5632676765177567,4.398780018033,1,2.18999999999994
1cmt_iv__sparse__075,sparse,75,260925075,nlmixr2_focei,1,theta_V,40.1173826636913,40.0,0.0029345665922825503,36.66998182893426,43.88887890081109,1,2.18999999999994
1cmt_iv__sparse__075,sparse,75,260925075,nlmixr2_focei,1,omega_CL,0.0735877130539943,0.09,-0.18235874384450781,,,,2.18999999999994
1cmt_iv__sparse__075,sparse,75,260925075,nlmixr2_focei,1,omega_V,0.034498528651928,0.04,-0.13753678370180006,,,,2.18999999999994
1cmt_iv__sparse__075,sparse,75,260925075,nlmixr2_focei,1,sigma_prop,0.14737748215073,0.15,-0.01748345232846671,,,,2.18999999999994
1cmt_iv__sparse__075,sparse,75,260925075,nlmixr2_saem,1,theta_CL,3.88995168323291,4.0,-0.027512079191772454,3.515775432207238,4.303950690157337,1,5.40999999999997
1cmt_iv__sparse__075,sparse,75,260925075,nlmixr2_saem,1,theta_V,39.8360344513261,40.0,-0.004099138716847505,37.03910236288329,42.84417114809658,1,5.40999999999997
1cmt_iv__sparse__075,sparse,75,260925075,nlmixr2_saem,1,omega_CL,0.0742705615187201,0.09,-0.17477153868088782,,,,5.40999999999997
1cmt_iv__sparse__075,sparse,75,260925075,nlmixr2_saem,1,omega_V,0.0298127229555083,0.04,-0.2546819261122925,,,,5.40999999999997
1cmt_iv__sparse__075,sparse,75,260925075,nlmixr2_saem,1,sigma_prop,0.156837099612754,0.15,0.045580664085026666,,,,5.40999999999997
1cmt_iv__sparse__075,sparse,75,260925075,pkpy2,1,theta_CL,3.883551406612361,4.0,-0.029112148346909783,3.5005703895709686,4.308432583653688,1,5.352062599995406
1cmt_iv__sparse__075,sparse,75,260925075,pkpy2,1,theta_V,39.73039142970428,40.0,-0.006740214257393085,36.63210727731605,43.09072342488434,1,5.352062599995406
1cmt_iv__sparse__075,sparse,75,260925075,pkpy2,1,omega_CL,0.07594255667362408,0.09,-0.15619381473751018,,,,5.352062599995406
1cmt_iv__sparse__075,sparse,75,260925075,pkpy2,1,omega_V,0.0337397730039782,0.04,-0.156505674900545,,,,5.352062599995406
1cmt_iv__sparse__075,sparse,75,260925075,pkpy2,1,sigma_prop,0.14826036009444693,0.15,-0.011597599370353762,,,,5.352062599995406
1cmt_iv__sparse__075,sparse,75,260925075,saemix,1,theta_CL,3.89962259798437,4.0,-0.025094350503907514,3.5186125915057445,4.321889952710794,1,1.38999999999999
1cmt_iv__sparse__075,sparse,75,260925075,saemix,1,theta_V,39.7069726756358,40.0,-0.007325683109105086,36.85542898127454,42.77914333502255,1,1.38999999999999
1cmt_iv__sparse__075,sparse,75,260925075,saemix,1,omega_CL,0.0730522185627733,0.09,-0.18830868263585215,,,,1.38999999999999
1cmt_iv__sparse__075,sparse,75,260925075,saemix,1,omega_V,0.0232130934195176,0.04,-0.41967266451206003,,,,1.38999999999999
1cmt_iv__sparse__075,sparse,75,260925075,saemix,1,sigma_prop,0.16248744831977,0.15,0.08324965546513334,,,,1.38999999999999
1cmt_iv__sparse__076,sparse,76,260925076,nlmixr2_focei,1,theta_CL,3.87344510303565,4.0,-0.03163872424108749,3.439336207968603,4.362346702677409,1,2.23000000000002
1cmt_iv__sparse__076,sparse,76,260925076,nlmixr2_focei,1,theta_V,41.8251084336368,40.0,0.04562771084091999,38.108896788111934,45.90370865921216,1,2.23000000000002
1cmt_iv__sparse__076,sparse,76,260925076,nlmixr2_focei,1,omega_CL,0.0964388817776415,0.09,0.07154313086268334,,,,2.23000000000002
1cmt_iv__sparse__076,sparse,76,260925076,nlmixr2_focei,1,omega_V,0.0480457709665697,0.04,0.2011442741642425,,,,2.23000000000002
1cmt_iv__sparse__076,sparse,76,260925076,nlmixr2_focei,1,sigma_prop,0.157271968907023,0.15,0.04847979271348668,,,,2.23000000000002
1cmt_iv__sparse__076,sparse,76,260925076,nlmixr2_saem,1,theta_CL,3.78060602001823,4.0,-0.05484849499544253,3.3691844455381266,4.24226756048531,1,5.48000000000002
1cmt_iv__sparse__076,sparse,76,260925076,nlmixr2_saem,1,theta_V,41.3751492468055,40.0,0.034378731170137476,37.98970215572659,45.062289990535675,1,5.48000000000002
1cmt_iv__sparse__076,sparse,76,260925076,nlmixr2_saem,1,omega_CL,0.0970662005406344,0.09,0.07851333934038231,,,,5.48000000000002
1cmt_iv__sparse__076,sparse,76,260925076,nlmixr2_saem,1,omega_V,0.0449109368440342,0.04,0.12277342110085503,,,,5.48000000000002
1cmt_iv__sparse__076,sparse,76,260925076,nlmixr2_saem,1,sigma_prop,0.162427566391571,0.15,0.08285044261047333,,,,5.48000000000002
1cmt_iv__sparse__076,sparse,76,260925076,pkpy2,1,theta_CL,3.7817703793320727,4.0,-0.05455740516698182,3.3643333420098855,4.251001832490659,1,5.201499400005559
1cmt_iv__sparse__076,sparse,76,260925076,pkpy2,1,theta_V,41.37198081953453,40.0,0.0342995204883632,37.73218004617349,45.36289169715001,1,5.201499400005559
1cmt_iv__sparse__076,sparse,76,260925076,pkpy2,1,omega_CL,0.0970268882083354,0.09,0.0780765356481711,,,,5.201499400005559
1cmt_iv__sparse__076,sparse,76,260925076,pkpy2,1,omega_V,0.046465732316822723,0.04,0.16164330792056805,,,,5.201499400005559
1cmt_iv__sparse__076,sparse,76,260925076,pkpy2,1,sigma_prop,0.15897295826957145,0.15,0.05981972179714301,,,,5.201499400005559
1cmt_iv__sparse__076,sparse,76,260925076,saemix,1,theta_CL,3.78004126899592,4.0,-0.05498968275102001,3.3644375144407417,4.246983911569969,1,1.09000000000003
1cmt_iv__sparse__076,sparse,76,260925076,saemix,1,theta_V,41.2202972121657,40.0,0.030507430304142425,37.615609235604694,45.170420918000076,1,1.09000000000003
1cmt_iv__sparse__076,sparse,76,260925076,saemix,1,omega_CL,0.0966408468840179,0.09,0.07378718760019896,,,,1.09000000000003
1cmt_iv__sparse__076,sparse,76,260925076,saemix,1,omega_V,0.0467623886529189,0.04,0.1690597163229725,,,,1.09000000000003
1cmt_iv__sparse__076,sparse,76,260925076,saemix,1,sigma_prop,0.156294509302996,0.15,0.04196339535330662,,,,1.09000000000003
1cmt_iv__sparse__077,sparse,77,260925077,nlmixr2_focei,1,theta_CL,4.16324745685144,4.0,0.040811864212860094,3.7326337340922913,4.64353875084799,1,2.34000000000003
1cmt_iv__sparse__077,sparse,77,260925077,nlmixr2_focei,1,theta_V,38.9444012691205,40.0,-0.026389968271987564,35.7619674456252,42.41003777312619,1,2.34000000000003
1cmt_iv__sparse__077,sparse,77,260925077,nlmixr2_focei,1,omega_CL,0.084869910915202,0.09,-0.057000989831088804,,,,2.34000000000003
1cmt_iv__sparse__077,sparse,77,260925077,nlmixr2_focei,1,omega_V,0.0453408523389247,0.04,0.13352130847311752,,,,2.34000000000003
1cmt_iv__sparse__077,sparse,77,260925077,nlmixr2_focei,1,sigma_prop,0.133652050451445,0.15,-0.10898633032370006,,,,2.34000000000003
1cmt_iv__sparse__077,sparse,77,260925077,nlmixr2_saem,1,theta_CL,4.10092912210769,4.0,0.0252322805269225,3.676520717268892,4.574330177321547,1,5.42000000000007
1cmt_iv__sparse__077,sparse,77,260925077,nlmixr2_saem,1,theta_V,38.5951331678919,40.0,-0.035121670802702454,35.53621675920856,41.917357560616274,1,5.42000000000007
1cmt_iv__sparse__077,sparse,77,260925077,nlmixr2_saem,1,omega_CL,0.0881978581999931,0.09,-0.020023797777854457,,,,5.42000000000007
1cmt_iv__sparse__077,sparse,77,260925077,nlmixr2_saem,1,omega_V,0.0436814788954659,0.04,0.09203697238664744,,,,5.42000000000007
1cmt_iv__sparse__077,sparse,77,260925077,nlmixr2_saem,1,sigma_prop,0.13667430405548,0.15,-0.0888379729634666,,,,5.42000000000007
1cmt_iv__sparse__077,sparse,77,260925077,pkpy2,1,theta_CL,4.100440157463514,4.0,0.025110039365878523,3.6746444031148364,4.575574570069214,1,5.302244799997425
1cmt_iv__sparse__077,sparse,77,260925077,pkpy2,1,theta_V,38.58034903992818,40.0,-0.035491274001795504,35.37829285069296,42.072220339301445,1,5.302244799997425
1cmt_iv__sparse__077,sparse,77,260925077,pkpy2,1,omega_CL,0.08702885985092611,0.09,-0.03301266832304321,,,,5.302244799997425
1cmt_iv__sparse__077,sparse,77,260925077,pkpy2,1,omega_V,0.04480862948154883,0.04,0.12021573703872075,,,,5.302244799997425
1cmt_iv__sparse__077,sparse,77,260925077,pkpy2,1,sigma_prop,0.13454008151234748,0.15,-0.1030661232510168,,,,5.302244799997425
1cmt_iv__sparse__077,sparse,77,260925077,saemix,1,theta_CL,4.12714867369815,4.0,0.03178716842453744,3.696022299637307,4.608564233089148,1,1.15000000000009
1cmt_iv__sparse__077,sparse,77,260925077,saemix,1,theta_V,38.9075394921287,40.0,-0.027311512696782538,35.76494521232042,42.32626725260793,1,1.15000000000009
1cmt_iv__sparse__077,sparse,77,260925077,saemix,1,omega_CL,0.0881079339397983,0.09,-0.021022956224463363,,,,1.15000000000009
1cmt_iv__sparse__077,sparse,77,260925077,saemix,1,omega_V,0.0410301013576522,0.04,0.02575253394130495,,,,1.15000000000009
1cmt_iv__sparse__077,sparse,77,260925077,saemix,1,sigma_prop,0.137013046179685,0.15,-0.08657969213543337,,,,1.15000000000009
1cmt_iv__sparse__078,sparse,78,260925078,nlmixr2_focei,1,theta_CL,3.95167853502986,4.0,-0.012080366242534946,3.49642313193116,4.46621094043351,1,2.13999999999999
1cmt_iv__sparse__078,sparse,78,260925078,nlmixr2_focei,1,theta_V,42.5409007567553,40.0,0.06352251891888247,39.1031330098202,46.28090124496203,1,2.13999999999999
1cmt_iv__sparse__078,sparse,78,260925078,nlmixr2_focei,1,omega_CL,0.0984252881032643,0.09,0.09361431225849226,,,,2.13999999999999
1cmt_iv__sparse__078,sparse,78,260925078,nlmixr2_focei,1,omega_V,0.0424105274272081,0.04,0.06026318568020245,,,,2.13999999999999
1cmt_iv__sparse__078,sparse,78,260925078,nlmixr2_focei,1,sigma_prop,0.159428169375527,0.15,0.06285446250351343,,,,2.13999999999999
1cmt_iv__sparse__078,sparse,78,260925078,nlmixr2_saem,1,theta_CL,3.85291878480382,4.0,-0.036770303799045,3.423748322433872,4.3358862171683095,1,5.25
1cmt_iv__sparse__078,sparse,78,260925078,nlmixr2_saem,1,theta_V,42.1005687957341,40.0,0.052514219893352455,38.69525150651483,45.80556590066159,1,5.25
1cmt_iv__sparse__078,sparse,78,260925078,nlmixr2_saem,1,omega_CL,0.102094178216888,0.09,0.1343797579654223,,,,5.25
1cmt_iv__sparse__078,sparse,78,260925078,nlmixr2_saem,1,omega_V,0.0441513974271857,0.04,0.10378493567964243,,,,5.25
1cmt_iv__sparse__078,sparse,78,260925078,nlmixr2_saem,1,sigma_prop,0.159308947655798,0.15,0.06205965103865341,,,,5.25
1cmt_iv__sparse__078,sparse,78,260925078,pkpy2,1,theta_CL,3.857223436330642,4.0,-0.03569414091733947,3.4212796932124996,4.348715677147144,1,5.46469629999774
1cmt_iv__sparse__078,sparse,78,260925078,pkpy2,1,theta_V,42.039382683880625,40.0,0.05098456709701562,38.45113741895541,45.96248160842505,1,5.46469629999774
1cmt_iv__sparse__078,sparse,78,260925078,pkpy2,1,omega_CL,0.10215502966906534,0.09,0.13505588521183715,,,,5.46469629999774
1cmt_iv__sparse__078,sparse,78,260925078,pkpy2,1,omega_V,0.04211365049126782,0.04,0.05284126228169549,,,,5.46469629999774
1cmt_iv__sparse__078,sparse,78,260925078,pkpy2,1,sigma_prop,0.15978348195933503,0.15,0.0652232130622336,,,,5.46469629999774
1cmt_iv__sparse__078,sparse,78,260925078,saemix,1,theta_CL,3.86628780003606,4.0,-0.03342804999098503,3.4306973914198555,4.357184457624548,1,1.10000000000002
1cmt_iv__sparse__078,sparse,78,260925078,saemix,1,theta_V,42.0603438379683,40.0,0.051508595949207425,38.51220536200947,45.93537314051682,1,1.10000000000002
1cmt_iv__sparse__078,sparse,78,260925078,saemix,1,omega_CL,0.101882147869999,0.09,0.1320238652222111,,,,1.10000000000002
1cmt_iv__sparse__078,sparse,78,260925078,saemix,1,omega_V,0.0414906627280196,0.04,0.03726656820048999,,,,1.10000000000002
1cmt_iv__sparse__078,sparse,78,260925078,saemix,1,sigma_prop,0.158549489512588,0.15,0.056996596750586624,,,,1.10000000000002
1cmt_iv__sparse__079,sparse,79,260925079,nlmixr2_focei,1,theta_CL,4.38135260698995,4.0,0.09533815174748761,3.9875237654547493,4.814078058438464,1,2.10000000000002
1cmt_iv__sparse__079,sparse,79,260925079,nlmixr2_focei,1,theta_V,38.9930984065622,40.0,-0.025172539835945074,35.243112398014006,43.14209557239682,1,2.10000000000002
1cmt_iv__sparse__079,sparse,79,260925079,nlmixr2_focei,1,omega_CL,0.0655119521618363,0.09,-0.272089420424041,,,,2.10000000000002
1cmt_iv__sparse__079,sparse,79,260925079,nlmixr2_focei,1,omega_V,0.0674254057731189,0.04,0.6856351443279723,,,,2.10000000000002
1cmt_iv__sparse__079,sparse,79,260925079,nlmixr2_focei,1,sigma_prop,0.144205398446856,0.15,-0.0386306770209599,,,,2.10000000000002
1cmt_iv__sparse__079,sparse,79,260925079,nlmixr2_saem,1,theta_CL,4.29650977263903,4.0,0.07412744315975739,3.904831827070083,4.727475354613107,1,5.52999999999997
1cmt_iv__sparse__079,sparse,79,260925079,nlmixr2_saem,1,theta_V,38.5344821495408,40.0,-0.03663794626148,34.84506088582832,42.61454211254366,1,5.52999999999997
1cmt_iv__sparse__079,sparse,79,260925079,nlmixr2_saem,1,omega_CL,0.0657659469237568,0.09,-0.2692672564027022,,,,5.52999999999997
1cmt_iv__sparse__079,sparse,79,260925079,nlmixr2_saem,1,omega_V,0.0682257184054303,0.04,0.7056429601357576,,,,5.52999999999997
1cmt_iv__sparse__079,sparse,79,260925079,nlmixr2_saem,1,sigma_prop,0.145320719559728,0.15,-0.031195202935146625,,,,5.52999999999997
1cmt_iv__sparse__079,sparse,79,260925079,pkpy2,1,theta_CL,4.298262587341547,4.0,0.0745656468353868,3.899233530283955,4.7381263846473525,1,5.396411299996544
1cmt_iv__sparse__079,sparse,79,260925079,pkpy2,1,theta_V,38.5654084191403,40.0,-0.035864789521492565,34.76757893624179,42.778093040719114,1,5.396411299996544
1cmt_iv__sparse__079,sparse,79,260925079,pkpy2,1,omega_CL,0.06603061301927629,0.09,-0.2663265220080412,,,,5.396411299996544
1cmt_iv__sparse__079,sparse,79,260925079,pkpy2,1,omega_V,0.06756347621648051,0.04,0.6890869054120128,,,,5.396411299996544
1cmt_iv__sparse__079,sparse,79,260925079,pkpy2,1,sigma_prop,0.14417670416039188,0.15,-0.03882197226405408,,,,5.396411299996544
1cmt_iv__sparse__079,sparse,79,260925079,saemix,1,theta_CL,4.31942083063495,4.0,0.07985520765873755,3.91839963051057,4.761483787117459,1,1.1400000000001
1cmt_iv__sparse__079,sparse,79,260925079,saemix,1,theta_V,38.7260311878933,40.0,-0.03184922030266755,34.96077958711655,42.89679776243728,1,1.1400000000001
1cmt_iv__sparse__079,sparse,79,260925079,saemix,1,omega_CL,0.0657388411544302,0.09,-0.2695684316174422,,,,1.1400000000001
1cmt_iv__sparse__079,sparse,79,260925079,saemix,1,omega_V,0.0649861741574753,0.04,0.6246543539368826,,,,1.1400000000001
1cmt_iv__sparse__079,sparse,79,260925079,saemix,1,sigma_prop,0.148113803022685,0.15,-0.012574646515433238,,,,1.1400000000001
1cmt_iv__sparse__080,sparse,80,260925080,nlmixr2_focei,1,theta_CL,4.03915439647167,4.0,0.009788599117917407,3.5915203863636775,4.542579878003895,1,1.99000000000001
1cmt_iv__sparse__080,sparse,80,260925080,nlmixr2_focei,1,theta_V,39.8443243703807,40.0,-0.003891890740482573,36.06531973035828,44.019301545128485,1,1.99000000000001
1cmt_iv__sparse__080,sparse,80,260925080,nlmixr2_focei,1,omega_CL,0.0965385644936142,0.09,0.07265071659571336,,,,1.99000000000001
1cmt_iv__sparse__080,sparse,80,260925080,nlmixr2_focei,1,omega_V,0.0634687687264469,0.04,0.5867192181611725,,,,1.99000000000001
1cmt_iv__sparse__080,sparse,80,260925080,nlmixr2_focei,1,sigma_prop,0.133541252671527,0.15,-0.10972498218981996,,,,1.99000000000001
1cmt_iv__sparse__080,sparse,80,260925080,nlmixr2_saem,1,theta_CL,3.95782705027704,4.0,-0.010543237430740038,3.5283973862895306,4.439521189073706,1,4.8900000000001
1cmt_iv__sparse__080,sparse,80,260925080,nlmixr2_saem,1,theta_V,39.4482392562152,40.0,-0.013794018594619928,35.79169036024443,43.47834831919826,1,4.8900000000001
1cmt_iv__sparse__080,sparse,80,260925080,nlmixr2_saem,1,omega_CL,0.0980473134307815,0.09,0.0894145936753501,,,,4.8900000000001
1cmt_iv__sparse__080,sparse,80,260925080,nlmixr2_saem,1,omega_V,0.0646979604441602,0.04,0.6174490111040049,,,,4.8900000000001
1cmt_iv__sparse__080,sparse,80,260925080,nlmixr2_saem,1,sigma_prop,0.134615956770836,0.15,-0.10256028819442672,,,,4.8900000000001
1cmt_iv__sparse__080,sparse,80,260925080,pkpy2,1,theta_CL,3.9649114782956016,4.0,-0.00877213042609959,3.528994384401715,4.4546749918916,1,5.484191399998963
1cmt_iv__sparse__080,sparse,80,260925080,pkpy2,1,theta_V,39.465748534076084,40.0,-0.013356286648097893,35.72501103689669,43.59817567995432,1,5.484191399998963
1cmt_iv__sparse__080,sparse,80,260925080,pkpy2,1,omega_CL,0.09874022940538639,0.09,0.09711366005984881,,,,5.484191399998963
1cmt_iv__sparse__080,sparse,80,260925080,pkpy2,1,omega_V,0.06311463540548015,0.04,0.5778658851370038,,,,5.484191399998963
1cmt_iv__sparse__080,sparse,80,260925080,pkpy2,1,sigma_prop,0.1340879250755812,0.15,-0.10608049949612527,,,,5.484191399998963
1cmt_iv__sparse__080,sparse,80,260925080,saemix,1,theta_CL,3.98052786457859,4.0,-0.004868033855352505,3.5429227662359093,4.4721838792778135,1,1.13999999999999
1cmt_iv__sparse__080,sparse,80,260925080,saemix,1,theta_V,39.5543590057032,40.0,-0.011141024857420056,35.958510815245226,43.50979172610054,1,1.13999999999999
1cmt_iv__sparse__080,sparse,80,260925080,saemix,1,omega_CL,0.0979382097072143,0.09,0.08820233008015892,,,,1.13999999999999
1cmt_iv__sparse__080,sparse,80,260925080,saemix,1,omega_V,0.0551829673311559,0.04,0.37957418327889747,,,,1.13999999999999
1cmt_iv__sparse__080,sparse,80,260925080,saemix,1,sigma_prop,0.143684041289702,0.15,-0.04210639140198665,,,,1.13999999999999
1cmt_iv__sparse__081,sparse,81,260925081,nlmixr2_focei,1,theta_CL,4.33939163717349,4.0,0.08484790929337249,3.93069388501189,4.790584138992106,1,2.04999999999995
1cmt_iv__sparse__081,sparse,81,260925081,nlmixr2_focei,1,theta_V,41.4744153335003,40.0,0.03686038333750759,38.41239513915686,44.78052256372373,1,2.04999999999995
1cmt_iv__sparse__081,sparse,81,260925081,nlmixr2_focei,1,omega_CL,0.072999189750955,0.09,-0.18889789165605553,,,,2.04999999999995
1cmt_iv__sparse__081,sparse,81,260925081,nlmixr2_focei,1,omega_V,0.0312512508819805,0.04,-0.2187187279504876,,,,2.04999999999995
1cmt_iv__sparse__081,sparse,81,260925081,nlmixr2_focei,1,sigma_prop,0.144809987230234,0.15,-0.0346000851317733,,,,2.04999999999995
1cmt_iv__sparse__081,sparse,81,260925081,nlmixr2_saem,1,theta_CL,4.2715101667255,4.0,0.06787754168137505,3.8616422285672263,4.724880769498161,1,5.43000000000006
1cmt_iv__sparse__081,sparse,81,260925081,nlmixr2_saem,1,theta_V,41.2584203074342,40.0,0.031460507685854996,38.43201560016639,44.29268722136783,1,5.43000000000006
1cmt_iv__sparse__081,sparse,81,260925081,nlmixr2_saem,1,omega_CL,0.0738843384620592,0.09,-0.17906290597711993,,,,5.43000000000006
1cmt_iv__sparse__081,sparse,81,260925081,nlmixr2_saem,1,omega_V,0.029156865059872,0.04,-0.2710783735032,,,,5.43000000000006
1cmt_iv__sparse__081,sparse,81,260925081,nlmixr2_saem,1,sigma_prop,0.148762089820927,0.15,-0.00825273452715325,,,,5.43000000000006
1cmt_iv__sparse__081,sparse,81,260925081,pkpy2,1,theta_CL,4.262901898795018,4.0,0.06572547469875456,3.849258509681715,4.720995628909526,1,5.982137700004387
1cmt_iv__sparse__081,sparse,81,260925081,pkpy2,1,theta_V,41.13233295902833,40.0,0.028308323975708306,38.027311816781214,44.490886518719364,1,5.982137700004387
1cmt_iv__sparse__081,sparse,81,260925081,pkpy2,1,omega_CL,0.07365602887277412,0.09,-0.1815996791913987,,,,5.982137700004387
1cmt_iv__sparse__081,sparse,81,260925081,pkpy2,1,omega_V,0.03145147548573449,0.04,-0.21371311285663785,,,,5.982137700004387
1cmt_iv__sparse__081,sparse,81,260925081,pkpy2,1,sigma_prop,0.14459255980306548,0.15,-0.03604960131289674,,,,5.982137700004387
1cmt_iv__sparse__081,sparse,81,260925081,saemix,1,theta_CL,4.28186527258725,4.0,0.07046631814681259,3.861117948882599,4.748461573906237,1,1.20000000000005
1cmt_iv__sparse__081,sparse,81,260925081,saemix,1,theta_V,41.3363850474895,40.0,0.03340962618723751,38.400866979905054,44.49630602581094,1,1.20000000000005
1cmt_iv__sparse__081,sparse,81,260925081,saemix,1,omega_CL,0.0753094216479449,0.09,-0.16322864835616782,,,,1.20000000000005
1cmt_iv__sparse__081,sparse,81,260925081,saemix,1,omega_V,0.0247812904238351,0.04,-0.38046773940412254,,,,1.20000000000005
1cmt_iv__sparse__081,sparse,81,260925081,saemix,1,sigma_prop,0.151654516860512,0.15,0.01103011240341345,,,,1.20000000000005
1cmt_iv__sparse__082,sparse,82,260925082,nlmixr2_focei,1,theta_CL,4.27445520320153,4.0,0.06861380080038249,3.934594843357155,4.643671842101818,1,2.12
1cmt_iv__sparse__082,sparse,82,260925082,nlmixr2_focei,1,theta_V,41.1498317034468,40.0,0.028745792586170004,37.92413554860799,44.64989444654984,1,2.12
1cmt_iv__sparse__082,sparse,82,260925082,nlmixr2_focei,1,omega_CL,0.0425308133985518,0.09,-0.5274354066827577,,,,2.12
1cmt_iv__sparse__082,sparse,82,260925082,nlmixr2_focei,1,omega_V,0.0329107327845286,0.04,-0.17723168038678502,,,,2.12
1cmt_iv__sparse__082,sparse,82,260925082,nlmixr2_focei,1,sigma_prop,0.178240346528287,0.15,0.18826897685524666,,,,2.12
1cmt_iv__sparse__082,sparse,82,260925082,nlmixr2_saem,1,theta_CL,4.16034057348961,4.0,0.04008514337240254,3.8386175195765944,4.509027950597434,1,5.63999999999999
1cmt_iv__sparse__082,sparse,82,260925082,nlmixr2_saem,1,theta_V,40.720498941572,40.0,0.01801247353929991,37.59249983118919,44.10877280033528,1,5.63999999999999
1cmt_iv__sparse__082,sparse,82,260925082,nlmixr2_saem,1,omega_CL,0.0432141665850736,0.09,-0.5198425934991823,,,,5.63999999999999
1cmt_iv__sparse__082,sparse,82,260925082,nlmixr2_saem,1,omega_V,0.0347154090853489,0.04,-0.1321147728662776,,,,5.63999999999999
1cmt_iv__sparse__082,sparse,82,260925082,nlmixr2_saem,1,sigma_prop,0.177505491317036,0.15,0.18336994211357335,,,,5.63999999999999
1cmt_iv__sparse__082,sparse,82,260925082,pkpy2,1,theta_CL,4.168846889042882,4.0,0.04221172226072056,3.8319809502117583,4.535326404303269,1,5.629464300000109
1cmt_iv__sparse__082,sparse,82,260925082,pkpy2,1,theta_V,40.738731225069444,40.0,0.01846828062673609,37.40837408407726,44.365580233407414,1,5.629464300000109
1cmt_iv__sparse__082,sparse,82,260925082,pkpy2,1,omega_CL,0.04390968019075535,0.09,-0.5121146645471628,,,,5.629464300000109
1cmt_iv__sparse__082,sparse,82,260925082,pkpy2,1,omega_V,0.032239459104430386,0.04,-0.19401352238924036,,,,5.629464300000109
1cmt_iv__sparse__082,sparse,82,260925082,pkpy2,1,sigma_prop,0.17784642778513465,0.15,0.18564285190089774,,,,5.629464300000109
1cmt_iv__sparse__082,sparse,82,260925082,saemix,1,theta_CL,4.15916642318142,4.0,0.0397916057953549,3.8304889096291004,4.516046317804044,1,1.32999999999993
1cmt_iv__sparse__082,sparse,82,260925082,saemix,1,theta_V,40.5840393558074,40.0,0.01460098389518496,37.26097212236561,44.203469652502335,1,1.32999999999993
1cmt_iv__sparse__082,sparse,82,260925082,saemix,1,omega_CL,0.0416387205580069,0.09,-0.5373475493554789,,,,1.32999999999993
1cmt_iv__sparse__082,sparse,82,260925082,saemix,1,omega_V,0.0329019838995528,0.04,-0.17745040251117994,,,,1.32999999999993
1cmt_iv__sparse__082,sparse,82,260925082,saemix,1,sigma_prop,0.177901204383455,0.15,0.18600802922303336,,,,1.32999999999993
1cmt_iv__sparse__083,sparse,83,260925083,nlmixr2_focei,1,theta_CL,4.04310172165633,4.0,0.010775430414082576,3.5117604644150235,4.654836711473529,1,2.45000000000005
1cmt_iv__sparse__083,sparse,83,260925083,nlmixr2_focei,1,theta_V,40.0529835058611,40.0,0.0013245876465274975,36.81205853528675,43.579238748167576,1,2.45000000000005
1cmt_iv__sparse__083,sparse,83,260925083,nlmixr2_focei,1,omega_CL,0.161540005280081,0.09,0.7948889475564557,,,,2.45000000000005
1cmt_iv__sparse__083,sparse,83,260925083,nlmixr2_focei,1,omega_V,0.0405379434701167,0.04,0.01344858675291754,,,,2.45000000000005
1cmt_iv__sparse__083,sparse,83,260925083,nlmixr2_focei,1,sigma_prop,0.14938563555695,0.15,-0.004095762953666612,,,,2.45000000000005
1cmt_iv__sparse__083,sparse,83,260925083,nlmixr2_saem,1,theta_CL,3.95521636848736,4.0,-0.01119590787816005,3.410166134593713,4.587382521589123,1,5.19999999999993
1cmt_iv__sparse__083,sparse,83,260925083,nlmixr2_saem,1,theta_V,39.6448973185881,40.0,-0.008877567035297495,36.555877978893285,42.99494281901465,1,5.19999999999993
1cmt_iv__sparse__083,sparse,83,260925083,nlmixr2_saem,1,omega_CL,0.165528811001685,0.09,0.8392090111298335,,,,5.19999999999993
1cmt_iv__sparse__083,sparse,83,260925083,nlmixr2_saem,1,omega_V,0.0407990235131175,0.04,0.019975587827937395,,,,5.19999999999993
1cmt_iv__sparse__083,sparse,83,260925083,nlmixr2_saem,1,sigma_prop,0.152272863548395,0.15,0.015152423655966734,,,,5.19999999999993
1cmt_iv__sparse__083,sparse,83,260925083,pkpy2,1,theta_CL,3.9576521614151945,4.0,-0.010586959646201377,3.4070161322984758,4.59728102907092,1,7.580769299995154
1cmt_iv__sparse__083,sparse,83,260925083,pkpy2,1,theta_V,39.65537758103887,40.0,-0.00861556047402825,36.38081420111251,43.22467777663625,1,7.580769299995154
1cmt_iv__sparse__083,sparse,83,260925083,pkpy2,1,omega_CL,0.16542478731884175,0.09,0.8380531924315751,,,,7.580769299995154
1cmt_iv__sparse__083,sparse,83,260925083,pkpy2,1,omega_V,0.040490316819038696,0.04,0.012257920475967389,,,,7.580769299995154
1cmt_iv__sparse__083,sparse,83,260925083,pkpy2,1,sigma_prop,0.15018628646460158,0.15,0.0012419097640105812,,,,7.580769299995154
1cmt_iv__sparse__083,sparse,83,260925083,saemix,1,theta_CL,3.98480338445741,4.0,-0.003799153885647555,3.431459505387926,4.62737735586017,1,1.37
1cmt_iv__sparse__083,sparse,83,260925083,saemix,1,theta_V,39.8716673040483,40.0,-0.0032083173987924596,36.739559796947134,43.27079209416151,1,1.37
1cmt_iv__sparse__083,sparse,83,260925083,saemix,1,omega_CL,0.163843313272526,0.09,0.8204812585836222,,,,1.37
1cmt_iv__sparse__083,sparse,83,260925083,saemix,1,omega_V,0.0330772568797677,0.04,-0.17306857800580747,,,,1.37
1cmt_iv__sparse__083,sparse,83,260925083,saemix,1,sigma_prop,0.158793335276567,0.15,0.05862223517711337,,,,1.37
1cmt_iv__sparse__084,sparse,84,260925084,nlmixr2_focei,1,theta_CL,4.25060857715688,4.0,0.06265214428922006,3.856192050816655,4.685366558020187,1,2.07999999999993
1cmt_iv__sparse__084,sparse,84,260925084,nlmixr2_focei,1,theta_V,42.2135054584894,40.0,0.05533763646223502,38.41303732687648,46.38998025410283,1,2.07999999999993
1cmt_iv__sparse__084,sparse,84,260925084,nlmixr2_focei,1,omega_CL,0.0605600007207971,0.09,-0.32711110310225444,,,,2.07999999999993
1cmt_iv__sparse__084,sparse,84,260925084,nlmixr2_focei,1,omega_V,0.0511962122163619,0.04,0.27990530540904746,,,,2.07999999999993
1cmt_iv__sparse__084,sparse,84,260925084,nlmixr2_focei,1,sigma_prop,0.130677698546429,0.15,-0.12881534302380668,,,,2.07999999999993
1cmt_iv__sparse__084,sparse,84,260925084,nlmixr2_saem,1,theta_CL,4.1780855516803,4.0,0.044521387920074984,3.8101879154170812,4.581506021402836,1,5.25
1cmt_iv__sparse__084,sparse,84,260925084,nlmixr2_saem,1,theta_V,41.790941984959,40.0,0.04477354962397495,38.24448493717217,45.6662662566726,1,5.25
1cmt_iv__sparse__084,sparse,84,260925084,nlmixr2_saem,1,omega_CL,0.0620778699711243,0.09,-0.31024588920972995,,,,5.25
1cmt_iv__sparse__084,sparse,84,260925084,nlmixr2_saem,1,omega_V,0.0525427031345884,0.04,0.31356757836470994,,,,5.25
1cmt_iv__sparse__084,sparse,84,260925084,nlmixr2_saem,1,sigma_prop,0.129838671058351,0.15,-0.13440885961099325,,,,5.25
1cmt_iv__sparse__084,sparse,84,260925084,pkpy2,1,theta_CL,4.179515786509029,4.0,0.04487894662725722,3.8075151043049345,4.587861566176781,1,7.514569599996321
1cmt_iv__sparse__084,sparse,84,260925084,pkpy2,1,theta_V,41.79294196689861,40.0,0.04482354917246525,38.143825522920814,45.7911594944504,1,7.514569599996321
1cmt_iv__sparse__084,sparse,84,260925084,pkpy2,1,omega_CL,0.06155492079221688,0.09,-0.3160564356420346,,,,7.514569599996321
1cmt_iv__sparse__084,sparse,84,260925084,pkpy2,1,omega_V,0.05163995051709839,0.04,0.2909987629274597,,,,7.514569599996321
1cmt_iv__sparse__084,sparse,84,260925084,pkpy2,1,sigma_prop,0.13136071905661137,0.15,-0.12426187295592417,,,,7.514569599996321
1cmt_iv__sparse__084,sparse,84,260925084,saemix,1,theta_CL,4.19299453502638,4.0,0.04824863375659505,3.821435974109949,4.600679767991123,1,1.07000000000005
1cmt_iv__sparse__084,sparse,84,260925084,saemix,1,theta_V,41.9635971982148,40.0,0.04908992995536998,38.28881117487603,45.991072477316806,1,1.07000000000005
1cmt_iv__sparse__084,sparse,84,260925084,saemix,1,omega_CL,0.0613423197553109,0.09,-0.3184186693854344,,,,1.07000000000005
1cmt_iv__sparse__084,sparse,84,260925084,saemix,1,omega_V,0.052967901350673,0.04,0.32419753376682503,,,,1.07000000000005
1cmt_iv__sparse__084,sparse,84,260925084,saemix,1,sigma_prop,0.128382244896141,0.15,-0.14411836735905997,,,,1.07000000000005
1cmt_iv__sparse__085,sparse,85,260925085,nlmixr2_focei,1,theta_CL,3.98585113034584,4.0,-0.0035372174135399614,3.563014502639875,4.458867406099065,1,2.64999999999998
1cmt_iv__sparse__085,sparse,85,260925085,nlmixr2_focei,1,theta_V,41.7294380380877,40.0,0.0432359509521925,38.95743950804182,44.6986768371967,1,2.64999999999998
1cmt_iv__sparse__085,sparse,85,260925085,nlmixr2_focei,1,omega_CL,0.0972872048485981,0.09,0.08096894276220111,,,,2.64999999999998
1cmt_iv__sparse__085,sparse,85,260925085,nlmixr2_focei,1,omega_V,0.022327922123949,0.04,-0.441801946901275,,,,2.64999999999998
1cmt_iv__sparse__085,sparse,85,260925085,nlmixr2_focei,1,sigma_prop,0.136224519730343,0.15,-0.09183653513104666,,,,2.64999999999998
1cmt_iv__sparse__085,sparse,85,260925085,nlmixr2_saem,1,theta_CL,3.92940914661382,4.0,-0.017647713346545024,3.4998040672739945,4.411748756415041,1,6.15999999999997
1cmt_iv__sparse__085,sparse,85,260925085,nlmixr2_saem,1,theta_V,41.4778493501699,40.0,0.03694623375424744,39.067215952688045,44.03723031605008,1,6.15999999999997
1cmt_iv__sparse__085,sparse,85,260925085,nlmixr2_saem,1,omega_CL,0.100357784139023,0.09,0.11508649043358901,,,,6.15999999999997
1cmt_iv__sparse__085,sparse,85,260925085,nlmixr2_saem,1,omega_V,0.0196382180027551,0.04,-0.5090445499311225,,,,6.15999999999997
1cmt_iv__sparse__085,sparse,85,260925085,nlmixr2_saem,1,sigma_prop,0.138624806694404,0.15,-0.07583462203730666,,,,6.15999999999997
1cmt_iv__sparse__085,sparse,85,260925085,pkpy2,1,theta_CL,3.9254325686359963,4.0,-0.01864185784100092,3.4932706563756293,4.411058393882227,1,7.725690399995074
1cmt_iv__sparse__085,sparse,85,260925085,pkpy2,1,theta_V,41.36959671254784,40.0,0.03423991781369597,38.68424866866809,44.24135380830118,1,7.725690399995074
1cmt_iv__sparse__085,sparse,85,260925085,pkpy2,1,omega_CL,0.09913626792739327,0.09,0.10151408808214753,,,,7.725690399995074
1cmt_iv__sparse__085,sparse,85,260925085,pkpy2,1,omega_V,0.020784130063127456,0.04,-0.4803967484218136,,,,7.725690399995074
1cmt_iv__sparse__085,sparse,85,260925085,pkpy2,1,sigma_prop,0.13789886534775642,0.15,-0.08067423101495719,,,,7.725690399995074
1cmt_iv__sparse__085,sparse,85,260925085,saemix,1,theta_CL,3.94617351507476,4.0,-0.013456621231309973,3.5071583314098524,4.440143255470745,1,1.13999999999999
1cmt_iv__sparse__085,sparse,85,260925085,saemix,1,theta_V,41.5179169832089,40.0,0.03794792458022247,39.0117033746742,44.18513629280925,1,1.13999999999999
1cmt_iv__sparse__085,sparse,85,260925085,saemix,1,omega_CL,0.100389695947006,0.09,0.11544106607784452,,,,1.13999999999999
1cmt_iv__sparse__085,sparse,85,260925085,saemix,1,omega_V,0.0129168674421614,0.04,-0.677078313945965,,,,1.13999999999999
1cmt_iv__sparse__085,sparse,85,260925085,saemix,1,sigma_prop,0.150684645415194,0.15,0.0045643027679600125,,,,1.13999999999999
1cmt_iv__sparse__086,sparse,86,260925086,nlmixr2_focei,1,theta_CL,4.33225869868621,4.0,0.08306467467155243,3.9343633032936247,4.770394593867435,1,2
1cmt_iv__sparse__086,sparse,86,260925086,nlmixr2_focei,1,theta_V,39.6965066179212,40.0,-0.00758733455196996,36.22287554614092,43.50324522577956,1,2
1cmt_iv__sparse__086,sparse,86,260925086,nlmixr2_focei,1,omega_CL,0.0675325724206248,0.09,-0.24963808421528,,,,2
1cmt_iv__sparse__086,sparse,86,260925086,nlmixr2_focei,1,omega_V,0.0534834037655461,0.04,0.3370850941386524,,,,2
1cmt_iv__sparse__086,sparse,86,260925086,nlmixr2_focei,1,sigma_prop,0.136890667685742,0.15,-0.08739554876171989,,,,2
1cmt_iv__sparse__086,sparse,86,260925086,nlmixr2_saem,1,theta_CL,4.2510323564092,4.0,0.06275808910230007,3.859135138272611,4.682726944702654,1,4.97000000000003
1cmt_iv__sparse__086,sparse,86,260925086,nlmixr2_saem,1,theta_V,39.2794464081755,40.0,-0.01801383979561244,35.95088793164952,42.91618368553437,1,4.97000000000003
1cmt_iv__sparse__086,sparse,86,260925086,nlmixr2_saem,1,omega_CL,0.0681653730078419,0.09,-0.24260696657953448,,,,4.97000000000003
1cmt_iv__sparse__086,sparse,86,260925086,nlmixr2_saem,1,omega_V,0.0511545601027251,0.04,0.2788640025681275,,,,4.97000000000003
1cmt_iv__sparse__086,sparse,86,260925086,nlmixr2_saem,1,sigma_prop,0.140508429008154,0.15,-0.06327713994563999,,,,4.97000000000003
1cmt_iv__sparse__086,sparse,86,260925086,pkpy2,1,theta_CL,4.255379776009745,4.0,0.06384494400243623,3.857624656248268,4.6941469561437135,1,7.644437199996901
1cmt_iv__sparse__086,sparse,86,260925086,pkpy2,1,theta_V,39.32636916626163,40.0,-0.016840770843459297,35.81469607262159,43.18236593897437,1,7.644437199996901
1cmt_iv__sparse__086,sparse,86,260925086,pkpy2,1,omega_CL,0.06805959467698117,0.09,-0.2437822813668759,,,,7.644437199996901
1cmt_iv__sparse__086,sparse,86,260925086,pkpy2,1,omega_V,0.053464355835314864,0.04,0.3366088958828716,,,,7.644437199996901
1cmt_iv__sparse__086,sparse,86,260925086,pkpy2,1,sigma_prop,0.1372908005905268,0.15,-0.08472799606315455,,,,7.644437199996901
1cmt_iv__sparse__086,sparse,86,260925086,saemix,1,theta_CL,4.25380173618245,4.0,0.06345043404561257,3.8556536300712243,4.693063990401692,1,1.09999999999991
1cmt_iv__sparse__086,sparse,86,260925086,saemix,1,theta_V,39.2717611747359,40.0,-0.018205970631602498,35.79277797882099,43.088894264593655,1,1.09999999999991
1cmt_iv__sparse__086,sparse,86,260925086,saemix,1,omega_CL,0.0683607805468851,0.09,-0.2404357717012766,,,,1.09999999999991
1cmt_iv__sparse__086,sparse,86,260925086,saemix,1,omega_V,0.0526339873619506,0.04,0.315849684048765,,,,1.09999999999991
1cmt_iv__sparse__086,sparse,86,260925086,saemix,1,sigma_prop,0.138019089237065,0.15,-0.0798727384195667,,,,1.09999999999991
1cmt_iv__sparse__087,sparse,87,260925087,nlmixr2_focei,1,theta_CL,4.03203503703857,4.0,0.008008759259642506,3.6854266521634145,4.411241376995871,1,2.17999999999995
1cmt_iv__sparse__087,sparse,87,260925087,nlmixr2_focei,1,theta_V,39.7145470847139,40.0,-0.007136322882152513,37.07353550171736,42.5436967043754,1,2.17999999999995
1cmt_iv__sparse__087,sparse,87,260925087,nlmixr2_focei,1,omega_CL,0.0525593423084887,0.09,-0.41600730768345884,,,,2.17999999999995
1cmt_iv__sparse__087,sparse,87,260925087,nlmixr2_focei,1,omega_V,0.0188782300350851,0.04,-0.5280442491228725,,,,2.17999999999995
1cmt_iv__sparse__087,sparse,87,260925087,nlmixr2_focei,1,sigma_prop,0.148073952383481,0.15,-0.012840317443459925,,,,2.17999999999995
1cmt_iv__sparse__087,sparse,87,260925087,nlmixr2_saem,1,theta_CL,3.96199460299997,4.0,-0.009501349250007451,3.6324745017687174,4.3214071362531365,1,5
1cmt_iv__sparse__087,sparse,87,260925087,nlmixr2_saem,1,theta_V,39.5827907424136,40.0,-0.010430231439659998,37.26889112710116,42.04035257218483,1,5
1cmt_iv__sparse__087,sparse,87,260925087,nlmixr2_saem,1,omega_CL,0.0537650227126923,0.09,-0.40261085874786334,,,,5
1cmt_iv__sparse__087,sparse,87,260925087,nlmixr2_saem,1,omega_V,0.0185465522380961,0.04,-0.5363361940475976,,,,5
1cmt_iv__sparse__087,sparse,87,260925087,nlmixr2_saem,1,sigma_prop,0.149793372998818,0.15,-0.0013775133412132399,,,,5
1cmt_iv__sparse__087,sparse,87,260925087,pkpy2,1,theta_CL,3.961604727040316,4.0,-0.009598818239921036,3.6248539459660822,4.3296398274952805,1,8.279362799992668
1cmt_iv__sparse__087,sparse,87,260925087,pkpy2,1,theta_V,39.48688756809713,40.0,-0.012827810797571716,36.87213077179426,42.28706768984129,1,8.279362799992668
1cmt_iv__sparse__087,sparse,87,260925087,pkpy2,1,omega_CL,0.05380697557456724,0.09,-0.40214471583814176,,,,8.279362799992668
1cmt_iv__sparse__087,sparse,87,260925087,pkpy2,1,omega_V,0.019144542471718592,0.04,-0.5213864382070352,,,,8.279362799992668
1cmt_iv__sparse__087,sparse,87,260925087,pkpy2,1,sigma_prop,0.1480761601145645,0.15,-0.01282559923623657,,,,8.279362799992668
1cmt_iv__sparse__087,sparse,87,260925087,saemix,1,theta_CL,3.99752381737252,4.0,-0.0006190456568699876,3.6550479943052814,4.37208942135873,1,1.38999999999999
1cmt_iv__sparse__087,sparse,87,260925087,saemix,1,theta_V,39.9858640185631,40.0,-0.0003533995359225273,37.4131189394302,42.73552611049352,1,1.38999999999999
1cmt_iv__sparse__087,sparse,87,260925087,saemix,1,omega_CL,0.0540548406409815,0.09,-0.39939065954465003,,,,1.38999999999999
1cmt_iv__sparse__087,sparse,87,260925087,saemix,1,omega_V,0.0156430478231115,0.04,-0.6089238044222125,,,,1.38999999999999
1cmt_iv__sparse__087,sparse,87,260925087,saemix,1,sigma_prop,0.157143967176885,0.15,0.047626447845900054,,,,1.38999999999999
1cmt_iv__sparse__088,sparse,88,260925088,nlmixr2_focei,1,theta_CL,4.09202822380991,4.0,0.02300705595247754,3.6026611878036503,4.647868370510087,1,2.08000000000004
1cmt_iv__sparse__088,sparse,88,260925088,nlmixr2_focei,1,theta_V,42.0621160856765,40.0,0.05155290214191251,38.17599327540277,46.343826520549385,1,2.08000000000004
1cmt_iv__sparse__088,sparse,88,260925088,nlmixr2_focei,1,omega_CL,0.105543364290725,0.09,0.17270404767472228,,,,2.08000000000004
1cmt_iv__sparse__088,sparse,88,260925088,nlmixr2_focei,1,omega_V,0.0542868182103834,0.04,0.35717045525958496,,,,2.08000000000004
1cmt_iv__sparse__088,sparse,88,260925088,nlmixr2_focei,1,sigma_prop,0.172830628919807,0.15,0.15220419279871333,,,,2.08000000000004
1cmt_iv__sparse__088,sparse,88,260925088,nlmixr2_saem,1,theta_CL,3.97935735314909,4.0,-0.0051606617127275545,3.5239428258503804,4.4936270894918495,1,5.07000000000005
1cmt_iv__sparse__088,sparse,88,260925088,nlmixr2_saem,1,theta_V,41.6557061869541,40.0,0.04139265467385247,37.97346247116965,45.695012912010576,1,5.07000000000005
1cmt_iv__sparse__088,sparse,88,260925088,nlmixr2_saem,1,omega_CL,0.108003755687668,0.09,0.2000417298629778,,,,5.07000000000005
1cmt_iv__sparse__088,sparse,88,260925088,nlmixr2_saem,1,omega_V,0.0524931942667308,0.04,0.3123298566682699,,,,5.07000000000005
1cmt_iv__sparse__088,sparse,88,260925088,nlmixr2_saem,1,sigma_prop,0.175826270562248,0.15,0.1721751370816534,,,,5.07000000000005
1cmt_iv__sparse__088,sparse,88,260925088,pkpy2,1,theta_CL,3.976844427203748,4.0,-0.00578889319906295,3.513745299071646,4.500978372666912,1,10.433845499996096
1cmt_iv__sparse__088,sparse,88,260925088,pkpy2,1,theta_V,41.55008505395013,40.0,0.03875212634875318,37.631820168326655,45.87632382032763,1,10.433845499996096
1cmt_iv__sparse__088,sparse,88,260925088,pkpy2,1,omega_CL,0.10774193083095142,0.09,0.19713256478834915,,,,10.433845499996096
1cmt_iv__sparse__088,sparse,88,260925088,pkpy2,1,omega_V,0.05145445800248556,0.04,0.28636145006213903,,,,10.433845499996096
1cmt_iv__sparse__088,sparse,88,260925088,pkpy2,1,sigma_prop,0.17700014680906978,0.15,0.18000097872713192,,,,10.433845499996096
1cmt_iv__sparse__088,sparse,88,260925088,saemix,1,theta_CL,4.00102577739461,4.0,0.0002564443486525736,3.5306829879412134,4.534025661904791,1,1.50999999999999
1cmt_iv__sparse__088,sparse,88,260925088,saemix,1,theta_V,41.909566168643,40.0,0.04773915421607509,37.986949731891876,46.23724065344667,1,1.50999999999999
1cmt_iv__sparse__088,sparse,88,260925088,saemix,1,omega_CL,0.110673661678395,0.09,0.2297073519821667,,,,1.50999999999999
1cmt_iv__sparse__088,sparse,88,260925088,saemix,1,omega_V,0.0517842101844579,0.04,0.29460525461144743,,,,1.50999999999999
1cmt_iv__sparse__088,sparse,88,260925088,saemix,1,sigma_prop,0.175935348162155,0.15,0.1729023210810334,,,,1.50999999999999
1cmt_iv__sparse__089,sparse,89,260925089,nlmixr2_focei,1,theta_CL,4.11141447678371,4.0,0.027853619195927548,3.7828569046734,4.468508702780573,1,2.01999999999998
1cmt_iv__sparse__089,sparse,89,260925089,nlmixr2_focei,1,theta_V,36.9744669756147,40.0,-0.07563832560963242,33.921303318401,40.30243753603705,1,2.01999999999998
1cmt_iv__sparse__089,sparse,89,260925089,nlmixr2_focei,1,omega_CL,0.0483301285011381,0.09,-0.46299857220957663,,,,2.01999999999998
1cmt_iv__sparse__089,sparse,89,260925089,nlmixr2_focei,1,omega_V,0.0453217007263072,0.04,0.13304251815768,,,,2.01999999999998
1cmt_iv__sparse__089,sparse,89,260925089,nlmixr2_focei,1,sigma_prop,0.139976461717062,0.15,-0.06682358855292003,,,,2.01999999999998
1cmt_iv__sparse__089,sparse,89,260925089,nlmixr2_saem,1,theta_CL,4.04015719555026,4.0,0.010039298887565051,3.718101452813802,4.390108869246601,1,6.20000000000005
1cmt_iv__sparse__089,sparse,89,260925089,nlmixr2_saem,1,theta_V,36.737099316905,40.0,-0.08157251707737494,33.790057629340154,39.94117089188572,0,6.20000000000005
1cmt_iv__sparse__089,sparse,89,260925089,nlmixr2_saem,1,omega_CL,0.0491999452350892,0.09,-0.4533339418323422,,,,6.20000000000005
1cmt_iv__sparse__089,sparse,89,260925089,nlmixr2_saem,1,omega_V,0.0451832940699281,0.04,0.1295823517482024,,,,6.20000000000005
1cmt_iv__sparse__089,sparse,89,260925089,nlmixr2_saem,1,sigma_prop,0.143900923557468,0.15,-0.04066050961687995,,,,6.20000000000005
1cmt_iv__sparse__089,sparse,89,260925089,pkpy2,1,theta_CL,4.03635289948006,4.0,0.009088224870015038,3.7087482309081587,4.392895854554042,1,7.551915700008976
1cmt_iv__sparse__089,sparse,89,260925089,pkpy2,1,theta_V,36.65547048805276,40.0,-0.08361323779868109,33.529036323894395,40.07343079356492,1,7.551915700008976
1cmt_iv__sparse__089,sparse,89,260925089,pkpy2,1,omega_CL,0.04854418373239477,0.09,-0.46062018075116923,,,,7.551915700008976
1cmt_iv__sparse__089,sparse,89,260925089,pkpy2,1,omega_V,0.04645009982885703,0.04,0.1612524957214258,,,,7.551915700008976
1cmt_iv__sparse__089,sparse,89,260925089,pkpy2,1,sigma_prop,0.14097548336479546,0.15,-0.060163444234696925,,,,7.551915700008976
1cmt_iv__sparse__089,sparse,89,260925089,saemix,1,theta_CL,4.05615643587414,4.0,0.014039108968534997,3.7226546689539157,4.419535652740633,1,1.38999999999999
1cmt_iv__sparse__089,sparse,89,260925089,saemix,1,theta_V,36.8979407049764,40.0,-0.07755148237559002,33.860656291132095,40.20766805469486,1,1.38999999999999
1cmt_iv__sparse__089,sparse,89,260925089,saemix,1,omega_CL,0.0498406760362133,0.09,-0.44621471070874114,,,,1.38999999999999
1cmt_iv__sparse__089,sparse,89,260925089,saemix,1,omega_V,0.0416868211308987,0.04,0.04217052827246749,,,,1.38999999999999
1cmt_iv__sparse__089,sparse,89,260925089,saemix,1,sigma_prop,0.14447862323361,0.15,-0.03680917844260001,,,,1.38999999999999
1cmt_iv__sparse__090,sparse,90,260925090,nlmixr2_focei,1,theta_CL,4.46863392768191,4.0,0.1171584819204774,4.101641780033812,4.868462496367794,0,2.05999999999995
1cmt_iv__sparse__090,sparse,90,260925090,nlmixr2_focei,1,theta_V,42.5153750782873,40.0,0.06288437695718248,39.852878489731495,45.355748105201194,1,2.05999999999995
1cmt_iv__sparse__090,sparse,90,260925090,nlmixr2_focei,1,omega_CL,0.0566682220470373,0.09,-0.3703530883662522,,,,2.05999999999995
1cmt_iv__sparse__090,sparse,90,260925090,nlmixr2_focei,1,omega_V,0.0197001899246566,0.04,-0.507495251883585,,,,2.05999999999995
1cmt_iv__sparse__090,sparse,90,260925090,nlmixr2_focei,1,sigma_prop,0.147111307917871,0.15,-0.01925794721419331,,,,2.05999999999995
1cmt_iv__sparse__090,sparse,90,260925090,nlmixr2_saem,1,theta_CL,4.4084033005629,4.0,0.10210082514072494,4.025971530446136,4.827162714253047,0,5.33999999999992
1cmt_iv__sparse__090,sparse,90,260925090,nlmixr2_saem,1,theta_V,42.4043602076479,40.0,0.06010900519119744,40.08932957062337,44.853076463957244,0,5.33999999999992
1cmt_iv__sparse__090,sparse,90,260925090,nlmixr2_saem,1,omega_CL,0.0591378676415606,0.09,-0.34291258176043776,,,,5.33999999999992
1cmt_iv__sparse__090,sparse,90,260925090,nlmixr2_saem,1,omega_V,0.0148815470789562,0.04,-0.6279613230260951,,,,5.33999999999992
1cmt_iv__sparse__090,sparse,90,260925090,nlmixr2_saem,1,sigma_prop,0.152240255928653,0.15,0.014935039524353416,,,,5.33999999999992
1cmt_iv__sparse__090,sparse,90,260925090,pkpy2,1,theta_CL,4.39697015482414,4.0,0.09924253870603494,4.010811190744727,4.8203083174365045,0,8.065886199998204
1cmt_iv__sparse__090,sparse,90,260925090,pkpy2,1,theta_V,42.28063403153364,40.0,0.05701585078834093,39.52877494743525,45.22406820058734,1,8.065886199998204
1cmt_iv__sparse__090,sparse,90,260925090,pkpy2,1,omega_CL,0.05781628474133776,0.09,-0.3575968362073582,,,,8.065886199998204
1cmt_iv__sparse__090,sparse,90,260925090,pkpy2,1,omega_V,0.017960579581260364,0.04,-0.5509855104684909,,,,8.065886199998204
1cmt_iv__sparse__090,sparse,90,260925090,pkpy2,1,sigma_prop,0.14823383072666238,0.15,-0.011774461822250764,,,,8.065886199998204
1cmt_iv__sparse__090,sparse,90,260925090,saemix,1,theta_CL,4.42089934261664,4.0,0.10522483565416008,4.024144618250718,4.856771525781821,0,1.07000000000005
1cmt_iv__sparse__090,sparse,90,260925090,saemix,1,theta_V,42.3953691712319,40.0,0.059884229280797466,39.862937852408436,45.08868196869356,1,1.07000000000005
1cmt_iv__sparse__090,sparse,90,260925090,saemix,1,omega_CL,0.0603499568043064,0.09,-0.3294449243965955,,,,1.07000000000005
1cmt_iv__sparse__090,sparse,90,260925090,saemix,1,omega_V,0.0109713413823549,0.04,-0.7257164654411274,,,,1.07000000000005
1cmt_iv__sparse__090,sparse,90,260925090,saemix,1,sigma_prop,0.15628142067472,0.15,0.04187613783146675,,,,1.07000000000005
1cmt_iv__sparse__091,sparse,91,260925091,nlmixr2_focei,1,theta_CL,4.10473594068634,4.0,0.026183985171585045,3.656129450495102,4.6083863744158595,1,2.11000000000001
1cmt_iv__sparse__091,sparse,91,260925091,nlmixr2_focei,1,theta_V,41.1278999822691,40.0,0.028197499556727477,37.67753703335819,44.8942338097615,1,2.11000000000001
1cmt_iv__sparse__091,sparse,91,260925091,nlmixr2_focei,1,omega_CL,0.0982998046185345,0.09,0.0922200513170501,,,,2.11000000000001
1cmt_iv__sparse__091,sparse,91,260925091,nlmixr2_focei,1,omega_V,0.0412388427756069,0.04,0.03097106939017255,,,,2.11000000000001
1cmt_iv__sparse__091,sparse,91,260925091,nlmixr2_focei,1,sigma_prop,0.145547302389755,0.15,-0.02968465073496666,,,,2.11000000000001
1cmt_iv__sparse__091,sparse,91,260925091,nlmixr2_saem,1,theta_CL,4.02437833011873,4.0,0.006094582529682535,3.575524559414705,4.5295789959782455,1,6.69000000000005
1cmt_iv__sparse__091,sparse,91,260925091,nlmixr2_saem,1,theta_V,40.7198319634964,40.0,0.017995799087409912,37.58548594657471,44.11555879554862,1,6.69000000000005
1cmt_iv__sparse__091,sparse,91,260925091,nlmixr2_saem,1,omega_CL,0.10313735340962,0.09,0.14597059344022234,,,,6.69000000000005
1cmt_iv__sparse__091,sparse,91,260925091,nlmixr2_saem,1,omega_V,0.0391615971820897,0.04,-0.0209600704477576,,,,6.69000000000005
1cmt_iv__sparse__091,sparse,91,260925091,nlmixr2_saem,1,sigma_prop,0.148286276771274,0.15,-0.011424821524839887,,,,6.69000000000005
1cmt_iv__sparse__091,sparse,91,260925091,pkpy2,1,theta_CL,4.023505184271302,4.0,0.0058762960678255816,3.5736955496146696,4.529930919717985,1,8.478140799998073
1cmt_iv__sparse__091,sparse,91,260925091,pkpy2,1,theta_V,40.7254473155306,40.0,0.01813618288826504,37.37966962833499,44.37069871245773,1,8.478140799998073
1cmt_iv__sparse__091,sparse,91,260925091,pkpy2,1,omega_CL,0.10136980577053853,0.09,0.12633117522820592,,,,8.478140799998073
1cmt_iv__sparse__091,sparse,91,260925091,pkpy2,1,omega_V,0.040437697049190084,0.04,0.010942426229752084,,,,8.478140799998073
1cmt_iv__sparse__091,sparse,91,260925091,pkpy2,1,sigma_prop,0.14642613766791876,0.15,-0.023825748880541564,,,,8.478140799998073
1cmt_iv__sparse__091,sparse,91,260925091,saemix,1,theta_CL,4.02520456850238,4.0,0.006301142125594961,3.5721923291707345,4.535666147083884,1,1.11000000000001
1cmt_iv__sparse__091,sparse,91,260925091,saemix,1,theta_V,40.8297797024179,40.0,0.020744492560447546,37.40691823921635,44.56584474259809,1,1.11000000000001
1cmt_iv__sparse__091,sparse,91,260925091,saemix,1,omega_CL,0.103309708450708,0.09,0.14788564945231114,,,,1.11000000000001
1cmt_iv__sparse__091,sparse,91,260925091,saemix,1,omega_V,0.0441260407165451,0.04,0.10315101791362746,,,,1.11000000000001
1cmt_iv__sparse__091,sparse,91,260925091,saemix,1,sigma_prop,0.143615291182627,0.15,-0.04256472544915328,,,,1.11000000000001
1cmt_iv__sparse__092,sparse,92,260925092,nlmixr2_focei,1,theta_CL,4.63657527409475,4.0,0.15914381852368753,4.143876101651807,5.187855463095886,0,3.12
1cmt_iv__sparse__092,sparse,92,260925092,nlmixr2_focei,1,theta_V,37.7353593234241,40.0,-0.05661601691439753,35.01607169667988,40.665822128841064,1,3.12
1cmt_iv__sparse__092,sparse,92,260925092,nlmixr2_focei,1,omega_CL,0.0881961952433013,0.09,-0.020042275074429954,,,,3.12
1cmt_iv__sparse__092,sparse,92,260925092,nlmixr2_focei,1,omega_V,0.0167271964168111,0.04,-0.5818200895797225,,,,3.12
1cmt_iv__sparse__092,sparse,92,260925092,nlmixr2_focei,1,sigma_prop,0.166152385257239,0.15,0.10768256838159333,,,,3.12
1cmt_iv__sparse__092,sparse,92,260925092,nlmixr2_saem,1,theta_CL,4.57505364750736,4.0,0.14376341187684005,4.0936550968615295,5.113062869809818,0,5.95000000000005
1cmt_iv__sparse__092,sparse,92,260925092,nlmixr2_saem,1,theta_V,37.782143282322,40.0,-0.055446417941950085,35.65673532610641,40.0342414399548,1,5.95000000000005
1cmt_iv__sparse__092,sparse,92,260925092,nlmixr2_saem,1,omega_CL,0.0906525324415251,0.09,0.0072503604613900615,,,,5.95000000000005
1cmt_iv__sparse__092,sparse,92,260925092,nlmixr2_saem,1,omega_V,0.0169811272845512,0.04,-0.57547181788622,,,,5.95000000000005
1cmt_iv__sparse__092,sparse,92,260925092,nlmixr2_saem,1,sigma_prop,0.169769126440921,0.15,0.13179417627280662,,,,5.95000000000005
1cmt_iv__sparse__092,sparse,92,260925092,pkpy2,1,theta_CL,4.559876703571253,4.0,0.1399691758928132,4.070672668930656,5.107872148618108,0,7.5057489000028
1cmt_iv__sparse__092,sparse,92,260925092,pkpy2,1,theta_V,37.56110569640078,40.0,-0.0609723575899805,34.97559485627494,40.33774598927441,1,7.5057489000028
1cmt_iv__sparse__092,sparse,92,260925092,pkpy2,1,omega_CL,0.0901874695340707,0.09,0.0020829948230077777,,,,7.5057489000028
1cmt_iv__sparse__092,sparse,92,260925092,pkpy2,1,omega_V,0.017724576412593472,0.04,-0.5568855896851632,,,,7.5057489000028
1cmt_iv__sparse__092,sparse,92,260925092,pkpy2,1,sigma_prop,0.16556311822321335,0.15,0.10375412148808902,,,,7.5057489000028
1cmt_iv__sparse__092,sparse,92,260925092,saemix,1,theta_CL,4.58257699276967,4.0,0.1456442481924174,4.0858367487392355,5.1397089962397216,0,1.1099999999999
1cmt_iv__sparse__092,sparse,92,260925092,saemix,1,theta_V,37.7502215095533,40.0,-0.05624446226116753,35.26681849979121,40.40849967877815,1,1.1099999999999
1cmt_iv__sparse__092,sparse,92,260925092,saemix,1,omega_CL,0.09293415480309,0.09,0.0326017200343334,,,,1.1099999999999
1cmt_iv__sparse__092,sparse,92,260925092,saemix,1,omega_V,0.0158225708272965,0.04,-0.6044357293175875,,,,1.1099999999999
1cmt_iv__sparse__092,sparse,92,260925092,saemix,1,sigma_prop,0.163039504019586,0.15,0.08693002679724005,,,,1.1099999999999
1cmt_iv__sparse__093,sparse,93,260925093,nlmixr2_focei,1,theta_CL,3.99398119858931,4.0,-0.0015047003526724723,3.5580413495215204,4.483333454466482,1,2.73000000000002
1cmt_iv__sparse__093,sparse,93,260925093,nlmixr2_focei,1,theta_V,39.2404582089257,40.0,-0.018988544776857453,36.365404111221196,42.342814498555434,1,2.73000000000002
1cmt_iv__sparse__093,sparse,93,260925093,nlmixr2_focei,1,omega_CL,0.0992119352621694,0.09,0.10235483624632669,,,,2.73000000000002
1cmt_iv__sparse__093,sparse,93,260925093,nlmixr2_focei,1,omega_V,0.0239334395601671,0.04,-0.4016640109958225,,,,2.73000000000002
1cmt_iv__sparse__093,sparse,93,260925093,nlmixr2_focei,1,sigma_prop,0.164950536691708,0.15,0.09967024461138674,,,,2.73000000000002
1cmt_iv__sparse__093,sparse,93,260925093,nlmixr2_saem,1,theta_CL,3.91565259545026,4.0,-0.021086851137435025,3.4786002663468873,4.4076163037720555,1,5.65000000000009
1cmt_iv__sparse__093,sparse,93,260925093,nlmixr2_saem,1,theta_V,39.1697593211107,40.0,-0.020756016972232415,36.70090550131728,41.80469185477373,1,5.65000000000009
1cmt_iv__sparse__093,sparse,93,260925093,nlmixr2_saem,1,omega_CL,0.103219383147313,0.09,0.14688203497014457,,,,5.65000000000009
1cmt_iv__sparse__093,sparse,93,260925093,nlmixr2_saem,1,omega_V,0.0216352828846728,0.04,-0.45911792788318,,,,5.65000000000009
1cmt_iv__sparse__093,sparse,93,260925093,nlmixr2_saem,1,sigma_prop,0.167816345736168,0.15,0.11877563824112,,,,5.65000000000009
1cmt_iv__sparse__093,sparse,93,260925093,pkpy2,1,theta_CL,3.907974057338617,4.0,-0.0230064856653458,3.4689242917911893,4.402592835182855,1,7.885568800003966
1cmt_iv__sparse__093,sparse,93,260925093,pkpy2,1,theta_V,38.95999652840597,40.0,-0.026000086789850663,36.053835997321514,42.100411440440645,1,7.885568800003966
1cmt_iv__sparse__093,sparse,93,260925093,pkpy2,1,omega_CL,0.10089112004908499,0.09,0.12101244498983323,,,,7.885568800003966
1cmt_iv__sparse__093,sparse,93,260925093,pkpy2,1,omega_V,0.024994238831347965,0.04,-0.3751440292163009,,,,7.885568800003966
1cmt_iv__sparse__093,sparse,93,260925093,pkpy2,1,sigma_prop,0.16350776474646883,0.15,0.09005176497645892,,,,7.885568800003966
1cmt_iv__sparse__093,sparse,93,260925093,saemix,1,theta_CL,3.90261442067024,4.0,-0.024346394832440055,3.4661421988440018,4.394049188605945,1,1.08000000000004
1cmt_iv__sparse__093,sparse,93,260925093,saemix,1,theta_V,38.8585919172125,40.0,-0.028535202069687494,36.03888462450924,41.89891506135965,1,1.08000000000004
1cmt_iv__sparse__093,sparse,93,260925093,saemix,1,omega_CL,0.0998019670656745,0.09,0.10891074517416115,,,,1.08000000000004
1cmt_iv__sparse__093,sparse,93,260925093,saemix,1,omega_V,0.0231650955833196,0.04,-0.42087261041700996,,,,1.08000000000004
1cmt_iv__sparse__093,sparse,93,260925093,saemix,1,sigma_prop,0.166384803730856,0.15,0.10923202487237346,,,,1.08000000000004
1cmt_iv__sparse__094,sparse,94,260925094,nlmixr2_focei,1,theta_CL,3.82313934649817,4.0,-0.0442151633754575,3.438118196541595,4.251277480060195,1,2.36000000000001
1cmt_iv__sparse__094,sparse,94,260925094,nlmixr2_focei,1,theta_V,42.8638287246925,40.0,0.07159571811731258,39.40715266730821,46.62371393465295,1,2.36000000000001
1cmt_iv__sparse__094,sparse,94,260925094,nlmixr2_focei,1,omega_CL,0.0826044053350409,0.09,-0.08217327405510104,,,,2.36000000000001
1cmt_iv__sparse__094,sparse,94,260925094,nlmixr2_focei,1,omega_V,0.0334977095063093,0.04,-0.1625572623422675,,,,2.36000000000001
1cmt_iv__sparse__094,sparse,94,260925094,nlmixr2_focei,1,sigma_prop,0.154893822975641,0.15,0.03262548650427337,,,,2.36000000000001
1cmt_iv__sparse__094,sparse,94,260925094,nlmixr2_saem,1,theta_CL,3.73342524983746,4.0,-0.06664368754063499,3.3529388155860684,4.157088710158154,1,5.37
1cmt_iv__sparse__094,sparse,94,260925094,nlmixr2_saem,1,theta_V,42.322601177205,40.0,0.05806502943012504,39.36547940593857,45.50186095624021,1,5.37
1cmt_iv__sparse__094,sparse,94,260925094,nlmixr2_saem,1,omega_CL,0.0840146123657263,0.09,-0.06650430704748553,,,,5.37
1cmt_iv__sparse__094,sparse,94,260925094,nlmixr2_saem,1,omega_V,0.0302480565669005,0.04,-0.24379858582748748,,,,5.37
1cmt_iv__sparse__094,sparse,94,260925094,nlmixr2_saem,1,sigma_prop,0.158269672327485,0.15,0.05513114884990011,,,,5.37
1cmt_iv__sparse__094,sparse,94,260925094,pkpy2,1,theta_CL,3.738496938610617,4.0,-0.0653757653473458,3.352389036557207,4.169074414571591,1,6.299659299998893
1cmt_iv__sparse__094,sparse,94,260925094,pkpy2,1,theta_V,42.38444153412771,40.0,0.059611038353192744,39.0722980140272,45.9773541734084,1,6.299659299998893
1cmt_iv__sparse__094,sparse,94,260925094,pkpy2,1,omega_CL,0.08340399607702523,0.09,-0.07328893247749743,,,,6.299659299998893
1cmt_iv__sparse__094,sparse,94,260925094,pkpy2,1,omega_V,0.03302535974118252,0.04,-0.17436600647043696,,,,6.299659299998893
1cmt_iv__sparse__094,sparse,94,260925094,pkpy2,1,sigma_prop,0.1556159493632422,0.15,0.03743966242161464,,,,6.299659299998893
1cmt_iv__sparse__094,sparse,94,260925094,saemix,1,theta_CL,3.74949619646408,4.0,-0.06262595088398004,3.358420240091777,4.186111541215108,1,1.12
1cmt_iv__sparse__094,sparse,94,260925094,saemix,1,theta_V,42.4891328591205,40.0,0.06222832147801256,39.2581792641108,45.985994382841746,1,1.12
1cmt_iv__sparse__094,sparse,94,260925094,saemix,1,omega_CL,0.0856254399320573,0.09,-0.04860622297714103,,,,1.12
1cmt_iv__sparse__094,sparse,94,260925094,saemix,1,omega_V,0.0301975366203031,0.04,-0.2450615844924225,,,,1.12
1cmt_iv__sparse__094,sparse,94,260925094,saemix,1,sigma_prop,0.156328496176419,0.15,0.04218997450946005,,,,1.12
1cmt_iv__sparse__095,sparse,95,260925095,nlmixr2_focei,1,theta_CL,3.95943377265187,4.0,-0.01014155683703255,3.5719510998138397,4.388950285694915,1,1.93999999999994
1cmt_iv__sparse__095,sparse,95,260925095,nlmixr2_focei,1,theta_V,38.7798609733559,40.0,-0.030503475666102453,35.66252338391404,42.16969172156652,1,1.93999999999994
1cmt_iv__sparse__095,sparse,95,260925095,nlmixr2_focei,1,omega_CL,0.0710075190065416,0.09,-0.21102756659398214,,,,1.93999999999994
1cmt_iv__sparse__095,sparse,95,260925095,nlmixr2_focei,1,omega_V,0.0332984388722139,0.04,-0.16753902819465258,,,,1.93999999999994
1cmt_iv__sparse__095,sparse,95,260925095,nlmixr2_focei,1,sigma_prop,0.168016037445343,0.15,0.12010691630228665,,,,1.93999999999994
1cmt_iv__sparse__095,sparse,95,260925095,nlmixr2_saem,1,theta_CL,3.86879998963944,4.0,-0.03280000259014004,3.492239280499706,4.285964436461069,1,4.69000000000005
1cmt_iv__sparse__095,sparse,95,260925095,nlmixr2_saem,1,theta_V,38.3633032876915,40.0,-0.04091741780771248,35.692845992199345,41.23355810475439,1,4.69000000000005
1cmt_iv__sparse__095,sparse,95,260925095,nlmixr2_saem,1,omega_CL,0.074689048623641,0.09,-0.17012168195954447,,,,4.69000000000005
1cmt_iv__sparse__095,sparse,95,260925095,nlmixr2_saem,1,omega_V,0.0279516082295459,0.04,-0.3012097942613525,,,,4.69000000000005
1cmt_iv__sparse__095,sparse,95,260925095,nlmixr2_saem,1,sigma_prop,0.173308133818324,0.15,0.15538755878882668,,,,4.69000000000005
1cmt_iv__sparse__095,sparse,95,260925095,pkpy2,1,theta_CL,3.8714363111039485,4.0,-0.03214092222401288,3.488825817921817,4.296006706308439,1,8.242862300001434
1cmt_iv__sparse__095,sparse,95,260925095,pkpy2,1,theta_V,38.46141111815472,40.0,-0.03846472204613196,35.308852043916495,41.895447163216026,1,8.242862300001434
1cmt_iv__sparse__095,sparse,95,260925095,pkpy2,1,omega_CL,0.07392580762245374,0.09,-0.17860213752829177,,,,8.242862300001434
1cmt_iv__sparse__095,sparse,95,260925095,pkpy2,1,omega_V,0.0339972558561651,0.04,-0.15006860359587249,,,,8.242862300001434
1cmt_iv__sparse__095,sparse,95,260925095,pkpy2,1,sigma_prop,0.1682283168952471,0.15,0.12152211263498063,,,,8.242862300001434
1cmt_iv__sparse__095,sparse,95,260925095,saemix,1,theta_CL,3.90452511039491,4.0,-0.02386872240127247,3.510969010789097,4.342196211603124,1,1.11000000000001
1cmt_iv__sparse__095,sparse,95,260925095,saemix,1,theta_V,38.484134076006,40.0,-0.03789664809984998,35.790212218124914,41.380826873945786,1,1.11000000000001
1cmt_iv__sparse__095,sparse,95,260925095,saemix,1,omega_CL,0.0748140979067138,0.09,-0.16873224548095778,,,,1.11000000000001
1cmt_iv__sparse__095,sparse,95,260925095,saemix,1,omega_V,0.0122932213799238,0.04,-0.692669465501905,,,,1.11000000000001
1cmt_iv__sparse__095,sparse,95,260925095,saemix,1,sigma_prop,0.194432250016964,0.15,0.2962150001130933,,,,1.11000000000001
1cmt_iv__sparse__096,sparse,96,260925096,nlmixr2_focei,1,theta_CL,3.98700625859374,4.0,-0.003248435351565049,3.461377092265321,4.592455107415721,1,2.12
1cmt_iv__sparse__096,sparse,96,260925096,nlmixr2_focei,1,theta_V,38.5502509181172,40.0,-0.03624372704707,35.282916916047185,42.12015263323895,1,2.12
1cmt_iv__sparse__096,sparse,96,260925096,nlmixr2_focei,1,omega_CL,0.140699188202524,0.09,0.5633243133613779,,,,2.12
1cmt_iv__sparse__096,sparse,96,260925096,nlmixr2_focei,1,omega_V,0.0417235353312955,0.04,0.043088383282387406,,,,2.12
1cmt_iv__sparse__096,sparse,96,260925096,nlmixr2_focei,1,sigma_prop,0.145345328962255,0.15,-0.031031140251633338,,,,2.12
1cmt_iv__sparse__096,sparse,96,260925096,nlmixr2_saem,1,theta_CL,3.90375477822968,4.0,-0.024061305442580005,3.396816773716281,4.48634777314719,1,5.20000000000005
1cmt_iv__sparse__096,sparse,96,260925096,nlmixr2_saem,1,theta_V,38.243737189606,40.0,-0.04390657025984997,35.26124339035325,41.47849858941123,1,5.20000000000005
1cmt_iv__sparse__096,sparse,96,260925096,nlmixr2_saem,1,omega_CL,0.14576891650044,0.09,0.6196546277826667,,,,5.20000000000005
1cmt_iv__sparse__096,sparse,96,260925096,nlmixr2_saem,1,omega_V,0.0419382094056762,0.04,0.04845523514190493,,,,5.20000000000005
1cmt_iv__sparse__096,sparse,96,260925096,nlmixr2_saem,1,sigma_prop,0.146346606505322,0.15,-0.024355956631186653,,,,5.20000000000005
1cmt_iv__sparse__096,sparse,96,260925096,pkpy2,1,theta_CL,3.899324293233459,4.0,-0.025168926691635285,3.391638615879255,4.4830041362938395,1,7.813291800004663
1cmt_iv__sparse__096,sparse,96,260925096,pkpy2,1,theta_V,38.141158238862346,40.0,-0.046471044028441356,34.981079274963996,41.58670864232317,1,7.813291800004663
1cmt_iv__sparse__096,sparse,96,260925096,pkpy2,1,omega_CL,0.14359804829356182,0.09,0.5955338699284647,,,,7.813291800004663
1cmt_iv__sparse__096,sparse,96,260925096,pkpy2,1,omega_V,0.04121486595983045,0.04,0.03037164899576117,,,,7.813291800004663
1cmt_iv__sparse__096,sparse,96,260925096,pkpy2,1,sigma_prop,0.14658641091117694,0.15,-0.0227572605921537,,,,7.813291800004663
1cmt_iv__sparse__096,sparse,96,260925096,saemix,1,theta_CL,3.90317268075653,4.0,-0.024206829810867525,3.3981062774524644,4.483307975648573,1,1.18000000000006
1cmt_iv__sparse__096,sparse,96,260925096,saemix,1,theta_V,38.2036546488375,40.0,-0.04490863377906251,34.987305322509094,41.71567987514205,1,1.18000000000006
1cmt_iv__sparse__096,sparse,96,260925096,saemix,1,omega_CL,0.142398131619588,0.09,0.5822014624398668,,,,1.18000000000006
1cmt_iv__sparse__096,sparse,96,260925096,saemix,1,omega_V,0.0450278277709621,0.04,0.12569569427405244,,,,1.18000000000006
1cmt_iv__sparse__096,sparse,96,260925096,saemix,1,sigma_prop,0.141711364850156,0.15,-0.05525756766562658,,,,1.18000000000006
1cmt_iv__sparse__097,sparse,97,260925097,nlmixr2_focei,1,theta_CL,4.30189134655607,4.0,0.0754728366390176,3.767523805572329,4.912051021469973,1,2.18999999999994
1cmt_iv__sparse__097,sparse,97,260925097,nlmixr2_focei,1,theta_V,43.4718085625818,40.0,0.08679521406454498,40.51643808143604,46.64275116937375,0,2.18999999999994
1cmt_iv__sparse__097,sparse,97,260925097,nlmixr2_focei,1,omega_CL,0.132610853286066,0.09,0.47345392540073344,,,,2.18999999999994
1cmt_iv__sparse__097,sparse,97,260925097,nlmixr2_focei,1,omega_V,0.0263226181603726,0.04,-0.341934545990685,,,,2.18999999999994
1cmt_iv__sparse__097,sparse,97,260925097,nlmixr2_focei,1,sigma_prop,0.131562374874005,0.15,-0.1229175008399667,,,,2.18999999999994
1cmt_iv__sparse__097,sparse,97,260925097,nlmixr2_saem,1,theta_CL,4.22724896045971,4.0,0.05681224011492758,3.6988077756318507,4.831187468414769,1,5.31000000000006
1cmt_iv__sparse__097,sparse,97,260925097,nlmixr2_saem,1,theta_V,43.1611016979565,40.0,0.07902754244891241,40.40754796808087,46.10229507746642,0,5.31000000000006
1cmt_iv__sparse__097,sparse,97,260925097,nlmixr2_saem,1,omega_CL,0.134931673897655,0.09,0.4992408210850557,,,,5.31000000000006
1cmt_iv__sparse__097,sparse,97,260925097,nlmixr2_saem,1,omega_V,0.0267089303360611,0.04,-0.3322767415984725,,,,5.31000000000006
1cmt_iv__sparse__097,sparse,97,260925097,nlmixr2_saem,1,sigma_prop,0.131447025542239,0.15,-0.12368649638507331,,,,5.31000000000006
1cmt_iv__sparse__097,sparse,97,260925097,pkpy2,1,theta_CL,4.230120790812553,4.0,0.057530197703138164,3.696931709237689,4.840208938713223,1,7.063634499994805
1cmt_iv__sparse__097,sparse,97,260925097,pkpy2,1,theta_V,43.18585239657892,40.0,0.07964630991447308,40.16582708569032,46.43295016035017,0,7.063634499994805
1cmt_iv__sparse__097,sparse,97,260925097,pkpy2,1,omega_CL,0.13486435398086993,0.09,0.498492822009666,,,,7.063634499994805
1cmt_iv__sparse__097,sparse,97,260925097,pkpy2,1,omega_V,0.027348884506664638,0.04,-0.3162778873333841,,,,7.063634499994805
1cmt_iv__sparse__097,sparse,97,260925097,pkpy2,1,sigma_prop,0.13099516591372914,0.15,-0.12669889390847233,,,,7.063634499994805
1cmt_iv__sparse__097,sparse,97,260925097,saemix,1,theta_CL,4.23599414661983,4.0,0.05899853665495747,3.701006688659258,4.848315044979776,1,1.06000000000006
1cmt_iv__sparse__097,sparse,97,260925097,saemix,1,theta_V,43.3376740460926,40.0,0.08344185115231503,40.328523860327266,46.57135476195749,0,1.06000000000006
1cmt_iv__sparse__097,sparse,97,260925097,saemix,1,omega_CL,0.135847470956818,0.09,0.5094163439646446,,,,1.06000000000006
1cmt_iv__sparse__097,sparse,97,260925097,saemix,1,omega_V,0.0277061585761089,0.04,-0.30734603559727747,,,,1.06000000000006
1cmt_iv__sparse__097,sparse,97,260925097,saemix,1,sigma_prop,0.129040849556589,0.15,-0.13972766962273991,,,,1.06000000000006
1cmt_iv__sparse__098,sparse,98,260925098,nlmixr2_focei,1,theta_CL,4.14952911341938,4.0,0.03738227835484498,3.6775347743285147,4.682101712079388,1,2.13999999999999
1cmt_iv__sparse__098,sparse,98,260925098,nlmixr2_focei,1,theta_V,40.4954478206525,40.0,0.012386195516312527,36.976132758425884,44.34972431835786,1,2.13999999999999
1cmt_iv__sparse__098,sparse,98,260925098,nlmixr2_focei,1,omega_CL,0.109222453296331,0.09,0.2135828144036778,,,,2.13999999999999
1cmt_iv__sparse__098,sparse,98,260925098,nlmixr2_focei,1,omega_V,0.0468881611640855,0.04,0.17220402910213747,,,,2.13999999999999
1cmt_iv__sparse__098,sparse,98,260925098,nlmixr2_focei,1,sigma_prop,0.138232787661816,0.15,-0.07844808225456006,,,,2.13999999999999
1cmt_iv__sparse__098,sparse,98,260925098,nlmixr2_saem,1,theta_CL,4.0679745260301,4.0,0.016993631507524976,3.6004240211681604,4.596241066923187,1,5.20000000000005
1cmt_iv__sparse__098,sparse,98,260925098,nlmixr2_saem,1,theta_V,40.0341448819031,40.0,0.0008536220475775736,36.81653432726566,43.532961092382166,1,5.20000000000005
1cmt_iv__sparse__098,sparse,98,260925098,nlmixr2_saem,1,omega_CL,0.111715670406254,0.09,0.24128522673615566,,,,5.20000000000005
1cmt_iv__sparse__098,sparse,98,260925098,nlmixr2_saem,1,omega_V,0.0464847178988369,0.04,0.16211794747092254,,,,5.20000000000005
1cmt_iv__sparse__098,sparse,98,260925098,nlmixr2_saem,1,sigma_prop,0.137864080322318,0.15,-0.08090613118454659,,,,5.20000000000005
1cmt_iv__sparse__098,sparse,98,260925098,pkpy2,1,theta_CL,4.073071584670234,4.0,0.018267896167558417,3.598845603187688,4.6097871270591675,1,5.640352700007497
1cmt_iv__sparse__098,sparse,98,260925098,pkpy2,1,theta_V,40.07302897953569,40.0,0.0018257244883923107,36.684914948226705,43.77405955175403,1,5.640352700007497
1cmt_iv__sparse__098,sparse,98,260925098,pkpy2,1,omega_CL,0.1116874205761899,0.09,0.24097133973544335,,,,5.640352700007497
1cmt_iv__sparse__098,sparse,98,260925098,pkpy2,1,omega_V,0.045767692341684305,0.04,0.1441923085421076,,,,5.640352700007497
1cmt_iv__sparse__098,sparse,98,260925098,pkpy2,1,sigma_prop,0.13998550630353218,0.15,-0.06676329130978542,,,,5.640352700007497
1cmt_iv__sparse__098,sparse,98,260925098,saemix,1,theta_CL,4.08976654663874,4.0,0.022441636659684905,3.619453059295609,4.621192796809053,1,1.14999999999998
1cmt_iv__sparse__098,sparse,98,260925098,saemix,1,theta_V,40.1886238941518,40.0,0.004715597353795076,36.881190345881095,43.79266166190775,1,1.14999999999998
1cmt_iv__sparse__098,sparse,98,260925098,saemix,1,omega_CL,0.108608398422379,0.09,0.20675998247087785,,,,1.14999999999998
1cmt_iv__sparse__098,sparse,98,260925098,saemix,1,omega_V,0.0422104689412812,0.04,0.055261723532029974,,,,1.14999999999998
1cmt_iv__sparse__098,sparse,98,260925098,saemix,1,sigma_prop,0.142010832974995,0.15,-0.053261113500033264,,,,1.14999999999998
1cmt_iv__sparse__099,sparse,99,260925099,nlmixr2_focei,1,theta_CL,4.03234600358326,4.0,0.008086500895815085,3.655546776273707,4.44798419709688,1,2.13
1cmt_iv__sparse__099,sparse,99,260925099,nlmixr2_focei,1,theta_V,39.4709681376898,40.0,-0.013225796557754955,36.06986999315488,43.19276243640976,1,2.13
1cmt_iv__sparse__099,sparse,99,260925099,nlmixr2_focei,1,omega_CL,0.0723163579406102,0.09,-0.19648491177099775,,,,2.13
1cmt_iv__sparse__099,sparse,99,260925099,nlmixr2_focei,1,omega_V,0.0461635324325991,0.04,0.15408831081497754,,,,2.13
1cmt_iv__sparse__099,sparse,99,260925099,nlmixr2_focei,1,sigma_prop,0.133857496115821,0.15,-0.10761669256119322,,,,2.13
1cmt_iv__sparse__099,sparse,99,260925099,nlmixr2_saem,1,theta_CL,3.95952359626038,4.0,-0.010119100934904979,3.584906156270902,4.37328800976234,1,5.13
1cmt_iv__sparse__099,sparse,99,260925099,nlmixr2_saem,1,theta_V,39.1042374967243,40.0,-0.02239406258189245,35.88986824396825,42.60649216669138,1,5.13
1cmt_iv__sparse__099,sparse,99,260925099,nlmixr2_saem,1,omega_CL,0.0724935313992048,0.09,-0.19451631778661338,,,,5.13
1cmt_iv__sparse__099,sparse,99,260925099,nlmixr2_saem,1,omega_V,0.0476564146967879,0.04,0.19141036741969747,,,,5.13
1cmt_iv__sparse__099,sparse,99,260925099,nlmixr2_saem,1,sigma_prop,0.133123194275147,0.15,-0.11251203816568671,,,,5.13
1cmt_iv__sparse__099,sparse,99,260925099,pkpy2,1,theta_CL,3.962137352361906,4.0,-0.00946566190952347,3.58161878908985,4.383082992193783,1,8.333715200002189
1cmt_iv__sparse__099,sparse,99,260925099,pkpy2,1,theta_V,39.11904091975603,40.0,-0.022023977006099215,35.80314044041633,42.74204283918264,1,8.333715200002189
1cmt_iv__sparse__099,sparse,99,260925099,pkpy2,1,omega_CL,0.07279365402026829,0.09,-0.19118162199701902,,,,8.333715200002189
1cmt_iv__sparse__099,sparse,99,260925099,pkpy2,1,omega_V,0.04695256622226805,0.04,0.1738141555567013,,,,8.333715200002189
1cmt_iv__sparse__099,sparse,99,260925099,pkpy2,1,sigma_prop,0.1339512077081343,0.15,-0.10699194861243803,,,,8.333715200002189
1cmt_iv__sparse__099,sparse,99,260925099,saemix,1,theta_CL,3.97761306307412,4.0,-0.005596734231470002,3.5971469881190683,4.3983205945695385,1,1.16000000000008
1cmt_iv__sparse__099,sparse,99,260925099,saemix,1,theta_V,39.2538372331596,40.0,-0.01865406917100998,35.92677473997456,42.88900823075882,1,1.16000000000008
1cmt_iv__sparse__099,sparse,99,260925099,saemix,1,omega_CL,0.0725121838784837,0.09,-0.19430906801684777,,,,1.16000000000008
1cmt_iv__sparse__099,sparse,99,260925099,saemix,1,omega_V,0.0482314703377433,0.04,0.2057867584435824,,,,1.16000000000008
1cmt_iv__sparse__099,sparse,99,260925099,saemix,1,sigma_prop,0.130579484480869,0.15,-0.12947010346087326,,,,1.16000000000008
